fixture_id,fixture_role,policy_family,source_claim_ids,operational_clean,decision_table_clean,hash_valid,source_claims_known,paired_relation_valid,certificate_status,operational_issues,decision_table_issues
LF_NC_CSP_SELF_01,negative_control,CSP,CL_CSP_03,yes,yes,yes,yes,yes,verified,,
LF_NC_CSP_SELF_01__header_name_casefold,negative_control,CSP,CL_CSP_03,yes,yes,yes,yes,yes,verified,,
LF_NC_CSP_SELF_01__header_order_reverse,negative_control,CSP,CL_CSP_03,yes,yes,yes,yes,yes,verified,,
LF_NC_CSP_SELF_01__directive_whitespace_expand,negative_control,CSP,CL_CSP_03,yes,yes,yes,yes,yes,verified,,
LF_NC_CSP_SELF_02,negative_control,CSP,CL_CSP_03,yes,yes,yes,yes,yes,verified,,
LF_NC_CSP_SELF_02__header_name_casefold,negative_control,CSP,CL_CSP_03,yes,yes,yes,yes,yes,verified,,
LF_NC_CSP_SELF_02__header_order_reverse,negative_control,CSP,CL_CSP_03,yes,yes,yes,yes,yes,verified,,
LF_NC_CSP_SELF_02__directive_whitespace_expand,negative_control,CSP,CL_CSP_03,yes,yes,yes,yes,yes,verified,,
LF_NC_CSP_OVERRIDE_01,negative_control,CSP,CL_CSP_03,yes,yes,yes,yes,yes,verified,,
LF_NC_CSP_OVERRIDE_01__header_name_casefold,negative_control,CSP,CL_CSP_03,yes,yes,yes,yes,yes,verified,,
LF_NC_CSP_OVERRIDE_01__header_order_reverse,negative_control,CSP,CL_CSP_03,yes,yes,yes,yes,yes,verified,,
LF_NC_CSP_OVERRIDE_01__directive_whitespace_expand,negative_control,CSP,CL_CSP_03,yes,yes,yes,yes,yes,verified,,
LF_NC_CSP_OVERRIDE_02,negative_control,CSP,CL_CSP_03,yes,yes,yes,yes,yes,verified,,
LF_NC_CSP_OVERRIDE_02__header_name_casefold,negative_control,CSP,CL_CSP_03,yes,yes,yes,yes,yes,verified,,
LF_NC_CSP_OVERRIDE_02__header_order_reverse,negative_control,CSP,CL_CSP_03,yes,yes,yes,yes,yes,verified,,
LF_NC_CSP_OVERRIDE_02__directive_whitespace_expand,negative_control,CSP,CL_CSP_03,yes,yes,yes,yes,yes,verified,,
LF_NC_CORS_SPECIFIC_01,negative_control,CORS,CL_CORS_02,yes,yes,yes,yes,yes,verified,,
LF_NC_CORS_SPECIFIC_01__header_name_casefold,negative_control,CORS,CL_CORS_02,yes,yes,yes,yes,yes,verified,,
LF_NC_CORS_SPECIFIC_01__header_order_reverse,negative_control,CORS,CL_CORS_02,yes,yes,yes,yes,yes,verified,,
LF_NC_CORS_SPECIFIC_01__directive_whitespace_expand,negative_control,CORS,CL_CORS_02,yes,yes,yes,yes,yes,verified,,
LF_NC_CORS_SPECIFIC_02,negative_control,CORS,CL_CORS_02,yes,yes,yes,yes,yes,verified,,
LF_NC_CORS_SPECIFIC_02__header_name_casefold,negative_control,CORS,CL_CORS_02,yes,yes,yes,yes,yes,verified,,
LF_NC_CORS_SPECIFIC_02__header_order_reverse,negative_control,CORS,CL_CORS_02,yes,yes,yes,yes,yes,verified,,
LF_NC_CORS_SPECIFIC_02__directive_whitespace_expand,negative_control,CORS,CL_CORS_02,yes,yes,yes,yes,yes,verified,,
LF_NC_CORS_WC_OMIT_01,negative_control,CORS,CL_CORS_01,yes,yes,yes,yes,yes,verified,,
LF_NC_CORS_WC_OMIT_01__header_name_casefold,negative_control,CORS,CL_CORS_01,yes,yes,yes,yes,yes,verified,,
LF_NC_CORS_WC_OMIT_01__header_order_reverse,negative_control,CORS,CL_CORS_01,yes,yes,yes,yes,yes,verified,,
LF_NC_CORS_WC_OMIT_01__directive_whitespace_expand,negative_control,CORS,CL_CORS_01,yes,yes,yes,yes,yes,verified,,
LF_NC_CORS_WC_OMIT_02,negative_control,CORS,CL_CORS_01,yes,yes,yes,yes,yes,verified,,
LF_NC_CORS_WC_OMIT_02__header_name_casefold,negative_control,CORS,CL_CORS_01,yes,yes,yes,yes,yes,verified,,
LF_NC_CORS_WC_OMIT_02__header_order_reverse,negative_control,CORS,CL_CORS_01,yes,yes,yes,yes,yes,verified,,
LF_NC_CORS_WC_OMIT_02__directive_whitespace_expand,negative_control,CORS,CL_CORS_01,yes,yes,yes,yes,yes,verified,,
LF_NC_HSTS_HTTPS_01,negative_control,HSTS,CL_HSTS_01,yes,yes,yes,yes,yes,verified,,
LF_NC_HSTS_HTTPS_01__header_name_casefold,negative_control,HSTS,CL_HSTS_01,yes,yes,yes,yes,yes,verified,,
LF_NC_HSTS_HTTPS_01__header_order_reverse,negative_control,HSTS,CL_HSTS_01,yes,yes,yes,yes,yes,verified,,
LF_NC_HSTS_HTTPS_01__directive_whitespace_expand,negative_control,HSTS,CL_HSTS_01,yes,yes,yes,yes,yes,verified,,
LF_NC_HSTS_HTTPS_02,negative_control,HSTS,CL_HSTS_01,yes,yes,yes,yes,yes,verified,,
LF_NC_HSTS_HTTPS_02__header_name_casefold,negative_control,HSTS,CL_HSTS_01,yes,yes,yes,yes,yes,verified,,
LF_NC_HSTS_HTTPS_02__header_order_reverse,negative_control,HSTS,CL_HSTS_01,yes,yes,yes,yes,yes,verified,,
LF_NC_HSTS_HTTPS_02__directive_whitespace_expand,negative_control,HSTS,CL_HSTS_01,yes,yes,yes,yes,yes,verified,,
LF_NC_HSTS_POSITIVE_01,negative_control,HSTS,CL_HSTS_02,yes,yes,yes,yes,yes,verified,,
LF_NC_HSTS_POSITIVE_01__header_name_casefold,negative_control,HSTS,CL_HSTS_02,yes,yes,yes,yes,yes,verified,,
LF_NC_HSTS_POSITIVE_01__header_order_reverse,negative_control,HSTS,CL_HSTS_02,yes,yes,yes,yes,yes,verified,,
LF_NC_HSTS_POSITIVE_01__directive_whitespace_expand,negative_control,HSTS,CL_HSTS_02,yes,yes,yes,yes,yes,verified,,
LF_NC_HSTS_POSITIVE_02,negative_control,HSTS,CL_HSTS_02,yes,yes,yes,yes,yes,verified,,
LF_NC_HSTS_POSITIVE_02__header_name_casefold,negative_control,HSTS,CL_HSTS_02,yes,yes,yes,yes,yes,verified,,
LF_NC_HSTS_POSITIVE_02__header_order_reverse,negative_control,HSTS,CL_HSTS_02,yes,yes,yes,yes,yes,verified,,
LF_NC_HSTS_POSITIVE_02__directive_whitespace_expand,negative_control,HSTS,CL_HSTS_02,yes,yes,yes,yes,yes,verified,,
LF_NC_COEP_CORP_01,negative_control,COEP/CORP/CORS,CL_COEP_01,yes,yes,yes,yes,yes,verified,,
LF_NC_COEP_CORP_01__header_name_casefold,negative_control,COEP/CORP/CORS,CL_COEP_01,yes,yes,yes,yes,yes,verified,,
LF_NC_COEP_CORP_01__header_order_reverse,negative_control,COEP/CORP/CORS,CL_COEP_01,yes,yes,yes,yes,yes,verified,,
LF_NC_COEP_CORP_01__directive_whitespace_expand,negative_control,COEP/CORP/CORS,CL_COEP_01,yes,yes,yes,yes,yes,verified,,
LF_NC_COEP_CORP_02,negative_control,COEP/CORP/CORS,CL_COEP_01,yes,yes,yes,yes,yes,verified,,
LF_NC_COEP_CORP_02__header_name_casefold,negative_control,COEP/CORP/CORS,CL_COEP_01,yes,yes,yes,yes,yes,verified,,
LF_NC_COEP_CORP_02__header_order_reverse,negative_control,COEP/CORP/CORS,CL_COEP_01,yes,yes,yes,yes,yes,verified,,
LF_NC_COEP_CORP_02__directive_whitespace_expand,negative_control,COEP/CORP/CORS,CL_COEP_01,yes,yes,yes,yes,yes,verified,,
LF_NC_COEP_CORS_01,negative_control,COEP/CORP/CORS,CL_COEP_02,yes,yes,yes,yes,yes,verified,,
LF_NC_COEP_CORS_01__header_name_casefold,negative_control,COEP/CORP/CORS,CL_COEP_02,yes,yes,yes,yes,yes,verified,,
LF_NC_COEP_CORS_01__header_order_reverse,negative_control,COEP/CORP/CORS,CL_COEP_02,yes,yes,yes,yes,yes,verified,,
LF_NC_COEP_CORS_01__directive_whitespace_expand,negative_control,COEP/CORP/CORS,CL_COEP_02,yes,yes,yes,yes,yes,verified,,
LF_NC_COEP_CORS_02,negative_control,COEP/CORP/CORS,CL_COEP_02,yes,yes,yes,yes,yes,verified,,
LF_NC_COEP_CORS_02__header_name_casefold,negative_control,COEP/CORP/CORS,CL_COEP_02,yes,yes,yes,yes,yes,verified,,
LF_NC_COEP_CORS_02__header_order_reverse,negative_control,COEP/CORP/CORS,CL_COEP_02,yes,yes,yes,yes,yes,verified,,
LF_NC_COEP_CORS_02__directive_whitespace_expand,negative_control,COEP/CORP/CORS,CL_COEP_02,yes,yes,yes,yes,yes,verified,,
LF_NC_COOP_ISO_01,negative_control,COOP/COEP/Permissions-Policy,CL_COOP_01,yes,yes,yes,yes,yes,verified,,
LF_NC_COOP_ISO_01__header_name_casefold,negative_control,COOP/COEP/Permissions-Policy,CL_COOP_01,yes,yes,yes,yes,yes,verified,,
LF_NC_COOP_ISO_01__header_order_reverse,negative_control,COOP/COEP/Permissions-Policy,CL_COOP_01,yes,yes,yes,yes,yes,verified,,
LF_NC_COOP_ISO_01__directive_whitespace_expand,negative_control,COOP/COEP/Permissions-Policy,CL_COOP_01,yes,yes,yes,yes,yes,verified,,
LF_NC_COOP_ISO_02,negative_control,COOP/COEP/Permissions-Policy,CL_COOP_01,yes,yes,yes,yes,yes,verified,,
LF_NC_COOP_ISO_02__header_name_casefold,negative_control,COOP/COEP/Permissions-Policy,CL_COOP_01,yes,yes,yes,yes,yes,verified,,
LF_NC_COOP_ISO_02__header_order_reverse,negative_control,COOP/COEP/Permissions-Policy,CL_COOP_01,yes,yes,yes,yes,yes,verified,,
LF_NC_COOP_ISO_02__directive_whitespace_expand,negative_control,COOP/COEP/Permissions-Policy,CL_COOP_01,yes,yes,yes,yes,yes,verified,,
LF_NC_PERM_SELF_01,negative_control,Permissions-Policy,CL_PERM_01,yes,yes,yes,yes,yes,verified,,
LF_NC_PERM_SELF_01__header_name_casefold,negative_control,Permissions-Policy,CL_PERM_01,yes,yes,yes,yes,yes,verified,,
LF_NC_PERM_SELF_01__header_order_reverse,negative_control,Permissions-Policy,CL_PERM_01,yes,yes,yes,yes,yes,verified,,
LF_NC_PERM_SELF_01__directive_whitespace_expand,negative_control,Permissions-Policy,CL_PERM_01,yes,yes,yes,yes,yes,verified,,
LF_NC_PERM_SELF_02,negative_control,Permissions-Policy,CL_PERM_01,yes,yes,yes,yes,yes,verified,,
LF_NC_PERM_SELF_02__header_name_casefold,negative_control,Permissions-Policy,CL_PERM_01,yes,yes,yes,yes,yes,verified,,
LF_NC_PERM_SELF_02__header_order_reverse,negative_control,Permissions-Policy,CL_PERM_01,yes,yes,yes,yes,yes,verified,,
LF_NC_PERM_SELF_02__directive_whitespace_expand,negative_control,Permissions-Policy,CL_PERM_01,yes,yes,yes,yes,yes,verified,,
LF_NC_CSP_COMPOSE_ALLOW_01,negative_control,Layered policy composition,CL_CSP_08,yes,yes,yes,yes,yes,verified,,
LF_NC_CSP_COMPOSE_ALLOW_01__header_name_casefold,negative_control,Layered policy composition,CL_CSP_08,yes,yes,yes,yes,yes,verified,,
LF_NC_CSP_COMPOSE_ALLOW_01__header_order_reverse,negative_control,Layered policy composition,CL_CSP_08,yes,yes,yes,yes,yes,verified,,
LF_NC_CSP_COMPOSE_ALLOW_01__directive_whitespace_expand,negative_control,Layered policy composition,CL_CSP_08,yes,yes,yes,yes,yes,verified,,
LF_NC_CSP_COMPOSE_ALLOW_02,negative_control,Layered policy composition,CL_CSP_08,yes,yes,yes,yes,yes,verified,,
LF_NC_CSP_COMPOSE_ALLOW_02__header_name_casefold,negative_control,Layered policy composition,CL_CSP_08,yes,yes,yes,yes,yes,verified,,
LF_NC_CSP_COMPOSE_ALLOW_02__header_order_reverse,negative_control,Layered policy composition,CL_CSP_08,yes,yes,yes,yes,yes,verified,,
LF_NC_CSP_COMPOSE_ALLOW_02__directive_whitespace_expand,negative_control,Layered policy composition,CL_CSP_08,yes,yes,yes,yes,yes,verified,,
LF_NC_LAYER_PRESERVE_01,negative_control,Layered policy composition,CL_LAYER_01,yes,yes,yes,yes,yes,verified,,
LF_NC_LAYER_PRESERVE_01__header_name_casefold,negative_control,Layered policy composition,CL_LAYER_01,yes,yes,yes,yes,yes,verified,,
LF_NC_LAYER_PRESERVE_01__header_order_reverse,negative_control,Layered policy composition,CL_LAYER_01,yes,yes,yes,yes,yes,verified,,
LF_NC_LAYER_PRESERVE_01__directive_whitespace_expand,negative_control,Layered policy composition,CL_LAYER_01,yes,yes,yes,yes,yes,verified,,
LF_NC_LAYER_PRESERVE_02,negative_control,Layered policy composition,CL_LAYER_01,yes,yes,yes,yes,yes,verified,,
LF_NC_LAYER_PRESERVE_02__header_name_casefold,negative_control,Layered policy composition,CL_LAYER_01,yes,yes,yes,yes,yes,verified,,
LF_NC_LAYER_PRESERVE_02__header_order_reverse,negative_control,Layered policy composition,CL_LAYER_01,yes,yes,yes,yes,yes,verified,,
LF_NC_LAYER_PRESERVE_02__directive_whitespace_expand,negative_control,Layered policy composition,CL_LAYER_01,yes,yes,yes,yes,yes,verified,,
LF_NC_CORS_VARY_01,negative_control,CORS/cache,CL_CORS_05,yes,yes,yes,yes,yes,verified,,
LF_NC_CORS_VARY_01__header_name_casefold,negative_control,CORS/cache,CL_CORS_05,yes,yes,yes,yes,yes,verified,,
LF_NC_CORS_VARY_01__header_order_reverse,negative_control,CORS/cache,CL_CORS_05,yes,yes,yes,yes,yes,verified,,
LF_NC_CORS_VARY_01__directive_whitespace_expand,negative_control,CORS/cache,CL_CORS_05,yes,yes,yes,yes,yes,verified,,
LF_NC_CORS_VARY_02,negative_control,CORS/cache,CL_CORS_05,yes,yes,yes,yes,yes,verified,,
LF_NC_CORS_VARY_02__header_name_casefold,negative_control,CORS/cache,CL_CORS_05,yes,yes,yes,yes,yes,verified,,
LF_NC_CORS_VARY_02__header_order_reverse,negative_control,CORS/cache,CL_CORS_05,yes,yes,yes,yes,yes,verified,,
LF_NC_CORS_VARY_02__directive_whitespace_expand,negative_control,CORS/cache,CL_CORS_05,yes,yes,yes,yes,yes,verified,,
LF_NC_HSTS_SUBDOMAIN_01,negative_control,HSTS/framework,CL_HSTS_04,yes,yes,yes,yes,yes,verified,,
LF_NC_HSTS_SUBDOMAIN_01__header_name_casefold,negative_control,HSTS/framework,CL_HSTS_04,yes,yes,yes,yes,yes,verified,,
LF_NC_HSTS_SUBDOMAIN_01__header_order_reverse,negative_control,HSTS/framework,CL_HSTS_04,yes,yes,yes,yes,yes,verified,,
LF_NC_HSTS_SUBDOMAIN_01__directive_whitespace_expand,negative_control,HSTS/framework,CL_HSTS_04,yes,yes,yes,yes,yes,verified,,
LF_NC_HSTS_SUBDOMAIN_02,negative_control,HSTS/framework,CL_HSTS_04,yes,yes,yes,yes,yes,verified,,
LF_NC_HSTS_SUBDOMAIN_02__header_name_casefold,negative_control,HSTS/framework,CL_HSTS_04,yes,yes,yes,yes,yes,verified,,
LF_NC_HSTS_SUBDOMAIN_02__header_order_reverse,negative_control,HSTS/framework,CL_HSTS_04,yes,yes,yes,yes,yes,verified,,
LF_NC_HSTS_SUBDOMAIN_02__directive_whitespace_expand,negative_control,HSTS/framework,CL_HSTS_04,yes,yes,yes,yes,yes,verified,,
AM1_NEG_CSP_ALLOW_01,negative_control,CSP/composition,CL_CSP_03,yes,yes,yes,yes,yes,verified,,
AM1_NEG_CSP_ALLOW_02,negative_control,CSP/composition,CL_CSP_03,yes,yes,yes,yes,yes,verified,,
AM1_NEG_CSP_ALLOW_03,negative_control,CSP/composition,CL_CSP_03,yes,yes,yes,yes,yes,verified,,
AM1_NEG_CSP_ALLOW_04,negative_control,CSP/composition,CL_CSP_03,yes,yes,yes,yes,yes,verified,,
AM1_NEG_CORS_OK_01,negative_control,CORS,CL_CORS_02,yes,yes,yes,yes,yes,verified,,
AM1_NEG_CORS_OK_02,negative_control,CORS,CL_CORS_02,yes,yes,yes,yes,yes,verified,,
AM1_NEG_CORS_OK_03,negative_control,CORS,CL_CORS_02,yes,yes,yes,yes,yes,verified,,
AM1_NEG_CORS_OK_04,negative_control,CORS,CL_CORS_02,yes,yes,yes,yes,yes,verified,,
AM1_NEG_HSTS_PRELOAD_OK_01,negative_control,HSTS/preload,CL_HSTS_05,yes,yes,yes,yes,yes,verified,,
AM1_NEG_HSTS_PRELOAD_OK_02,negative_control,HSTS/preload,CL_HSTS_05,yes,yes,yes,yes,yes,verified,,
AM1_NEG_HSTS_PRELOAD_OK_03,negative_control,HSTS/preload,CL_HSTS_05,yes,yes,yes,yes,yes,verified,,
AM1_NEG_HSTS_PRELOAD_OK_04,negative_control,HSTS/preload,CL_HSTS_05,yes,yes,yes,yes,yes,verified,,
AM1_NEG_CORP_SO_01,negative_control,CORP,CL_COEP_02,yes,yes,yes,yes,yes,verified,,
AM1_NEG_CORP_SO_02,negative_control,CORP,CL_COEP_02,yes,yes,yes,yes,yes,verified,,
AM1_NEG_CORP_SO_03,negative_control,CORP,CL_COEP_02,yes,yes,yes,yes,yes,verified,,
AM1_NEG_CORP_SO_04,negative_control,CORP,CL_COEP_02,yes,yes,yes,yes,yes,verified,,
AM1_NEG_PERM_DENY_01,negative_control,Permissions-Policy,CL_PERM_02,yes,yes,yes,yes,yes,verified,,
AM1_NEG_PERM_DENY_02,negative_control,Permissions-Policy,CL_PERM_02,yes,yes,yes,yes,yes,verified,,
AM1_NEG_PERM_DENY_03,negative_control,Permissions-Policy,CL_PERM_02,yes,yes,yes,yes,yes,verified,,
AM1_NEG_PERM_DENY_04,negative_control,Permissions-Policy,CL_PERM_02,yes,yes,yes,yes,yes,verified,,
AM1_NEG_FRAME_ENFORCED_01,negative_control,CSP/framing,CL_CSP_01,yes,yes,yes,yes,yes,verified,,
AM1_NEG_FRAME_ENFORCED_02,negative_control,CSP/framing,CL_CSP_01,yes,yes,yes,yes,yes,verified,,
AM1_NEG_FRAME_ENFORCED_03,negative_control,CSP/framing,CL_CSP_01,yes,yes,yes,yes,yes,verified,,
AM1_NEG_FRAME_ENFORCED_04,negative_control,CSP/framing,CL_CSP_01,yes,yes,yes,yes,yes,verified,,
LF_CSP_RO_01__repair__paired_negative,paired_repair_negative_control,CSP,CL_CSP_01,yes,yes,yes,yes,yes,verified,,
LF_CSP_RO_01__header_name_casefold__repair__paired_negative,paired_repair_negative_control,CSP,CL_CSP_01,yes,yes,yes,yes,yes,verified,,
LF_CSP_RO_01__header_order_reverse__repair__paired_negative,paired_repair_negative_control,CSP,CL_CSP_01,yes,yes,yes,yes,yes,verified,,
LF_CSP_RO_01__directive_whitespace_expand__repair__paired_negative,paired_repair_negative_control,CSP,CL_CSP_01,yes,yes,yes,yes,yes,verified,,
LF_CSP_RO_02__repair__paired_negative,paired_repair_negative_control,CSP,CL_CSP_01,yes,yes,yes,yes,yes,verified,,
LF_CSP_RO_02__header_name_casefold__repair__paired_negative,paired_repair_negative_control,CSP,CL_CSP_01,yes,yes,yes,yes,yes,verified,,
LF_CSP_RO_02__header_order_reverse__repair__paired_negative,paired_repair_negative_control,CSP,CL_CSP_01,yes,yes,yes,yes,yes,verified,,
LF_CSP_RO_02__directive_whitespace_expand__repair__paired_negative,paired_repair_negative_control,CSP,CL_CSP_01,yes,yes,yes,yes,yes,verified,,
LF_CSP_RO_03__repair__paired_negative,paired_repair_negative_control,CSP,CL_CSP_01,yes,yes,yes,yes,yes,verified,,
LF_CSP_RO_03__header_name_casefold__repair__paired_negative,paired_repair_negative_control,CSP,CL_CSP_01,yes,yes,yes,yes,yes,verified,,
LF_CSP_RO_03__header_order_reverse__repair__paired_negative,paired_repair_negative_control,CSP,CL_CSP_01,yes,yes,yes,yes,yes,verified,,
LF_CSP_RO_03__directive_whitespace_expand__repair__paired_negative,paired_repair_negative_control,CSP,CL_CSP_01,yes,yes,yes,yes,yes,verified,,
LF_CSP_RO_04__repair__paired_negative,paired_repair_negative_control,CSP,CL_CSP_01,yes,yes,yes,yes,yes,verified,,
LF_CSP_RO_04__header_name_casefold__repair__paired_negative,paired_repair_negative_control,CSP,CL_CSP_01,yes,yes,yes,yes,yes,verified,,
LF_CSP_RO_04__header_order_reverse__repair__paired_negative,paired_repair_negative_control,CSP,CL_CSP_01,yes,yes,yes,yes,yes,verified,,
LF_CSP_RO_04__directive_whitespace_expand__repair__paired_negative,paired_repair_negative_control,CSP,CL_CSP_01,yes,yes,yes,yes,yes,verified,,
LF_CSP_RO_05__repair__paired_negative,paired_repair_negative_control,CSP,CL_CSP_01,yes,yes,yes,yes,yes,verified,,
LF_CSP_RO_05__header_name_casefold__repair__paired_negative,paired_repair_negative_control,CSP,CL_CSP_01,yes,yes,yes,yes,yes,verified,,
LF_CSP_RO_05__header_order_reverse__repair__paired_negative,paired_repair_negative_control,CSP,CL_CSP_01,yes,yes,yes,yes,yes,verified,,
LF_CSP_RO_05__directive_whitespace_expand__repair__paired_negative,paired_repair_negative_control,CSP,CL_CSP_01,yes,yes,yes,yes,yes,verified,,
LF_CSP_RO_06__repair__paired_negative,paired_repair_negative_control,CSP,CL_CSP_01,yes,yes,yes,yes,yes,verified,,
LF_CSP_RO_06__header_name_casefold__repair__paired_negative,paired_repair_negative_control,CSP,CL_CSP_01,yes,yes,yes,yes,yes,verified,,
LF_CSP_RO_06__header_order_reverse__repair__paired_negative,paired_repair_negative_control,CSP,CL_CSP_01,yes,yes,yes,yes,yes,verified,,
LF_CSP_RO_06__directive_whitespace_expand__repair__paired_negative,paired_repair_negative_control,CSP,CL_CSP_01,yes,yes,yes,yes,yes,verified,,
LF_CSP_FB_01__repair__paired_negative,paired_repair_negative_control,CSP,CL_CSP_02;CL_CSP_04,yes,yes,yes,yes,yes,verified,,
LF_CSP_FB_01__header_name_casefold__repair__paired_negative,paired_repair_negative_control,CSP,CL_CSP_02;CL_CSP_04,yes,yes,yes,yes,yes,verified,,
LF_CSP_FB_01__header_order_reverse__repair__paired_negative,paired_repair_negative_control,CSP,CL_CSP_02;CL_CSP_04,yes,yes,yes,yes,yes,verified,,
LF_CSP_FB_01__directive_whitespace_expand__repair__paired_negative,paired_repair_negative_control,CSP,CL_CSP_02;CL_CSP_04,yes,yes,yes,yes,yes,verified,,
LF_CSP_FB_02__repair__paired_negative,paired_repair_negative_control,CSP,CL_CSP_02;CL_CSP_04,yes,yes,yes,yes,yes,verified,,
LF_CSP_FB_02__header_name_casefold__repair__paired_negative,paired_repair_negative_control,CSP,CL_CSP_02;CL_CSP_04,yes,yes,yes,yes,yes,verified,,
LF_CSP_FB_02__header_order_reverse__repair__paired_negative,paired_repair_negative_control,CSP,CL_CSP_02;CL_CSP_04,yes,yes,yes,yes,yes,verified,,
LF_CSP_FB_02__directive_whitespace_expand__repair__paired_negative,paired_repair_negative_control,CSP,CL_CSP_02;CL_CSP_04,yes,yes,yes,yes,yes,verified,,
LF_CSP_FB_03__repair__paired_negative,paired_repair_negative_control,CSP,CL_CSP_02;CL_CSP_04,yes,yes,yes,yes,yes,verified,,
LF_CSP_FB_03__header_name_casefold__repair__paired_negative,paired_repair_negative_control,CSP,CL_CSP_02;CL_CSP_04,yes,yes,yes,yes,yes,verified,,
LF_CSP_FB_03__header_order_reverse__repair__paired_negative,paired_repair_negative_control,CSP,CL_CSP_02;CL_CSP_04,yes,yes,yes,yes,yes,verified,,
LF_CSP_FB_03__directive_whitespace_expand__repair__paired_negative,paired_repair_negative_control,CSP,CL_CSP_02;CL_CSP_04,yes,yes,yes,yes,yes,verified,,
LF_CSP_FB_04__repair__paired_negative,paired_repair_negative_control,CSP,CL_CSP_02;CL_CSP_04,yes,yes,yes,yes,yes,verified,,
LF_CSP_FB_04__header_name_casefold__repair__paired_negative,paired_repair_negative_control,CSP,CL_CSP_02;CL_CSP_04,yes,yes,yes,yes,yes,verified,,
LF_CSP_FB_04__header_order_reverse__repair__paired_negative,paired_repair_negative_control,CSP,CL_CSP_02;CL_CSP_04,yes,yes,yes,yes,yes,verified,,
LF_CSP_FB_04__directive_whitespace_expand__repair__paired_negative,paired_repair_negative_control,CSP,CL_CSP_02;CL_CSP_04,yes,yes,yes,yes,yes,verified,,
LF_CSP_FB_05__repair__paired_negative,paired_repair_negative_control,CSP,CL_CSP_02;CL_CSP_04,yes,yes,yes,yes,yes,verified,,
LF_CSP_FB_05__header_name_casefold__repair__paired_negative,paired_repair_negative_control,CSP,CL_CSP_02;CL_CSP_04,yes,yes,yes,yes,yes,verified,,
LF_CSP_FB_05__header_order_reverse__repair__paired_negative,paired_repair_negative_control,CSP,CL_CSP_02;CL_CSP_04,yes,yes,yes,yes,yes,verified,,
LF_CSP_FB_05__directive_whitespace_expand__repair__paired_negative,paired_repair_negative_control,CSP,CL_CSP_02;CL_CSP_04,yes,yes,yes,yes,yes,verified,,
LF_CSP_FB_06__repair__paired_negative,paired_repair_negative_control,CSP,CL_CSP_02;CL_CSP_04,yes,yes,yes,yes,yes,verified,,
LF_CSP_FB_06__header_name_casefold__repair__paired_negative,paired_repair_negative_control,CSP,CL_CSP_02;CL_CSP_04,yes,yes,yes,yes,yes,verified,,
LF_CSP_FB_06__header_order_reverse__repair__paired_negative,paired_repair_negative_control,CSP,CL_CSP_02;CL_CSP_04,yes,yes,yes,yes,yes,verified,,
LF_CSP_FB_06__directive_whitespace_expand__repair__paired_negative,paired_repair_negative_control,CSP,CL_CSP_02;CL_CSP_04,yes,yes,yes,yes,yes,verified,,
LF_CSP_FB_07__repair__paired_negative,paired_repair_negative_control,CSP,CL_CSP_02;CL_CSP_04,yes,yes,yes,yes,yes,verified,,
LF_CSP_FB_07__header_name_casefold__repair__paired_negative,paired_repair_negative_control,CSP,CL_CSP_02;CL_CSP_04,yes,yes,yes,yes,yes,verified,,
LF_CSP_FB_07__header_order_reverse__repair__paired_negative,paired_repair_negative_control,CSP,CL_CSP_02;CL_CSP_04,yes,yes,yes,yes,yes,verified,,
LF_CSP_FB_07__directive_whitespace_expand__repair__paired_negative,paired_repair_negative_control,CSP,CL_CSP_02;CL_CSP_04,yes,yes,yes,yes,yes,verified,,
LF_CSP_FB_08__repair__paired_negative,paired_repair_negative_control,CSP,CL_CSP_02;CL_CSP_04,yes,yes,yes,yes,yes,verified,,
LF_CSP_FB_08__header_name_casefold__repair__paired_negative,paired_repair_negative_control,CSP,CL_CSP_02;CL_CSP_04,yes,yes,yes,yes,yes,verified,,
LF_CSP_FB_08__header_order_reverse__repair__paired_negative,paired_repair_negative_control,CSP,CL_CSP_02;CL_CSP_04,yes,yes,yes,yes,yes,verified,,
LF_CSP_FB_08__directive_whitespace_expand__repair__paired_negative,paired_repair_negative_control,CSP,CL_CSP_02;CL_CSP_04,yes,yes,yes,yes,yes,verified,,
LF_CSP_NONCE_01__repair__paired_negative,paired_repair_negative_control,CSP/framework,CL_CSP_06;CL_NEXT_01;CL_NEXT_02,yes,yes,yes,yes,yes,verified,,
LF_CSP_NONCE_01__header_name_casefold__repair__paired_negative,paired_repair_negative_control,CSP/framework,CL_CSP_06;CL_NEXT_01;CL_NEXT_02,yes,yes,yes,yes,yes,verified,,
LF_CSP_NONCE_01__header_order_reverse__repair__paired_negative,paired_repair_negative_control,CSP/framework,CL_CSP_06;CL_NEXT_01;CL_NEXT_02,yes,yes,yes,yes,yes,verified,,
LF_CSP_NONCE_01__directive_whitespace_expand__repair__paired_negative,paired_repair_negative_control,CSP/framework,CL_CSP_06;CL_NEXT_01;CL_NEXT_02,yes,yes,yes,yes,yes,verified,,
LF_CSP_NONCE_02__repair__paired_negative,paired_repair_negative_control,CSP/framework,CL_CSP_06;CL_NEXT_01;CL_NEXT_02,yes,yes,yes,yes,yes,verified,,
LF_CSP_NONCE_02__header_name_casefold__repair__paired_negative,paired_repair_negative_control,CSP/framework,CL_CSP_06;CL_NEXT_01;CL_NEXT_02,yes,yes,yes,yes,yes,verified,,
LF_CSP_NONCE_02__header_order_reverse__repair__paired_negative,paired_repair_negative_control,CSP/framework,CL_CSP_06;CL_NEXT_01;CL_NEXT_02,yes,yes,yes,yes,yes,verified,,
LF_CSP_NONCE_02__directive_whitespace_expand__repair__paired_negative,paired_repair_negative_control,CSP/framework,CL_CSP_06;CL_NEXT_01;CL_NEXT_02,yes,yes,yes,yes,yes,verified,,
LF_CSP_NONCE_03__repair__paired_negative,paired_repair_negative_control,CSP/framework,CL_CSP_06;CL_NEXT_01;CL_NEXT_02,yes,yes,yes,yes,yes,verified,,
LF_CSP_NONCE_03__header_name_casefold__repair__paired_negative,paired_repair_negative_control,CSP/framework,CL_CSP_06;CL_NEXT_01;CL_NEXT_02,yes,yes,yes,yes,yes,verified,,
LF_CSP_NONCE_03__header_order_reverse__repair__paired_negative,paired_repair_negative_control,CSP/framework,CL_CSP_06;CL_NEXT_01;CL_NEXT_02,yes,yes,yes,yes,yes,verified,,
LF_CSP_NONCE_03__directive_whitespace_expand__repair__paired_negative,paired_repair_negative_control,CSP/framework,CL_CSP_06;CL_NEXT_01;CL_NEXT_02,yes,yes,yes,yes,yes,verified,,
LF_CSP_NONCE_04__repair__paired_negative,paired_repair_negative_control,CSP/framework,CL_CSP_06;CL_NEXT_01;CL_NEXT_02,yes,yes,yes,yes,yes,verified,,
LF_CSP_NONCE_04__header_name_casefold__repair__paired_negative,paired_repair_negative_control,CSP/framework,CL_CSP_06;CL_NEXT_01;CL_NEXT_02,yes,yes,yes,yes,yes,verified,,
LF_CSP_NONCE_04__header_order_reverse__repair__paired_negative,paired_repair_negative_control,CSP/framework,CL_CSP_06;CL_NEXT_01;CL_NEXT_02,yes,yes,yes,yes,yes,verified,,
LF_CSP_NONCE_04__directive_whitespace_expand__repair__paired_negative,paired_repair_negative_control,CSP/framework,CL_CSP_06;CL_NEXT_01;CL_NEXT_02,yes,yes,yes,yes,yes,verified,,
LF_CSP_NONCE_05__repair__paired_negative,paired_repair_negative_control,CSP/framework,CL_CSP_06;CL_NEXT_01;CL_NEXT_02,yes,yes,yes,yes,yes,verified,,
LF_CSP_NONCE_05__header_name_casefold__repair__paired_negative,paired_repair_negative_control,CSP/framework,CL_CSP_06;CL_NEXT_01;CL_NEXT_02,yes,yes,yes,yes,yes,verified,,
LF_CSP_NONCE_05__header_order_reverse__repair__paired_negative,paired_repair_negative_control,CSP/framework,CL_CSP_06;CL_NEXT_01;CL_NEXT_02,yes,yes,yes,yes,yes,verified,,
LF_CSP_NONCE_05__directive_whitespace_expand__repair__paired_negative,paired_repair_negative_control,CSP/framework,CL_CSP_06;CL_NEXT_01;CL_NEXT_02,yes,yes,yes,yes,yes,verified,,
LF_CSP_NONCE_06__repair__paired_negative,paired_repair_negative_control,CSP/framework,CL_CSP_06;CL_NEXT_01;CL_NEXT_02,yes,yes,yes,yes,yes,verified,,
LF_CSP_NONCE_06__header_name_casefold__repair__paired_negative,paired_repair_negative_control,CSP/framework,CL_CSP_06;CL_NEXT_01;CL_NEXT_02,yes,yes,yes,yes,yes,verified,,
LF_CSP_NONCE_06__header_order_reverse__repair__paired_negative,paired_repair_negative_control,CSP/framework,CL_CSP_06;CL_NEXT_01;CL_NEXT_02,yes,yes,yes,yes,yes,verified,,
LF_CSP_NONCE_06__directive_whitespace_expand__repair__paired_negative,paired_repair_negative_control,CSP/framework,CL_CSP_06;CL_NEXT_01;CL_NEXT_02,yes,yes,yes,yes,yes,verified,,
LF_CORS_WC_01__repair__paired_negative,paired_repair_negative_control,CORS,CL_CORS_01,yes,yes,yes,yes,yes,verified,,
LF_CORS_WC_01__header_name_casefold__repair__paired_negative,paired_repair_negative_control,CORS,CL_CORS_01,yes,yes,yes,yes,yes,verified,,
LF_CORS_WC_01__header_order_reverse__repair__paired_negative,paired_repair_negative_control,CORS,CL_CORS_01,yes,yes,yes,yes,yes,verified,,
LF_CORS_WC_01__directive_whitespace_expand__repair__paired_negative,paired_repair_negative_control,CORS,CL_CORS_01,yes,yes,yes,yes,yes,verified,,
LF_CORS_WC_02__repair__paired_negative,paired_repair_negative_control,CORS,CL_CORS_01,yes,yes,yes,yes,yes,verified,,
LF_CORS_WC_02__header_name_casefold__repair__paired_negative,paired_repair_negative_control,CORS,CL_CORS_01,yes,yes,yes,yes,yes,verified,,
LF_CORS_WC_02__header_order_reverse__repair__paired_negative,paired_repair_negative_control,CORS,CL_CORS_01,yes,yes,yes,yes,yes,verified,,
LF_CORS_WC_02__directive_whitespace_expand__repair__paired_negative,paired_repair_negative_control,CORS,CL_CORS_01,yes,yes,yes,yes,yes,verified,,
LF_CORS_WC_03__repair__paired_negative,paired_repair_negative_control,CORS,CL_CORS_01,yes,yes,yes,yes,yes,verified,,
LF_CORS_WC_03__header_name_casefold__repair__paired_negative,paired_repair_negative_control,CORS,CL_CORS_01,yes,yes,yes,yes,yes,verified,,
LF_CORS_WC_03__header_order_reverse__repair__paired_negative,paired_repair_negative_control,CORS,CL_CORS_01,yes,yes,yes,yes,yes,verified,,
LF_CORS_WC_03__directive_whitespace_expand__repair__paired_negative,paired_repair_negative_control,CORS,CL_CORS_01,yes,yes,yes,yes,yes,verified,,
LF_CORS_WC_04__repair__paired_negative,paired_repair_negative_control,CORS,CL_CORS_01,yes,yes,yes,yes,yes,verified,,
LF_CORS_WC_04__header_name_casefold__repair__paired_negative,paired_repair_negative_control,CORS,CL_CORS_01,yes,yes,yes,yes,yes,verified,,
LF_CORS_WC_04__header_order_reverse__repair__paired_negative,paired_repair_negative_control,CORS,CL_CORS_01,yes,yes,yes,yes,yes,verified,,
LF_CORS_WC_04__directive_whitespace_expand__repair__paired_negative,paired_repair_negative_control,CORS,CL_CORS_01,yes,yes,yes,yes,yes,verified,,
LF_CORS_WC_05__repair__paired_negative,paired_repair_negative_control,CORS,CL_CORS_01,yes,yes,yes,yes,yes,verified,,
LF_CORS_WC_05__header_name_casefold__repair__paired_negative,paired_repair_negative_control,CORS,CL_CORS_01,yes,yes,yes,yes,yes,verified,,
LF_CORS_WC_05__header_order_reverse__repair__paired_negative,paired_repair_negative_control,CORS,CL_CORS_01,yes,yes,yes,yes,yes,verified,,
LF_CORS_WC_05__directive_whitespace_expand__repair__paired_negative,paired_repair_negative_control,CORS,CL_CORS_01,yes,yes,yes,yes,yes,verified,,
LF_CORS_WC_06__repair__paired_negative,paired_repair_negative_control,CORS,CL_CORS_01,yes,yes,yes,yes,yes,verified,,
LF_CORS_WC_06__header_name_casefold__repair__paired_negative,paired_repair_negative_control,CORS,CL_CORS_01,yes,yes,yes,yes,yes,verified,,
LF_CORS_WC_06__header_order_reverse__repair__paired_negative,paired_repair_negative_control,CORS,CL_CORS_01,yes,yes,yes,yes,yes,verified,,
LF_CORS_WC_06__directive_whitespace_expand__repair__paired_negative,paired_repair_negative_control,CORS,CL_CORS_01,yes,yes,yes,yes,yes,verified,,
LF_CORS_REFLECT_01__repair__paired_negative,paired_repair_negative_control,CORS/framework,CL_EXPRESS_01;CL_EXPRESS_02,yes,yes,yes,yes,yes,verified,,
LF_CORS_REFLECT_01__header_name_casefold__repair__paired_negative,paired_repair_negative_control,CORS/framework,CL_EXPRESS_01;CL_EXPRESS_02,yes,yes,yes,yes,yes,verified,,
LF_CORS_REFLECT_01__header_order_reverse__repair__paired_negative,paired_repair_negative_control,CORS/framework,CL_EXPRESS_01;CL_EXPRESS_02,yes,yes,yes,yes,yes,verified,,
LF_CORS_REFLECT_01__directive_whitespace_expand__repair__paired_negative,paired_repair_negative_control,CORS/framework,CL_EXPRESS_01;CL_EXPRESS_02,yes,yes,yes,yes,yes,verified,,
LF_CORS_REFLECT_02__repair__paired_negative,paired_repair_negative_control,CORS/framework,CL_EXPRESS_01;CL_EXPRESS_02,yes,yes,yes,yes,yes,verified,,
LF_CORS_REFLECT_02__header_name_casefold__repair__paired_negative,paired_repair_negative_control,CORS/framework,CL_EXPRESS_01;CL_EXPRESS_02,yes,yes,yes,yes,yes,verified,,
LF_CORS_REFLECT_02__header_order_reverse__repair__paired_negative,paired_repair_negative_control,CORS/framework,CL_EXPRESS_01;CL_EXPRESS_02,yes,yes,yes,yes,yes,verified,,
LF_CORS_REFLECT_02__directive_whitespace_expand__repair__paired_negative,paired_repair_negative_control,CORS/framework,CL_EXPRESS_01;CL_EXPRESS_02,yes,yes,yes,yes,yes,verified,,
LF_CORS_REFLECT_03__repair__paired_negative,paired_repair_negative_control,CORS/framework,CL_EXPRESS_01;CL_EXPRESS_02,yes,yes,yes,yes,yes,verified,,
LF_CORS_REFLECT_03__header_name_casefold__repair__paired_negative,paired_repair_negative_control,CORS/framework,CL_EXPRESS_01;CL_EXPRESS_02,yes,yes,yes,yes,yes,verified,,
LF_CORS_REFLECT_03__header_order_reverse__repair__paired_negative,paired_repair_negative_control,CORS/framework,CL_EXPRESS_01;CL_EXPRESS_02,yes,yes,yes,yes,yes,verified,,
LF_CORS_REFLECT_03__directive_whitespace_expand__repair__paired_negative,paired_repair_negative_control,CORS/framework,CL_EXPRESS_01;CL_EXPRESS_02,yes,yes,yes,yes,yes,verified,,
LF_CORS_REFLECT_04__repair__paired_negative,paired_repair_negative_control,CORS/framework,CL_EXPRESS_01;CL_EXPRESS_02,yes,yes,yes,yes,yes,verified,,
LF_CORS_REFLECT_04__header_name_casefold__repair__paired_negative,paired_repair_negative_control,CORS/framework,CL_EXPRESS_01;CL_EXPRESS_02,yes,yes,yes,yes,yes,verified,,
LF_CORS_REFLECT_04__header_order_reverse__repair__paired_negative,paired_repair_negative_control,CORS/framework,CL_EXPRESS_01;CL_EXPRESS_02,yes,yes,yes,yes,yes,verified,,
LF_CORS_REFLECT_04__directive_whitespace_expand__repair__paired_negative,paired_repair_negative_control,CORS/framework,CL_EXPRESS_01;CL_EXPRESS_02,yes,yes,yes,yes,yes,verified,,
LF_CORS_REFLECT_05__repair__paired_negative,paired_repair_negative_control,CORS/framework,CL_EXPRESS_01;CL_EXPRESS_02,yes,yes,yes,yes,yes,verified,,
LF_CORS_REFLECT_05__header_name_casefold__repair__paired_negative,paired_repair_negative_control,CORS/framework,CL_EXPRESS_01;CL_EXPRESS_02,yes,yes,yes,yes,yes,verified,,
LF_CORS_REFLECT_05__header_order_reverse__repair__paired_negative,paired_repair_negative_control,CORS/framework,CL_EXPRESS_01;CL_EXPRESS_02,yes,yes,yes,yes,yes,verified,,
LF_CORS_REFLECT_05__directive_whitespace_expand__repair__paired_negative,paired_repair_negative_control,CORS/framework,CL_EXPRESS_01;CL_EXPRESS_02,yes,yes,yes,yes,yes,verified,,
LF_CORS_REFLECT_06__repair__paired_negative,paired_repair_negative_control,CORS/framework,CL_EXPRESS_01;CL_EXPRESS_02,yes,yes,yes,yes,yes,verified,,
LF_CORS_REFLECT_06__header_name_casefold__repair__paired_negative,paired_repair_negative_control,CORS/framework,CL_EXPRESS_01;CL_EXPRESS_02,yes,yes,yes,yes,yes,verified,,
LF_CORS_REFLECT_06__header_order_reverse__repair__paired_negative,paired_repair_negative_control,CORS/framework,CL_EXPRESS_01;CL_EXPRESS_02,yes,yes,yes,yes,yes,verified,,
LF_CORS_REFLECT_06__directive_whitespace_expand__repair__paired_negative,paired_repair_negative_control,CORS/framework,CL_EXPRESS_01;CL_EXPRESS_02,yes,yes,yes,yes,yes,verified,,
LF_HSTS_HTTP_01__repair__paired_negative,paired_repair_negative_control,HSTS,CL_HSTS_01,yes,yes,yes,yes,yes,verified,,
LF_HSTS_HTTP_01__header_name_casefold__repair__paired_negative,paired_repair_negative_control,HSTS,CL_HSTS_01,yes,yes,yes,yes,yes,verified,,
LF_HSTS_HTTP_01__header_order_reverse__repair__paired_negative,paired_repair_negative_control,HSTS,CL_HSTS_01,yes,yes,yes,yes,yes,verified,,
LF_HSTS_HTTP_01__directive_whitespace_expand__repair__paired_negative,paired_repair_negative_control,HSTS,CL_HSTS_01,yes,yes,yes,yes,yes,verified,,
LF_HSTS_HTTP_02__repair__paired_negative,paired_repair_negative_control,HSTS,CL_HSTS_01,yes,yes,yes,yes,yes,verified,,
LF_HSTS_HTTP_02__header_name_casefold__repair__paired_negative,paired_repair_negative_control,HSTS,CL_HSTS_01,yes,yes,yes,yes,yes,verified,,
LF_HSTS_HTTP_02__header_order_reverse__repair__paired_negative,paired_repair_negative_control,HSTS,CL_HSTS_01,yes,yes,yes,yes,yes,verified,,
LF_HSTS_HTTP_02__directive_whitespace_expand__repair__paired_negative,paired_repair_negative_control,HSTS,CL_HSTS_01,yes,yes,yes,yes,yes,verified,,
LF_HSTS_HTTP_03__repair__paired_negative,paired_repair_negative_control,HSTS,CL_HSTS_01,yes,yes,yes,yes,yes,verified,,
LF_HSTS_HTTP_03__header_name_casefold__repair__paired_negative,paired_repair_negative_control,HSTS,CL_HSTS_01,yes,yes,yes,yes,yes,verified,,
LF_HSTS_HTTP_03__header_order_reverse__repair__paired_negative,paired_repair_negative_control,HSTS,CL_HSTS_01,yes,yes,yes,yes,yes,verified,,
LF_HSTS_HTTP_03__directive_whitespace_expand__repair__paired_negative,paired_repair_negative_control,HSTS,CL_HSTS_01,yes,yes,yes,yes,yes,verified,,
LF_HSTS_HTTP_04__repair__paired_negative,paired_repair_negative_control,HSTS,CL_HSTS_01,yes,yes,yes,yes,yes,verified,,
LF_HSTS_HTTP_04__header_name_casefold__repair__paired_negative,paired_repair_negative_control,HSTS,CL_HSTS_01,yes,yes,yes,yes,yes,verified,,
LF_HSTS_HTTP_04__header_order_reverse__repair__paired_negative,paired_repair_negative_control,HSTS,CL_HSTS_01,yes,yes,yes,yes,yes,verified,,
LF_HSTS_HTTP_04__directive_whitespace_expand__repair__paired_negative,paired_repair_negative_control,HSTS,CL_HSTS_01,yes,yes,yes,yes,yes,verified,,
LF_HSTS_HTTP_05__repair__paired_negative,paired_repair_negative_control,HSTS,CL_HSTS_01,yes,yes,yes,yes,yes,verified,,
LF_HSTS_HTTP_05__header_name_casefold__repair__paired_negative,paired_repair_negative_control,HSTS,CL_HSTS_01,yes,yes,yes,yes,yes,verified,,
LF_HSTS_HTTP_05__header_order_reverse__repair__paired_negative,paired_repair_negative_control,HSTS,CL_HSTS_01,yes,yes,yes,yes,yes,verified,,
LF_HSTS_HTTP_05__directive_whitespace_expand__repair__paired_negative,paired_repair_negative_control,HSTS,CL_HSTS_01,yes,yes,yes,yes,yes,verified,,
LF_HSTS_HTTP_06__repair__paired_negative,paired_repair_negative_control,HSTS,CL_HSTS_01,yes,yes,yes,yes,yes,verified,,
LF_HSTS_HTTP_06__header_name_casefold__repair__paired_negative,paired_repair_negative_control,HSTS,CL_HSTS_01,yes,yes,yes,yes,yes,verified,,
LF_HSTS_HTTP_06__header_order_reverse__repair__paired_negative,paired_repair_negative_control,HSTS,CL_HSTS_01,yes,yes,yes,yes,yes,verified,,
LF_HSTS_HTTP_06__directive_whitespace_expand__repair__paired_negative,paired_repair_negative_control,HSTS,CL_HSTS_01,yes,yes,yes,yes,yes,verified,,
LF_HSTS_ZERO_01__repair__paired_negative,paired_repair_negative_control,HSTS,CL_HSTS_02,yes,yes,yes,yes,yes,verified,,
LF_HSTS_ZERO_01__header_name_casefold__repair__paired_negative,paired_repair_negative_control,HSTS,CL_HSTS_02,yes,yes,yes,yes,yes,verified,,
LF_HSTS_ZERO_01__header_order_reverse__repair__paired_negative,paired_repair_negative_control,HSTS,CL_HSTS_02,yes,yes,yes,yes,yes,verified,,
LF_HSTS_ZERO_01__directive_whitespace_expand__repair__paired_negative,paired_repair_negative_control,HSTS,CL_HSTS_02,yes,yes,yes,yes,yes,verified,,
LF_HSTS_ZERO_02__repair__paired_negative,paired_repair_negative_control,HSTS,CL_HSTS_02,yes,yes,yes,yes,yes,verified,,
LF_HSTS_ZERO_02__header_name_casefold__repair__paired_negative,paired_repair_negative_control,HSTS,CL_HSTS_02,yes,yes,yes,yes,yes,verified,,
LF_HSTS_ZERO_02__header_order_reverse__repair__paired_negative,paired_repair_negative_control,HSTS,CL_HSTS_02,yes,yes,yes,yes,yes,verified,,
LF_HSTS_ZERO_02__directive_whitespace_expand__repair__paired_negative,paired_repair_negative_control,HSTS,CL_HSTS_02,yes,yes,yes,yes,yes,verified,,
LF_HSTS_ZERO_03__repair__paired_negative,paired_repair_negative_control,HSTS,CL_HSTS_02,yes,yes,yes,yes,yes,verified,,
LF_HSTS_ZERO_03__header_name_casefold__repair__paired_negative,paired_repair_negative_control,HSTS,CL_HSTS_02,yes,yes,yes,yes,yes,verified,,
LF_HSTS_ZERO_03__header_order_reverse__repair__paired_negative,paired_repair_negative_control,HSTS,CL_HSTS_02,yes,yes,yes,yes,yes,verified,,
LF_HSTS_ZERO_03__directive_whitespace_expand__repair__paired_negative,paired_repair_negative_control,HSTS,CL_HSTS_02,yes,yes,yes,yes,yes,verified,,
LF_HSTS_ZERO_04__repair__paired_negative,paired_repair_negative_control,HSTS,CL_HSTS_02,yes,yes,yes,yes,yes,verified,,
LF_HSTS_ZERO_04__header_name_casefold__repair__paired_negative,paired_repair_negative_control,HSTS,CL_HSTS_02,yes,yes,yes,yes,yes,verified,,
LF_HSTS_ZERO_04__header_order_reverse__repair__paired_negative,paired_repair_negative_control,HSTS,CL_HSTS_02,yes,yes,yes,yes,yes,verified,,
LF_HSTS_ZERO_04__directive_whitespace_expand__repair__paired_negative,paired_repair_negative_control,HSTS,CL_HSTS_02,yes,yes,yes,yes,yes,verified,,
LF_HSTS_ZERO_05__repair__paired_negative,paired_repair_negative_control,HSTS,CL_HSTS_02,yes,yes,yes,yes,yes,verified,,
LF_HSTS_ZERO_05__header_name_casefold__repair__paired_negative,paired_repair_negative_control,HSTS,CL_HSTS_02,yes,yes,yes,yes,yes,verified,,
LF_HSTS_ZERO_05__header_order_reverse__repair__paired_negative,paired_repair_negative_control,HSTS,CL_HSTS_02,yes,yes,yes,yes,yes,verified,,
LF_HSTS_ZERO_05__directive_whitespace_expand__repair__paired_negative,paired_repair_negative_control,HSTS,CL_HSTS_02,yes,yes,yes,yes,yes,verified,,
LF_HSTS_ZERO_06__repair__paired_negative,paired_repair_negative_control,HSTS,CL_HSTS_02,yes,yes,yes,yes,yes,verified,,
LF_HSTS_ZERO_06__header_name_casefold__repair__paired_negative,paired_repair_negative_control,HSTS,CL_HSTS_02,yes,yes,yes,yes,yes,verified,,
LF_HSTS_ZERO_06__header_order_reverse__repair__paired_negative,paired_repair_negative_control,HSTS,CL_HSTS_02,yes,yes,yes,yes,yes,verified,,
LF_HSTS_ZERO_06__directive_whitespace_expand__repair__paired_negative,paired_repair_negative_control,HSTS,CL_HSTS_02,yes,yes,yes,yes,yes,verified,,
LF_COEP_01__repair__paired_negative,paired_repair_negative_control,COEP/CORP/CORS,CL_COEP_01,yes,yes,yes,yes,yes,verified,,
LF_COEP_01__header_name_casefold__repair__paired_negative,paired_repair_negative_control,COEP/CORP/CORS,CL_COEP_01,yes,yes,yes,yes,yes,verified,,
LF_COEP_01__header_order_reverse__repair__paired_negative,paired_repair_negative_control,COEP/CORP/CORS,CL_COEP_01,yes,yes,yes,yes,yes,verified,,
LF_COEP_01__directive_whitespace_expand__repair__paired_negative,paired_repair_negative_control,COEP/CORP/CORS,CL_COEP_01,yes,yes,yes,yes,yes,verified,,
LF_COEP_02__repair__paired_negative,paired_repair_negative_control,COEP/CORP/CORS,CL_COEP_01,yes,yes,yes,yes,yes,verified,,
LF_COEP_02__header_name_casefold__repair__paired_negative,paired_repair_negative_control,COEP/CORP/CORS,CL_COEP_01,yes,yes,yes,yes,yes,verified,,
LF_COEP_02__header_order_reverse__repair__paired_negative,paired_repair_negative_control,COEP/CORP/CORS,CL_COEP_01,yes,yes,yes,yes,yes,verified,,
LF_COEP_02__directive_whitespace_expand__repair__paired_negative,paired_repair_negative_control,COEP/CORP/CORS,CL_COEP_01,yes,yes,yes,yes,yes,verified,,
LF_COEP_03__repair__paired_negative,paired_repair_negative_control,COEP/CORP/CORS,CL_COEP_01,yes,yes,yes,yes,yes,verified,,
LF_COEP_03__header_name_casefold__repair__paired_negative,paired_repair_negative_control,COEP/CORP/CORS,CL_COEP_01,yes,yes,yes,yes,yes,verified,,
LF_COEP_03__header_order_reverse__repair__paired_negative,paired_repair_negative_control,COEP/CORP/CORS,CL_COEP_01,yes,yes,yes,yes,yes,verified,,
LF_COEP_03__directive_whitespace_expand__repair__paired_negative,paired_repair_negative_control,COEP/CORP/CORS,CL_COEP_01,yes,yes,yes,yes,yes,verified,,
LF_COEP_04__repair__paired_negative,paired_repair_negative_control,COEP/CORP/CORS,CL_COEP_01,yes,yes,yes,yes,yes,verified,,
LF_COEP_04__header_name_casefold__repair__paired_negative,paired_repair_negative_control,COEP/CORP/CORS,CL_COEP_01,yes,yes,yes,yes,yes,verified,,
LF_COEP_04__header_order_reverse__repair__paired_negative,paired_repair_negative_control,COEP/CORP/CORS,CL_COEP_01,yes,yes,yes,yes,yes,verified,,
LF_COEP_04__directive_whitespace_expand__repair__paired_negative,paired_repair_negative_control,COEP/CORP/CORS,CL_COEP_01,yes,yes,yes,yes,yes,verified,,
LF_COEP_05__repair__paired_negative,paired_repair_negative_control,COEP/CORP/CORS,CL_COEP_01,yes,yes,yes,yes,yes,verified,,
LF_COEP_05__header_name_casefold__repair__paired_negative,paired_repair_negative_control,COEP/CORP/CORS,CL_COEP_01,yes,yes,yes,yes,yes,verified,,
LF_COEP_05__header_order_reverse__repair__paired_negative,paired_repair_negative_control,COEP/CORP/CORS,CL_COEP_01,yes,yes,yes,yes,yes,verified,,
LF_COEP_05__directive_whitespace_expand__repair__paired_negative,paired_repair_negative_control,COEP/CORP/CORS,CL_COEP_01,yes,yes,yes,yes,yes,verified,,
LF_COEP_06__repair__paired_negative,paired_repair_negative_control,COEP/CORP/CORS,CL_COEP_01,yes,yes,yes,yes,yes,verified,,
LF_COEP_06__header_name_casefold__repair__paired_negative,paired_repair_negative_control,COEP/CORP/CORS,CL_COEP_01,yes,yes,yes,yes,yes,verified,,
LF_COEP_06__header_order_reverse__repair__paired_negative,paired_repair_negative_control,COEP/CORP/CORS,CL_COEP_01,yes,yes,yes,yes,yes,verified,,
LF_COEP_06__directive_whitespace_expand__repair__paired_negative,paired_repair_negative_control,COEP/CORP/CORS,CL_COEP_01,yes,yes,yes,yes,yes,verified,,
LF_COOP_ISO_01__repair__paired_negative,paired_repair_negative_control,COOP/COEP/Permissions-Policy,CL_COOP_01;CL_COOP_02;CL_PERM_02,yes,yes,yes,yes,yes,verified,,
LF_COOP_ISO_01__header_name_casefold__repair__paired_negative,paired_repair_negative_control,COOP/COEP/Permissions-Policy,CL_COOP_01;CL_COOP_02;CL_PERM_02,yes,yes,yes,yes,yes,verified,,
LF_COOP_ISO_01__header_order_reverse__repair__paired_negative,paired_repair_negative_control,COOP/COEP/Permissions-Policy,CL_COOP_01;CL_COOP_02;CL_PERM_02,yes,yes,yes,yes,yes,verified,,
LF_COOP_ISO_01__directive_whitespace_expand__repair__paired_negative,paired_repair_negative_control,COOP/COEP/Permissions-Policy,CL_COOP_01;CL_COOP_02;CL_PERM_02,yes,yes,yes,yes,yes,verified,,
LF_COOP_ISO_02__repair__paired_negative,paired_repair_negative_control,COOP/COEP/Permissions-Policy,CL_COOP_01;CL_COOP_02;CL_PERM_02,yes,yes,yes,yes,yes,verified,,
LF_COOP_ISO_02__header_name_casefold__repair__paired_negative,paired_repair_negative_control,COOP/COEP/Permissions-Policy,CL_COOP_01;CL_COOP_02;CL_PERM_02,yes,yes,yes,yes,yes,verified,,
LF_COOP_ISO_02__header_order_reverse__repair__paired_negative,paired_repair_negative_control,COOP/COEP/Permissions-Policy,CL_COOP_01;CL_COOP_02;CL_PERM_02,yes,yes,yes,yes,yes,verified,,
LF_COOP_ISO_02__directive_whitespace_expand__repair__paired_negative,paired_repair_negative_control,COOP/COEP/Permissions-Policy,CL_COOP_01;CL_COOP_02;CL_PERM_02,yes,yes,yes,yes,yes,verified,,
LF_COOP_ISO_03__repair__paired_negative,paired_repair_negative_control,COOP/COEP/Permissions-Policy,CL_COOP_01;CL_COOP_02;CL_PERM_02,yes,yes,yes,yes,yes,verified,,
LF_COOP_ISO_03__header_name_casefold__repair__paired_negative,paired_repair_negative_control,COOP/COEP/Permissions-Policy,CL_COOP_01;CL_COOP_02;CL_PERM_02,yes,yes,yes,yes,yes,verified,,
LF_COOP_ISO_03__header_order_reverse__repair__paired_negative,paired_repair_negative_control,COOP/COEP/Permissions-Policy,CL_COOP_01;CL_COOP_02;CL_PERM_02,yes,yes,yes,yes,yes,verified,,
LF_COOP_ISO_03__directive_whitespace_expand__repair__paired_negative,paired_repair_negative_control,COOP/COEP/Permissions-Policy,CL_COOP_01;CL_COOP_02;CL_PERM_02,yes,yes,yes,yes,yes,verified,,
LF_COOP_ISO_04__repair__paired_negative,paired_repair_negative_control,COOP/COEP/Permissions-Policy,CL_COOP_01;CL_COOP_02;CL_PERM_02,yes,yes,yes,yes,yes,verified,,
LF_COOP_ISO_04__header_name_casefold__repair__paired_negative,paired_repair_negative_control,COOP/COEP/Permissions-Policy,CL_COOP_01;CL_COOP_02;CL_PERM_02,yes,yes,yes,yes,yes,verified,,
LF_COOP_ISO_04__header_order_reverse__repair__paired_negative,paired_repair_negative_control,COOP/COEP/Permissions-Policy,CL_COOP_01;CL_COOP_02;CL_PERM_02,yes,yes,yes,yes,yes,verified,,
LF_COOP_ISO_04__directive_whitespace_expand__repair__paired_negative,paired_repair_negative_control,COOP/COEP/Permissions-Policy,CL_COOP_01;CL_COOP_02;CL_PERM_02,yes,yes,yes,yes,yes,verified,,
LF_COOP_ISO_05__repair__paired_negative,paired_repair_negative_control,COOP/COEP/Permissions-Policy,CL_COOP_01;CL_COOP_02;CL_PERM_02,yes,yes,yes,yes,yes,verified,,
LF_COOP_ISO_05__header_name_casefold__repair__paired_negative,paired_repair_negative_control,COOP/COEP/Permissions-Policy,CL_COOP_01;CL_COOP_02;CL_PERM_02,yes,yes,yes,yes,yes,verified,,
LF_COOP_ISO_05__header_order_reverse__repair__paired_negative,paired_repair_negative_control,COOP/COEP/Permissions-Policy,CL_COOP_01;CL_COOP_02;CL_PERM_02,yes,yes,yes,yes,yes,verified,,
LF_COOP_ISO_05__directive_whitespace_expand__repair__paired_negative,paired_repair_negative_control,COOP/COEP/Permissions-Policy,CL_COOP_01;CL_COOP_02;CL_PERM_02,yes,yes,yes,yes,yes,verified,,
LF_COOP_ISO_06__repair__paired_negative,paired_repair_negative_control,COOP/COEP/Permissions-Policy,CL_COOP_01;CL_COOP_02;CL_PERM_02,yes,yes,yes,yes,yes,verified,,
LF_COOP_ISO_06__header_name_casefold__repair__paired_negative,paired_repair_negative_control,COOP/COEP/Permissions-Policy,CL_COOP_01;CL_COOP_02;CL_PERM_02,yes,yes,yes,yes,yes,verified,,
LF_COOP_ISO_06__header_order_reverse__repair__paired_negative,paired_repair_negative_control,COOP/COEP/Permissions-Policy,CL_COOP_01;CL_COOP_02;CL_PERM_02,yes,yes,yes,yes,yes,verified,,
LF_COOP_ISO_06__directive_whitespace_expand__repair__paired_negative,paired_repair_negative_control,COOP/COEP/Permissions-Policy,CL_COOP_01;CL_COOP_02;CL_PERM_02,yes,yes,yes,yes,yes,verified,,
LF_PERM_DISABLED_01__repair__paired_negative,paired_repair_negative_control,Permissions-Policy,CL_PERM_01;CL_PERM_02,yes,yes,yes,yes,yes,verified,,
LF_PERM_DISABLED_01__header_name_casefold__repair__paired_negative,paired_repair_negative_control,Permissions-Policy,CL_PERM_01;CL_PERM_02,yes,yes,yes,yes,yes,verified,,
LF_PERM_DISABLED_01__header_order_reverse__repair__paired_negative,paired_repair_negative_control,Permissions-Policy,CL_PERM_01;CL_PERM_02,yes,yes,yes,yes,yes,verified,,
LF_PERM_DISABLED_01__directive_whitespace_expand__repair__paired_negative,paired_repair_negative_control,Permissions-Policy,CL_PERM_01;CL_PERM_02,yes,yes,yes,yes,yes,verified,,
LF_PERM_DISABLED_02__repair__paired_negative,paired_repair_negative_control,Permissions-Policy,CL_PERM_01;CL_PERM_02,yes,yes,yes,yes,yes,verified,,
LF_PERM_DISABLED_02__header_name_casefold__repair__paired_negative,paired_repair_negative_control,Permissions-Policy,CL_PERM_01;CL_PERM_02,yes,yes,yes,yes,yes,verified,,
LF_PERM_DISABLED_02__header_order_reverse__repair__paired_negative,paired_repair_negative_control,Permissions-Policy,CL_PERM_01;CL_PERM_02,yes,yes,yes,yes,yes,verified,,
LF_PERM_DISABLED_02__directive_whitespace_expand__repair__paired_negative,paired_repair_negative_control,Permissions-Policy,CL_PERM_01;CL_PERM_02,yes,yes,yes,yes,yes,verified,,
LF_PERM_DISABLED_03__repair__paired_negative,paired_repair_negative_control,Permissions-Policy,CL_PERM_01;CL_PERM_02,yes,yes,yes,yes,yes,verified,,
LF_PERM_DISABLED_03__header_name_casefold__repair__paired_negative,paired_repair_negative_control,Permissions-Policy,CL_PERM_01;CL_PERM_02,yes,yes,yes,yes,yes,verified,,
LF_PERM_DISABLED_03__header_order_reverse__repair__paired_negative,paired_repair_negative_control,Permissions-Policy,CL_PERM_01;CL_PERM_02,yes,yes,yes,yes,yes,verified,,
LF_PERM_DISABLED_03__directive_whitespace_expand__repair__paired_negative,paired_repair_negative_control,Permissions-Policy,CL_PERM_01;CL_PERM_02,yes,yes,yes,yes,yes,verified,,
LF_PERM_DISABLED_04__repair__paired_negative,paired_repair_negative_control,Permissions-Policy,CL_PERM_01;CL_PERM_02,yes,yes,yes,yes,yes,verified,,
LF_PERM_DISABLED_04__header_name_casefold__repair__paired_negative,paired_repair_negative_control,Permissions-Policy,CL_PERM_01;CL_PERM_02,yes,yes,yes,yes,yes,verified,,
LF_PERM_DISABLED_04__header_order_reverse__repair__paired_negative,paired_repair_negative_control,Permissions-Policy,CL_PERM_01;CL_PERM_02,yes,yes,yes,yes,yes,verified,,
LF_PERM_DISABLED_04__directive_whitespace_expand__repair__paired_negative,paired_repair_negative_control,Permissions-Policy,CL_PERM_01;CL_PERM_02,yes,yes,yes,yes,yes,verified,,
LF_PERM_DISABLED_05__repair__paired_negative,paired_repair_negative_control,Permissions-Policy,CL_PERM_01;CL_PERM_02,yes,yes,yes,yes,yes,verified,,
LF_PERM_DISABLED_05__header_name_casefold__repair__paired_negative,paired_repair_negative_control,Permissions-Policy,CL_PERM_01;CL_PERM_02,yes,yes,yes,yes,yes,verified,,
LF_PERM_DISABLED_05__header_order_reverse__repair__paired_negative,paired_repair_negative_control,Permissions-Policy,CL_PERM_01;CL_PERM_02,yes,yes,yes,yes,yes,verified,,
LF_PERM_DISABLED_05__directive_whitespace_expand__repair__paired_negative,paired_repair_negative_control,Permissions-Policy,CL_PERM_01;CL_PERM_02,yes,yes,yes,yes,yes,verified,,
LF_PERM_DISABLED_06__repair__paired_negative,paired_repair_negative_control,Permissions-Policy,CL_PERM_01;CL_PERM_02,yes,yes,yes,yes,yes,verified,,
LF_PERM_DISABLED_06__header_name_casefold__repair__paired_negative,paired_repair_negative_control,Permissions-Policy,CL_PERM_01;CL_PERM_02,yes,yes,yes,yes,yes,verified,,
LF_PERM_DISABLED_06__header_order_reverse__repair__paired_negative,paired_repair_negative_control,Permissions-Policy,CL_PERM_01;CL_PERM_02,yes,yes,yes,yes,yes,verified,,
LF_PERM_DISABLED_06__directive_whitespace_expand__repair__paired_negative,paired_repair_negative_control,Permissions-Policy,CL_PERM_01;CL_PERM_02,yes,yes,yes,yes,yes,verified,,
LF_CSP_COMPOSE_01__repair__paired_negative,paired_repair_negative_control,Layered policy composition,CL_CSP_08,yes,yes,yes,yes,yes,verified,,
LF_CSP_COMPOSE_01__header_name_casefold__repair__paired_negative,paired_repair_negative_control,Layered policy composition,CL_CSP_08,yes,yes,yes,yes,yes,verified,,
LF_CSP_COMPOSE_01__header_order_reverse__repair__paired_negative,paired_repair_negative_control,Layered policy composition,CL_CSP_08,yes,yes,yes,yes,yes,verified,,
LF_CSP_COMPOSE_01__directive_whitespace_expand__repair__paired_negative,paired_repair_negative_control,Layered policy composition,CL_CSP_08,yes,yes,yes,yes,yes,verified,,
LF_CSP_COMPOSE_02__repair__paired_negative,paired_repair_negative_control,Layered policy composition,CL_CSP_08,yes,yes,yes,yes,yes,verified,,
LF_CSP_COMPOSE_02__header_name_casefold__repair__paired_negative,paired_repair_negative_control,Layered policy composition,CL_CSP_08,yes,yes,yes,yes,yes,verified,,
LF_CSP_COMPOSE_02__header_order_reverse__repair__paired_negative,paired_repair_negative_control,Layered policy composition,CL_CSP_08,yes,yes,yes,yes,yes,verified,,
LF_CSP_COMPOSE_02__directive_whitespace_expand__repair__paired_negative,paired_repair_negative_control,Layered policy composition,CL_CSP_08,yes,yes,yes,yes,yes,verified,,
LF_CSP_COMPOSE_03__repair__paired_negative,paired_repair_negative_control,Layered policy composition,CL_CSP_08,yes,yes,yes,yes,yes,verified,,
LF_CSP_COMPOSE_03__header_name_casefold__repair__paired_negative,paired_repair_negative_control,Layered policy composition,CL_CSP_08,yes,yes,yes,yes,yes,verified,,
LF_CSP_COMPOSE_03__header_order_reverse__repair__paired_negative,paired_repair_negative_control,Layered policy composition,CL_CSP_08,yes,yes,yes,yes,yes,verified,,
LF_CSP_COMPOSE_03__directive_whitespace_expand__repair__paired_negative,paired_repair_negative_control,Layered policy composition,CL_CSP_08,yes,yes,yes,yes,yes,verified,,
LF_CSP_COMPOSE_04__repair__paired_negative,paired_repair_negative_control,Layered policy composition,CL_CSP_08,yes,yes,yes,yes,yes,verified,,
LF_CSP_COMPOSE_04__header_name_casefold__repair__paired_negative,paired_repair_negative_control,Layered policy composition,CL_CSP_08,yes,yes,yes,yes,yes,verified,,
LF_CSP_COMPOSE_04__header_order_reverse__repair__paired_negative,paired_repair_negative_control,Layered policy composition,CL_CSP_08,yes,yes,yes,yes,yes,verified,,
LF_CSP_COMPOSE_04__directive_whitespace_expand__repair__paired_negative,paired_repair_negative_control,Layered policy composition,CL_CSP_08,yes,yes,yes,yes,yes,verified,,
LF_CSP_COMPOSE_05__repair__paired_negative,paired_repair_negative_control,Layered policy composition,CL_CSP_08,yes,yes,yes,yes,yes,verified,,
LF_CSP_COMPOSE_05__header_name_casefold__repair__paired_negative,paired_repair_negative_control,Layered policy composition,CL_CSP_08,yes,yes,yes,yes,yes,verified,,
LF_CSP_COMPOSE_05__header_order_reverse__repair__paired_negative,paired_repair_negative_control,Layered policy composition,CL_CSP_08,yes,yes,yes,yes,yes,verified,,
LF_CSP_COMPOSE_05__directive_whitespace_expand__repair__paired_negative,paired_repair_negative_control,Layered policy composition,CL_CSP_08,yes,yes,yes,yes,yes,verified,,
LF_CSP_COMPOSE_06__repair__paired_negative,paired_repair_negative_control,Layered policy composition,CL_CSP_08,yes,yes,yes,yes,yes,verified,,
LF_CSP_COMPOSE_06__header_name_casefold__repair__paired_negative,paired_repair_negative_control,Layered policy composition,CL_CSP_08,yes,yes,yes,yes,yes,verified,,
LF_CSP_COMPOSE_06__header_order_reverse__repair__paired_negative,paired_repair_negative_control,Layered policy composition,CL_CSP_08,yes,yes,yes,yes,yes,verified,,
LF_CSP_COMPOSE_06__directive_whitespace_expand__repair__paired_negative,paired_repair_negative_control,Layered policy composition,CL_CSP_08,yes,yes,yes,yes,yes,verified,,
LF_CSP_COMPOSE_07__repair__paired_negative,paired_repair_negative_control,Layered policy composition,CL_CSP_08,yes,yes,yes,yes,yes,verified,,
LF_CSP_COMPOSE_07__header_name_casefold__repair__paired_negative,paired_repair_negative_control,Layered policy composition,CL_CSP_08,yes,yes,yes,yes,yes,verified,,
LF_CSP_COMPOSE_07__header_order_reverse__repair__paired_negative,paired_repair_negative_control,Layered policy composition,CL_CSP_08,yes,yes,yes,yes,yes,verified,,
LF_CSP_COMPOSE_07__directive_whitespace_expand__repair__paired_negative,paired_repair_negative_control,Layered policy composition,CL_CSP_08,yes,yes,yes,yes,yes,verified,,
LF_CSP_COMPOSE_08__repair__paired_negative,paired_repair_negative_control,Layered policy composition,CL_CSP_08,yes,yes,yes,yes,yes,verified,,
LF_CSP_COMPOSE_08__header_name_casefold__repair__paired_negative,paired_repair_negative_control,Layered policy composition,CL_CSP_08,yes,yes,yes,yes,yes,verified,,
LF_CSP_COMPOSE_08__header_order_reverse__repair__paired_negative,paired_repair_negative_control,Layered policy composition,CL_CSP_08,yes,yes,yes,yes,yes,verified,,
LF_CSP_COMPOSE_08__directive_whitespace_expand__repair__paired_negative,paired_repair_negative_control,Layered policy composition,CL_CSP_08,yes,yes,yes,yes,yes,verified,,
LF_LAYER_DROP_01__repair__paired_negative,paired_repair_negative_control,Layered policy composition,CL_LAYER_01;CL_CSP_01,yes,yes,yes,yes,yes,verified,,
LF_LAYER_DROP_01__header_name_casefold__repair__paired_negative,paired_repair_negative_control,Layered policy composition,CL_LAYER_01;CL_CSP_01,yes,yes,yes,yes,yes,verified,,
LF_LAYER_DROP_01__header_order_reverse__repair__paired_negative,paired_repair_negative_control,Layered policy composition,CL_LAYER_01;CL_CSP_01,yes,yes,yes,yes,yes,verified,,
LF_LAYER_DROP_01__directive_whitespace_expand__repair__paired_negative,paired_repair_negative_control,Layered policy composition,CL_LAYER_01;CL_CSP_01,yes,yes,yes,yes,yes,verified,,
LF_LAYER_DROP_02__repair__paired_negative,paired_repair_negative_control,Layered policy composition,CL_LAYER_01;CL_CSP_01,yes,yes,yes,yes,yes,verified,,
LF_LAYER_DROP_02__header_name_casefold__repair__paired_negative,paired_repair_negative_control,Layered policy composition,CL_LAYER_01;CL_CSP_01,yes,yes,yes,yes,yes,verified,,
LF_LAYER_DROP_02__header_order_reverse__repair__paired_negative,paired_repair_negative_control,Layered policy composition,CL_LAYER_01;CL_CSP_01,yes,yes,yes,yes,yes,verified,,
LF_LAYER_DROP_02__directive_whitespace_expand__repair__paired_negative,paired_repair_negative_control,Layered policy composition,CL_LAYER_01;CL_CSP_01,yes,yes,yes,yes,yes,verified,,
LF_LAYER_DROP_03__repair__paired_negative,paired_repair_negative_control,Layered policy composition,CL_LAYER_01;CL_CSP_01,yes,yes,yes,yes,yes,verified,,
LF_LAYER_DROP_03__header_name_casefold__repair__paired_negative,paired_repair_negative_control,Layered policy composition,CL_LAYER_01;CL_CSP_01,yes,yes,yes,yes,yes,verified,,
LF_LAYER_DROP_03__header_order_reverse__repair__paired_negative,paired_repair_negative_control,Layered policy composition,CL_LAYER_01;CL_CSP_01,yes,yes,yes,yes,yes,verified,,
LF_LAYER_DROP_03__directive_whitespace_expand__repair__paired_negative,paired_repair_negative_control,Layered policy composition,CL_LAYER_01;CL_CSP_01,yes,yes,yes,yes,yes,verified,,
LF_LAYER_DROP_04__repair__paired_negative,paired_repair_negative_control,Layered policy composition,CL_LAYER_01;CL_CSP_01,yes,yes,yes,yes,yes,verified,,
LF_LAYER_DROP_04__header_name_casefold__repair__paired_negative,paired_repair_negative_control,Layered policy composition,CL_LAYER_01;CL_CSP_01,yes,yes,yes,yes,yes,verified,,
LF_LAYER_DROP_04__header_order_reverse__repair__paired_negative,paired_repair_negative_control,Layered policy composition,CL_LAYER_01;CL_CSP_01,yes,yes,yes,yes,yes,verified,,
LF_LAYER_DROP_04__directive_whitespace_expand__repair__paired_negative,paired_repair_negative_control,Layered policy composition,CL_LAYER_01;CL_CSP_01,yes,yes,yes,yes,yes,verified,,
LF_LAYER_DROP_05__repair__paired_negative,paired_repair_negative_control,Layered policy composition,CL_LAYER_01;CL_CSP_01,yes,yes,yes,yes,yes,verified,,
LF_LAYER_DROP_05__header_name_casefold__repair__paired_negative,paired_repair_negative_control,Layered policy composition,CL_LAYER_01;CL_CSP_01,yes,yes,yes,yes,yes,verified,,
LF_LAYER_DROP_05__header_order_reverse__repair__paired_negative,paired_repair_negative_control,Layered policy composition,CL_LAYER_01;CL_CSP_01,yes,yes,yes,yes,yes,verified,,
LF_LAYER_DROP_05__directive_whitespace_expand__repair__paired_negative,paired_repair_negative_control,Layered policy composition,CL_LAYER_01;CL_CSP_01,yes,yes,yes,yes,yes,verified,,
LF_LAYER_DROP_06__repair__paired_negative,paired_repair_negative_control,Layered policy composition,CL_LAYER_01;CL_CSP_01,yes,yes,yes,yes,yes,verified,,
LF_LAYER_DROP_06__header_name_casefold__repair__paired_negative,paired_repair_negative_control,Layered policy composition,CL_LAYER_01;CL_CSP_01,yes,yes,yes,yes,yes,verified,,
LF_LAYER_DROP_06__header_order_reverse__repair__paired_negative,paired_repair_negative_control,Layered policy composition,CL_LAYER_01;CL_CSP_01,yes,yes,yes,yes,yes,verified,,
LF_LAYER_DROP_06__directive_whitespace_expand__repair__paired_negative,paired_repair_negative_control,Layered policy composition,CL_LAYER_01;CL_CSP_01,yes,yes,yes,yes,yes,verified,,
LF_CORS_VARY_01__repair__paired_negative,paired_repair_negative_control,CORS/cache,CL_CORS_05,yes,yes,yes,yes,yes,verified,,
LF_CORS_VARY_01__header_name_casefold__repair__paired_negative,paired_repair_negative_control,CORS/cache,CL_CORS_05,yes,yes,yes,yes,yes,verified,,
LF_CORS_VARY_01__header_order_reverse__repair__paired_negative,paired_repair_negative_control,CORS/cache,CL_CORS_05,yes,yes,yes,yes,yes,verified,,
LF_CORS_VARY_01__directive_whitespace_expand__repair__paired_negative,paired_repair_negative_control,CORS/cache,CL_CORS_05,yes,yes,yes,yes,yes,verified,,
LF_CORS_VARY_02__repair__paired_negative,paired_repair_negative_control,CORS/cache,CL_CORS_05,yes,yes,yes,yes,yes,verified,,
LF_CORS_VARY_02__header_name_casefold__repair__paired_negative,paired_repair_negative_control,CORS/cache,CL_CORS_05,yes,yes,yes,yes,yes,verified,,
LF_CORS_VARY_02__header_order_reverse__repair__paired_negative,paired_repair_negative_control,CORS/cache,CL_CORS_05,yes,yes,yes,yes,yes,verified,,
LF_CORS_VARY_02__directive_whitespace_expand__repair__paired_negative,paired_repair_negative_control,CORS/cache,CL_CORS_05,yes,yes,yes,yes,yes,verified,,
LF_CORS_VARY_03__repair__paired_negative,paired_repair_negative_control,CORS/cache,CL_CORS_05,yes,yes,yes,yes,yes,verified,,
LF_CORS_VARY_03__header_name_casefold__repair__paired_negative,paired_repair_negative_control,CORS/cache,CL_CORS_05,yes,yes,yes,yes,yes,verified,,
LF_CORS_VARY_03__header_order_reverse__repair__paired_negative,paired_repair_negative_control,CORS/cache,CL_CORS_05,yes,yes,yes,yes,yes,verified,,
LF_CORS_VARY_03__directive_whitespace_expand__repair__paired_negative,paired_repair_negative_control,CORS/cache,CL_CORS_05,yes,yes,yes,yes,yes,verified,,
LF_CORS_VARY_04__repair__paired_negative,paired_repair_negative_control,CORS/cache,CL_CORS_05,yes,yes,yes,yes,yes,verified,,
LF_CORS_VARY_04__header_name_casefold__repair__paired_negative,paired_repair_negative_control,CORS/cache,CL_CORS_05,yes,yes,yes,yes,yes,verified,,
LF_CORS_VARY_04__header_order_reverse__repair__paired_negative,paired_repair_negative_control,CORS/cache,CL_CORS_05,yes,yes,yes,yes,yes,verified,,
LF_CORS_VARY_04__directive_whitespace_expand__repair__paired_negative,paired_repair_negative_control,CORS/cache,CL_CORS_05,yes,yes,yes,yes,yes,verified,,
LF_CORS_VARY_05__repair__paired_negative,paired_repair_negative_control,CORS/cache,CL_CORS_05,yes,yes,yes,yes,yes,verified,,
LF_CORS_VARY_05__header_name_casefold__repair__paired_negative,paired_repair_negative_control,CORS/cache,CL_CORS_05,yes,yes,yes,yes,yes,verified,,
LF_CORS_VARY_05__header_order_reverse__repair__paired_negative,paired_repair_negative_control,CORS/cache,CL_CORS_05,yes,yes,yes,yes,yes,verified,,
LF_CORS_VARY_05__directive_whitespace_expand__repair__paired_negative,paired_repair_negative_control,CORS/cache,CL_CORS_05,yes,yes,yes,yes,yes,verified,,
LF_CORS_VARY_06__repair__paired_negative,paired_repair_negative_control,CORS/cache,CL_CORS_05,yes,yes,yes,yes,yes,verified,,
LF_CORS_VARY_06__header_name_casefold__repair__paired_negative,paired_repair_negative_control,CORS/cache,CL_CORS_05,yes,yes,yes,yes,yes,verified,,
LF_CORS_VARY_06__header_order_reverse__repair__paired_negative,paired_repair_negative_control,CORS/cache,CL_CORS_05,yes,yes,yes,yes,yes,verified,,
LF_CORS_VARY_06__directive_whitespace_expand__repair__paired_negative,paired_repair_negative_control,CORS/cache,CL_CORS_05,yes,yes,yes,yes,yes,verified,,
LF_HSTS_SUBDOMAIN_01__repair__paired_negative,paired_repair_negative_control,HSTS/framework,CL_HSTS_04,yes,yes,yes,yes,yes,verified,,
LF_HSTS_SUBDOMAIN_01__header_name_casefold__repair__paired_negative,paired_repair_negative_control,HSTS/framework,CL_HSTS_04,yes,yes,yes,yes,yes,verified,,
LF_HSTS_SUBDOMAIN_01__header_order_reverse__repair__paired_negative,paired_repair_negative_control,HSTS/framework,CL_HSTS_04,yes,yes,yes,yes,yes,verified,,
LF_HSTS_SUBDOMAIN_01__directive_whitespace_expand__repair__paired_negative,paired_repair_negative_control,HSTS/framework,CL_HSTS_04,yes,yes,yes,yes,yes,verified,,
LF_HSTS_SUBDOMAIN_02__repair__paired_negative,paired_repair_negative_control,HSTS/framework,CL_HSTS_04,yes,yes,yes,yes,yes,verified,,
LF_HSTS_SUBDOMAIN_02__header_name_casefold__repair__paired_negative,paired_repair_negative_control,HSTS/framework,CL_HSTS_04,yes,yes,yes,yes,yes,verified,,
LF_HSTS_SUBDOMAIN_02__header_order_reverse__repair__paired_negative,paired_repair_negative_control,HSTS/framework,CL_HSTS_04,yes,yes,yes,yes,yes,verified,,
LF_HSTS_SUBDOMAIN_02__directive_whitespace_expand__repair__paired_negative,paired_repair_negative_control,HSTS/framework,CL_HSTS_04,yes,yes,yes,yes,yes,verified,,
LF_HSTS_SUBDOMAIN_03__repair__paired_negative,paired_repair_negative_control,HSTS/framework,CL_HSTS_04,yes,yes,yes,yes,yes,verified,,
LF_HSTS_SUBDOMAIN_03__header_name_casefold__repair__paired_negative,paired_repair_negative_control,HSTS/framework,CL_HSTS_04,yes,yes,yes,yes,yes,verified,,
LF_HSTS_SUBDOMAIN_03__header_order_reverse__repair__paired_negative,paired_repair_negative_control,HSTS/framework,CL_HSTS_04,yes,yes,yes,yes,yes,verified,,
LF_HSTS_SUBDOMAIN_03__directive_whitespace_expand__repair__paired_negative,paired_repair_negative_control,HSTS/framework,CL_HSTS_04,yes,yes,yes,yes,yes,verified,,
LF_HSTS_SUBDOMAIN_04__repair__paired_negative,paired_repair_negative_control,HSTS/framework,CL_HSTS_04,yes,yes,yes,yes,yes,verified,,
LF_HSTS_SUBDOMAIN_04__header_name_casefold__repair__paired_negative,paired_repair_negative_control,HSTS/framework,CL_HSTS_04,yes,yes,yes,yes,yes,verified,,
LF_HSTS_SUBDOMAIN_04__header_order_reverse__repair__paired_negative,paired_repair_negative_control,HSTS/framework,CL_HSTS_04,yes,yes,yes,yes,yes,verified,,
LF_HSTS_SUBDOMAIN_04__directive_whitespace_expand__repair__paired_negative,paired_repair_negative_control,HSTS/framework,CL_HSTS_04,yes,yes,yes,yes,yes,verified,,
LF_HSTS_SUBDOMAIN_05__repair__paired_negative,paired_repair_negative_control,HSTS/framework,CL_HSTS_04,yes,yes,yes,yes,yes,verified,,
LF_HSTS_SUBDOMAIN_05__header_name_casefold__repair__paired_negative,paired_repair_negative_control,HSTS/framework,CL_HSTS_04,yes,yes,yes,yes,yes,verified,,
LF_HSTS_SUBDOMAIN_05__header_order_reverse__repair__paired_negative,paired_repair_negative_control,HSTS/framework,CL_HSTS_04,yes,yes,yes,yes,yes,verified,,
LF_HSTS_SUBDOMAIN_05__directive_whitespace_expand__repair__paired_negative,paired_repair_negative_control,HSTS/framework,CL_HSTS_04,yes,yes,yes,yes,yes,verified,,
LF_HSTS_SUBDOMAIN_06__repair__paired_negative,paired_repair_negative_control,HSTS/framework,CL_HSTS_04,yes,yes,yes,yes,yes,verified,,
LF_HSTS_SUBDOMAIN_06__header_name_casefold__repair__paired_negative,paired_repair_negative_control,HSTS/framework,CL_HSTS_04,yes,yes,yes,yes,yes,verified,,
LF_HSTS_SUBDOMAIN_06__header_order_reverse__repair__paired_negative,paired_repair_negative_control,HSTS/framework,CL_HSTS_04,yes,yes,yes,yes,yes,verified,,
LF_HSTS_SUBDOMAIN_06__directive_whitespace_expand__repair__paired_negative,paired_repair_negative_control,HSTS/framework,CL_HSTS_04,yes,yes,yes,yes,yes,verified,,
AM1_CSP_MULTI_OVERBLOCK_01__repair__paired_negative,paired_repair_negative_control,CSP/composition,CL_CSP_03,yes,yes,yes,yes,yes,verified,,
AM1_CSP_MULTI_OVERBLOCK_02__repair__paired_negative,paired_repair_negative_control,CSP/composition,CL_CSP_03,yes,yes,yes,yes,yes,verified,,
AM1_CSP_MULTI_OVERBLOCK_03__repair__paired_negative,paired_repair_negative_control,CSP/composition,CL_CSP_03,yes,yes,yes,yes,yes,verified,,
AM1_CSP_MULTI_OVERBLOCK_04__repair__paired_negative,paired_repair_negative_control,CSP/composition,CL_CSP_03,yes,yes,yes,yes,yes,verified,,
AM1_CSP_MULTI_OVERBLOCK_05__repair__paired_negative,paired_repair_negative_control,CSP/composition,CL_CSP_03,yes,yes,yes,yes,yes,verified,,
AM1_CSP_MULTI_OVERBLOCK_06__repair__paired_negative,paired_repair_negative_control,CSP/composition,CL_CSP_03,yes,yes,yes,yes,yes,verified,,
AM1_CSP_FRAME_RO_01__repair__paired_negative,paired_repair_negative_control,CSP/framing,CL_CSP_01,yes,yes,yes,yes,yes,verified,,
AM1_CSP_FRAME_RO_02__repair__paired_negative,paired_repair_negative_control,CSP/framing,CL_CSP_01,yes,yes,yes,yes,yes,verified,,
AM1_CSP_FRAME_RO_03__repair__paired_negative,paired_repair_negative_control,CSP/framing,CL_CSP_01,yes,yes,yes,yes,yes,verified,,
AM1_CSP_FRAME_RO_04__repair__paired_negative,paired_repair_negative_control,CSP/framing,CL_CSP_01,yes,yes,yes,yes,yes,verified,,
AM1_CSP_FRAME_RO_05__repair__paired_negative,paired_repair_negative_control,CSP/framing,CL_CSP_01,yes,yes,yes,yes,yes,verified,,
AM1_CSP_FRAME_RO_06__repair__paired_negative,paired_repair_negative_control,CSP/framing,CL_CSP_01,yes,yes,yes,yes,yes,verified,,
AM1_CSP_FRAME_META_01__repair__paired_negative,paired_repair_negative_control,CSP/framing,CL_CSP_01,yes,yes,yes,yes,yes,verified,,
AM1_CSP_FRAME_META_02__repair__paired_negative,paired_repair_negative_control,CSP/framing,CL_CSP_01,yes,yes,yes,yes,yes,verified,,
AM1_CSP_FRAME_META_03__repair__paired_negative,paired_repair_negative_control,CSP/framing,CL_CSP_01,yes,yes,yes,yes,yes,verified,,
AM1_CSP_FRAME_META_04__repair__paired_negative,paired_repair_negative_control,CSP/framing,CL_CSP_01,yes,yes,yes,yes,yes,verified,,
AM1_CSP_FRAME_META_05__repair__paired_negative,paired_repair_negative_control,CSP/framing,CL_CSP_01,yes,yes,yes,yes,yes,verified,,
AM1_CSP_FRAME_META_06__repair__paired_negative,paired_repair_negative_control,CSP/framing,CL_CSP_01,yes,yes,yes,yes,yes,verified,,
AM1_CORS_DUP_ACAO_01__repair__paired_negative,paired_repair_negative_control,CORS,CL_CORS_02,yes,yes,yes,yes,yes,verified,,
AM1_CORS_DUP_ACAO_02__repair__paired_negative,paired_repair_negative_control,CORS,CL_CORS_02,yes,yes,yes,yes,yes,verified,,
AM1_CORS_DUP_ACAO_03__repair__paired_negative,paired_repair_negative_control,CORS,CL_CORS_02,yes,yes,yes,yes,yes,verified,,
AM1_CORS_DUP_ACAO_04__repair__paired_negative,paired_repair_negative_control,CORS,CL_CORS_02,yes,yes,yes,yes,yes,verified,,
AM1_CORS_DUP_ACAO_05__repair__paired_negative,paired_repair_negative_control,CORS,CL_CORS_02,yes,yes,yes,yes,yes,verified,,
AM1_CORS_DUP_ACAO_06__repair__paired_negative,paired_repair_negative_control,CORS,CL_CORS_02,yes,yes,yes,yes,yes,verified,,
AM1_CORS_ACAC_CASE_01__repair__paired_negative,paired_repair_negative_control,CORS,CL_CORS_02,yes,yes,yes,yes,yes,verified,,
AM1_CORS_ACAC_CASE_02__repair__paired_negative,paired_repair_negative_control,CORS,CL_CORS_02,yes,yes,yes,yes,yes,verified,,
AM1_CORS_ACAC_CASE_03__repair__paired_negative,paired_repair_negative_control,CORS,CL_CORS_02,yes,yes,yes,yes,yes,verified,,
AM1_CORS_ACAC_CASE_04__repair__paired_negative,paired_repair_negative_control,CORS,CL_CORS_02,yes,yes,yes,yes,yes,verified,,
AM1_CORS_ACAC_CASE_05__repair__paired_negative,paired_repair_negative_control,CORS,CL_CORS_02,yes,yes,yes,yes,yes,verified,,
AM1_CORS_ACAC_CASE_06__repair__paired_negative,paired_repair_negative_control,CORS,CL_CORS_02,yes,yes,yes,yes,yes,verified,,
AM1_CORS_VARY_01__repair__paired_negative,paired_repair_negative_control,CORS/cache,CL_CORS_03,yes,yes,yes,yes,yes,verified,,
AM1_CORS_VARY_02__repair__paired_negative,paired_repair_negative_control,CORS/cache,CL_CORS_03,yes,yes,yes,yes,yes,verified,,
AM1_CORS_VARY_03__repair__paired_negative,paired_repair_negative_control,CORS/cache,CL_CORS_03,yes,yes,yes,yes,yes,verified,,
AM1_CORS_VARY_04__repair__paired_negative,paired_repair_negative_control,CORS/cache,CL_CORS_03,yes,yes,yes,yes,yes,verified,,
AM1_CORS_VARY_05__repair__paired_negative,paired_repair_negative_control,CORS/cache,CL_CORS_03,yes,yes,yes,yes,yes,verified,,
AM1_CORS_VARY_06__repair__paired_negative,paired_repair_negative_control,CORS/cache,CL_CORS_03,yes,yes,yes,yes,yes,verified,,
AM1_HSTS_INVALID_01__repair__paired_negative,paired_repair_negative_control,HSTS,CL_HSTS_01,yes,yes,yes,yes,yes,verified,,
AM1_HSTS_INVALID_02__repair__paired_negative,paired_repair_negative_control,HSTS,CL_HSTS_01,yes,yes,yes,yes,yes,verified,,
AM1_HSTS_INVALID_03__repair__paired_negative,paired_repair_negative_control,HSTS,CL_HSTS_01,yes,yes,yes,yes,yes,verified,,
AM1_HSTS_INVALID_04__repair__paired_negative,paired_repair_negative_control,HSTS,CL_HSTS_01,yes,yes,yes,yes,yes,verified,,
AM1_HSTS_INVALID_05__repair__paired_negative,paired_repair_negative_control,HSTS,CL_HSTS_01,yes,yes,yes,yes,yes,verified,,
AM1_HSTS_INVALID_06__repair__paired_negative,paired_repair_negative_control,HSTS,CL_HSTS_01,yes,yes,yes,yes,yes,verified,,
AM1_HSTS_SUBDOMAIN_01__repair__paired_negative,paired_repair_negative_control,HSTS/subdomains,CL_HSTS_03,yes,yes,yes,yes,yes,verified,,
AM1_HSTS_SUBDOMAIN_02__repair__paired_negative,paired_repair_negative_control,HSTS/subdomains,CL_HSTS_03,yes,yes,yes,yes,yes,verified,,
AM1_HSTS_SUBDOMAIN_03__repair__paired_negative,paired_repair_negative_control,HSTS/subdomains,CL_HSTS_03,yes,yes,yes,yes,yes,verified,,
AM1_HSTS_SUBDOMAIN_04__repair__paired_negative,paired_repair_negative_control,HSTS/subdomains,CL_HSTS_03,yes,yes,yes,yes,yes,verified,,
AM1_HSTS_SUBDOMAIN_05__repair__paired_negative,paired_repair_negative_control,HSTS/subdomains,CL_HSTS_03,yes,yes,yes,yes,yes,verified,,
AM1_HSTS_SUBDOMAIN_06__repair__paired_negative,paired_repair_negative_control,HSTS/subdomains,CL_HSTS_03,yes,yes,yes,yes,yes,verified,,
AM1_HSTS_PRELOAD_01__repair__paired_negative,paired_repair_negative_control,HSTS/preload,CL_HSTS_05,yes,yes,yes,yes,yes,verified,,
AM1_HSTS_PRELOAD_02__repair__paired_negative,paired_repair_negative_control,HSTS/preload,CL_HSTS_05,yes,yes,yes,yes,yes,verified,,
AM1_HSTS_PRELOAD_03__repair__paired_negative,paired_repair_negative_control,HSTS/preload,CL_HSTS_05,yes,yes,yes,yes,yes,verified,,
AM1_HSTS_PRELOAD_04__repair__paired_negative,paired_repair_negative_control,HSTS/preload,CL_HSTS_05,yes,yes,yes,yes,yes,verified,,
AM1_HSTS_PRELOAD_05__repair__paired_negative,paired_repair_negative_control,HSTS/preload,CL_HSTS_05,yes,yes,yes,yes,yes,verified,,
AM1_HSTS_PRELOAD_06__repair__paired_negative,paired_repair_negative_control,HSTS/preload,CL_HSTS_05,yes,yes,yes,yes,yes,verified,,
AM1_CORP_SAMESITE_01__repair__paired_negative,paired_repair_negative_control,CORP,CL_COEP_02,yes,yes,yes,yes,yes,verified,,
AM1_CORP_SAMESITE_02__repair__paired_negative,paired_repair_negative_control,CORP,CL_COEP_02,yes,yes,yes,yes,yes,verified,,
AM1_CORP_SAMESITE_03__repair__paired_negative,paired_repair_negative_control,CORP,CL_COEP_02,yes,yes,yes,yes,yes,verified,,
AM1_CORP_SAMESITE_04__repair__paired_negative,paired_repair_negative_control,CORP,CL_COEP_02,yes,yes,yes,yes,yes,verified,,
AM1_CORP_SAMESITE_05__repair__paired_negative,paired_repair_negative_control,CORP,CL_COEP_02,yes,yes,yes,yes,yes,verified,,
AM1_CORP_SAMESITE_06__repair__paired_negative,paired_repair_negative_control,CORP,CL_COEP_02,yes,yes,yes,yes,yes,verified,,
AM1_PERM_OVERALLOW_01__repair__paired_negative,paired_repair_negative_control,Permissions-Policy,CL_PERM_02,yes,yes,yes,yes,yes,verified,,
AM1_PERM_OVERALLOW_02__repair__paired_negative,paired_repair_negative_control,Permissions-Policy,CL_PERM_02,yes,yes,yes,yes,yes,verified,,
AM1_PERM_OVERALLOW_03__repair__paired_negative,paired_repair_negative_control,Permissions-Policy,CL_PERM_02,yes,yes,yes,yes,yes,verified,,
AM1_PERM_OVERALLOW_04__repair__paired_negative,paired_repair_negative_control,Permissions-Policy,CL_PERM_02,yes,yes,yes,yes,yes,verified,,
AM1_PERM_OVERALLOW_05__repair__paired_negative,paired_repair_negative_control,Permissions-Policy,CL_PERM_02,yes,yes,yes,yes,yes,verified,,
AM1_PERM_OVERALLOW_06__repair__paired_negative,paired_repair_negative_control,Permissions-Policy,CL_PERM_02,yes,yes,yes,yes,yes,verified,,
