fixture_id,issue,certificate_id,rules,source_claims,decision_table_supports_issue,paired_repair_control_clean,minimality_certificate_ok,repair_obligation_ok,certificate_ok
AM1_CORP_SAMESITE_01,corp_same_site_allows_cross_origin_same_site,PCW-febe60641b7729979cf9,R_COEP_REQUIRE_CORP_NO_CORS,CL_COEP_02,True,True,True,True,True
AM1_CORP_SAMESITE_02,corp_same_site_allows_cross_origin_same_site,PCW-b32e40e7f1fc129c6254,R_COEP_REQUIRE_CORP_NO_CORS,CL_COEP_02,True,True,True,True,True
AM1_CORP_SAMESITE_03,corp_same_site_allows_cross_origin_same_site,PCW-2f66a9dd9846f6d0d9d0,R_COEP_REQUIRE_CORP_NO_CORS,CL_COEP_02,True,True,True,True,True
AM1_CORP_SAMESITE_04,corp_same_site_allows_cross_origin_same_site,PCW-f1b78ae10584b2dddd3c,R_COEP_REQUIRE_CORP_NO_CORS,CL_COEP_02,True,True,True,True,True
AM1_CORP_SAMESITE_05,corp_same_site_allows_cross_origin_same_site,PCW-39c8450667a1d4d18afb,R_COEP_REQUIRE_CORP_NO_CORS,CL_COEP_02,True,True,True,True,True
AM1_CORP_SAMESITE_06,corp_same_site_allows_cross_origin_same_site,PCW-c13b89e21724ebd8fb96,R_COEP_REQUIRE_CORP_NO_CORS,CL_COEP_02,True,True,True,True,True
AM1_CORS_ACAC_CASE_01,cors_acac_case_sensitive_not_shareable,PCW-ff940f4cdb49df2e5517,R_CORS_SPECIFIC_ORIGIN_CREDENTIALS_SHAREABLE,CL_CORS_02,True,True,True,True,True
AM1_CORS_ACAC_CASE_02,cors_acac_case_sensitive_not_shareable,PCW-f52f6ee193bd892d0719,R_CORS_SPECIFIC_ORIGIN_CREDENTIALS_SHAREABLE,CL_CORS_02,True,True,True,True,True
AM1_CORS_ACAC_CASE_03,cors_acac_case_sensitive_not_shareable,PCW-fb0facb4fd8d9fa6b1f2,R_CORS_SPECIFIC_ORIGIN_CREDENTIALS_SHAREABLE,CL_CORS_02,True,True,True,True,True
AM1_CORS_ACAC_CASE_04,cors_acac_case_sensitive_not_shareable,PCW-e35c3879e0e2d6085e2d,R_CORS_SPECIFIC_ORIGIN_CREDENTIALS_SHAREABLE,CL_CORS_02,True,True,True,True,True
AM1_CORS_ACAC_CASE_05,cors_acac_case_sensitive_not_shareable,PCW-069c0a5525bbf6b4f214,R_CORS_SPECIFIC_ORIGIN_CREDENTIALS_SHAREABLE,CL_CORS_02,True,True,True,True,True
AM1_CORS_ACAC_CASE_06,cors_acac_case_sensitive_not_shareable,PCW-41fe01d440d7acc50c17,R_CORS_SPECIFIC_ORIGIN_CREDENTIALS_SHAREABLE,CL_CORS_02,True,True,True,True,True
AM1_CORS_DUP_ACAO_01,cors_duplicate_acao_not_shareable,PCW-d96ebfe33cc27cac666d,R_CORS_SPECIFIC_ORIGIN_CREDENTIALS_SHAREABLE,CL_CORS_02,True,True,True,True,True
AM1_CORS_DUP_ACAO_02,cors_duplicate_acao_not_shareable,PCW-29c78b8d9805c13965a7,R_CORS_SPECIFIC_ORIGIN_CREDENTIALS_SHAREABLE,CL_CORS_02,True,True,True,True,True
AM1_CORS_DUP_ACAO_03,cors_duplicate_acao_not_shareable,PCW-3d3c08631def8b56bae7,R_CORS_SPECIFIC_ORIGIN_CREDENTIALS_SHAREABLE,CL_CORS_02,True,True,True,True,True
AM1_CORS_DUP_ACAO_04,cors_duplicate_acao_not_shareable,PCW-1b7f40f56919c8e650ac,R_CORS_SPECIFIC_ORIGIN_CREDENTIALS_SHAREABLE,CL_CORS_02,True,True,True,True,True
AM1_CORS_DUP_ACAO_05,cors_duplicate_acao_not_shareable,PCW-8deb25a1ba782a698b17,R_CORS_SPECIFIC_ORIGIN_CREDENTIALS_SHAREABLE,CL_CORS_02,True,True,True,True,True
AM1_CORS_DUP_ACAO_06,cors_duplicate_acao_not_shareable,PCW-770b1641d19deab85c4a,R_CORS_SPECIFIC_ORIGIN_CREDENTIALS_SHAREABLE,CL_CORS_02,True,True,True,True,True
AM1_CORS_VARY_01,cors_dynamic_origin_without_vary,PCW-69b513d03e84ac8b227b,R_CORS_DYNAMIC_ACAO_NEEDS_VARY;R_CORS_DYNAMIC_ORIGIN_VARY,CL_CORS_03,True,True,True,True,True
AM1_CORS_VARY_02,cors_dynamic_origin_without_vary,PCW-daa1033ba18761cf9079,R_CORS_DYNAMIC_ACAO_NEEDS_VARY;R_CORS_DYNAMIC_ORIGIN_VARY,CL_CORS_03,True,True,True,True,True
AM1_CORS_VARY_03,cors_dynamic_origin_without_vary,PCW-c19a98142a07fefd192d,R_CORS_DYNAMIC_ACAO_NEEDS_VARY;R_CORS_DYNAMIC_ORIGIN_VARY,CL_CORS_03,True,True,True,True,True
AM1_CORS_VARY_04,cors_dynamic_origin_without_vary,PCW-bdf266e33cf7f8cd7867,R_CORS_DYNAMIC_ACAO_NEEDS_VARY;R_CORS_DYNAMIC_ORIGIN_VARY,CL_CORS_03,True,True,True,True,True
AM1_CORS_VARY_05,cors_dynamic_origin_without_vary,PCW-752675e4340a6d5b8840,R_CORS_DYNAMIC_ACAO_NEEDS_VARY;R_CORS_DYNAMIC_ORIGIN_VARY,CL_CORS_03,True,True,True,True,True
AM1_CORS_VARY_06,cors_dynamic_origin_without_vary,PCW-413aa8b67198dee3b310,R_CORS_DYNAMIC_ACAO_NEEDS_VARY;R_CORS_DYNAMIC_ORIGIN_VARY,CL_CORS_03,True,True,True,True,True
AM1_CSP_FRAME_META_01,csp_frame_ancestors_meta_delivery_unsupported,PCW-7a252e2f3f8f2b17264f,R_CSP_META_REPORT_ONLY_UNSUPPORTED,CL_CSP_01,True,True,True,True,True
AM1_CSP_FRAME_META_02,csp_frame_ancestors_meta_delivery_unsupported,PCW-63c15e5da1d5c68db28b,R_CSP_META_REPORT_ONLY_UNSUPPORTED,CL_CSP_01,True,True,True,True,True
AM1_CSP_FRAME_META_03,csp_frame_ancestors_meta_delivery_unsupported,PCW-f406542bed44cec8df94,R_CSP_META_REPORT_ONLY_UNSUPPORTED,CL_CSP_01,True,True,True,True,True
AM1_CSP_FRAME_META_04,csp_frame_ancestors_meta_delivery_unsupported,PCW-c57914e63ee7ed0021a1,R_CSP_META_REPORT_ONLY_UNSUPPORTED,CL_CSP_01,True,True,True,True,True
AM1_CSP_FRAME_META_05,csp_frame_ancestors_meta_delivery_unsupported,PCW-a6217c5558885a74c55c,R_CSP_META_REPORT_ONLY_UNSUPPORTED,CL_CSP_01,True,True,True,True,True
AM1_CSP_FRAME_META_06,csp_frame_ancestors_meta_delivery_unsupported,PCW-fb84f1b917b699cc32a0,R_CSP_META_REPORT_ONLY_UNSUPPORTED,CL_CSP_01,True,True,True,True,True
AM1_CSP_FRAME_RO_01,csp_frame_ancestors_report_only_not_enforced,PCW-6ea43bc1a5498f5c0f75,R_CSP_REPORT_ONLY_MONITOR;R_CSP_META_REPORT_ONLY_UNSUPPORTED,CL_CSP_01,True,True,True,True,True
AM1_CSP_FRAME_RO_02,csp_frame_ancestors_report_only_not_enforced,PCW-e229c6b7604bf30f3d77,R_CSP_REPORT_ONLY_MONITOR;R_CSP_META_REPORT_ONLY_UNSUPPORTED,CL_CSP_01,True,True,True,True,True
AM1_CSP_FRAME_RO_03,csp_frame_ancestors_report_only_not_enforced,PCW-e5155e8baa4469e43567,R_CSP_REPORT_ONLY_MONITOR;R_CSP_META_REPORT_ONLY_UNSUPPORTED,CL_CSP_01,True,True,True,True,True
AM1_CSP_FRAME_RO_04,csp_frame_ancestors_report_only_not_enforced,PCW-49ef97b6312a381aec0f,R_CSP_REPORT_ONLY_MONITOR;R_CSP_META_REPORT_ONLY_UNSUPPORTED,CL_CSP_01,True,True,True,True,True
AM1_CSP_FRAME_RO_05,csp_frame_ancestors_report_only_not_enforced,PCW-ac0f604b65677aec584e,R_CSP_REPORT_ONLY_MONITOR;R_CSP_META_REPORT_ONLY_UNSUPPORTED,CL_CSP_01,True,True,True,True,True
AM1_CSP_FRAME_RO_06,csp_frame_ancestors_report_only_not_enforced,PCW-e16ac4b101047aad583f,R_CSP_REPORT_ONLY_MONITOR;R_CSP_META_REPORT_ONLY_UNSUPPORTED,CL_CSP_01,True,True,True,True,True
AM1_CSP_MULTI_OVERBLOCK_01,csp_multiple_policy_overblocks_trusted_script,PCW-14c4f9af56cb2c87e919,R_CSP_CONJUNCTIVE_COMPOSITION,CL_CSP_03,True,True,True,True,True
AM1_CSP_MULTI_OVERBLOCK_02,csp_multiple_policy_overblocks_trusted_script,PCW-d543982efb33b1221bc1,R_CSP_CONJUNCTIVE_COMPOSITION,CL_CSP_03,True,True,True,True,True
AM1_CSP_MULTI_OVERBLOCK_03,csp_multiple_policy_overblocks_trusted_script,PCW-41e0a21f798f2f368dca,R_CSP_CONJUNCTIVE_COMPOSITION,CL_CSP_03,True,True,True,True,True
AM1_CSP_MULTI_OVERBLOCK_04,csp_multiple_policy_overblocks_trusted_script,PCW-fbcbef2ed96906984bed,R_CSP_CONJUNCTIVE_COMPOSITION,CL_CSP_03,True,True,True,True,True
AM1_CSP_MULTI_OVERBLOCK_05,csp_multiple_policy_overblocks_trusted_script,PCW-1da67d30a218cd0444de,R_CSP_CONJUNCTIVE_COMPOSITION,CL_CSP_03,True,True,True,True,True
AM1_CSP_MULTI_OVERBLOCK_06,csp_multiple_policy_overblocks_trusted_script,PCW-6d5482b7aafad5e87eee,R_CSP_CONJUNCTIVE_COMPOSITION,CL_CSP_03,True,True,True,True,True
AM1_HSTS_INVALID_01,hsts_invalid_max_age_ignored,PCW-044a8c815b030ef3b67d,R_HSTS_INVALID_HEADER_IGNORED,CL_HSTS_01,True,True,True,True,True
AM1_HSTS_INVALID_02,hsts_invalid_max_age_ignored,PCW-e19f832231537048a91c,R_HSTS_INVALID_HEADER_IGNORED,CL_HSTS_01,True,True,True,True,True
AM1_HSTS_INVALID_03,hsts_invalid_max_age_ignored,PCW-e869b59d106cabf00cf3,R_HSTS_INVALID_HEADER_IGNORED,CL_HSTS_01,True,True,True,True,True
AM1_HSTS_INVALID_04,hsts_invalid_max_age_ignored,PCW-68cb6fdd2e32e7c12cbd,R_HSTS_INVALID_HEADER_IGNORED,CL_HSTS_01,True,True,True,True,True
AM1_HSTS_INVALID_05,hsts_invalid_max_age_ignored,PCW-9079afda2ac351c5648e,R_HSTS_INVALID_HEADER_IGNORED,CL_HSTS_01,True,True,True,True,True
AM1_HSTS_INVALID_06,hsts_invalid_max_age_ignored,PCW-532dc24b043c52dc6ee1,R_HSTS_INVALID_HEADER_IGNORED,CL_HSTS_01,True,True,True,True,True
AM1_HSTS_PRELOAD_01,hsts_preload_criteria_not_met,PCW-d47aa2134eb6b4b99e5d,R_BASELINE_HSTSPRELOAD_SCOPE;R_HSTS_INCLUDE_SUBDOMAINS_SCOPE,CL_HSTS_05,True,True,True,True,True
AM1_HSTS_PRELOAD_02,hsts_preload_criteria_not_met,PCW-51e3957646b172aaee69,R_BASELINE_HSTSPRELOAD_SCOPE;R_HSTS_INCLUDE_SUBDOMAINS_SCOPE,CL_HSTS_05,True,True,True,True,True
AM1_HSTS_PRELOAD_03,hsts_preload_criteria_not_met,PCW-b4b0d511de23de6ec62c,R_BASELINE_HSTSPRELOAD_SCOPE;R_HSTS_INCLUDE_SUBDOMAINS_SCOPE,CL_HSTS_05,True,True,True,True,True
AM1_HSTS_PRELOAD_04,hsts_preload_criteria_not_met,PCW-e24905c3917e375bb40d,R_BASELINE_HSTSPRELOAD_SCOPE;R_HSTS_INCLUDE_SUBDOMAINS_SCOPE,CL_HSTS_05,True,True,True,True,True
AM1_HSTS_PRELOAD_05,hsts_preload_criteria_not_met,PCW-190772fa0ca660885e52,R_BASELINE_HSTSPRELOAD_SCOPE;R_HSTS_INCLUDE_SUBDOMAINS_SCOPE,CL_HSTS_05,True,True,True,True,True
AM1_HSTS_PRELOAD_06,hsts_preload_criteria_not_met,PCW-b2e13e0248e4094a28e1,R_BASELINE_HSTSPRELOAD_SCOPE;R_HSTS_INCLUDE_SUBDOMAINS_SCOPE,CL_HSTS_05,True,True,True,True,True
AM1_HSTS_SUBDOMAIN_01,hsts_missing_include_subdomains,PCW-47773c82ce261c5cdfb2,R_HSTS_INCLUDE_SUBDOMAINS_SCOPE,CL_HSTS_03,True,True,True,True,True
AM1_HSTS_SUBDOMAIN_02,hsts_missing_include_subdomains,PCW-9de05610e3c50881f55b,R_HSTS_INCLUDE_SUBDOMAINS_SCOPE,CL_HSTS_03,True,True,True,True,True
AM1_HSTS_SUBDOMAIN_03,hsts_missing_include_subdomains,PCW-ffd02a31cfd2f80a16b1,R_HSTS_INCLUDE_SUBDOMAINS_SCOPE,CL_HSTS_03,True,True,True,True,True
AM1_HSTS_SUBDOMAIN_04,hsts_missing_include_subdomains,PCW-b6f5a7c3813f0c7fa1b4,R_HSTS_INCLUDE_SUBDOMAINS_SCOPE,CL_HSTS_03,True,True,True,True,True
AM1_HSTS_SUBDOMAIN_05,hsts_missing_include_subdomains,PCW-644cbce6de1dd128f9cc,R_HSTS_INCLUDE_SUBDOMAINS_SCOPE,CL_HSTS_03,True,True,True,True,True
AM1_HSTS_SUBDOMAIN_06,hsts_missing_include_subdomains,PCW-ee8ffb4e14c4e390a47f,R_HSTS_INCLUDE_SUBDOMAINS_SCOPE,CL_HSTS_03,True,True,True,True,True
AM1_PERM_OVERALLOW_01,permissions_policy_feature_overallowed,PCW-4a0bc765c858bdd3533b,R_PERMISSIONS_POLICY_ALLOWLIST,CL_PERM_02,True,True,True,True,True
AM1_PERM_OVERALLOW_02,permissions_policy_feature_overallowed,PCW-e35e39cd8611cb7eff55,R_PERMISSIONS_POLICY_ALLOWLIST,CL_PERM_02,True,True,True,True,True
AM1_PERM_OVERALLOW_03,permissions_policy_feature_overallowed,PCW-5794905face7f5de0818,R_PERMISSIONS_POLICY_ALLOWLIST,CL_PERM_02,True,True,True,True,True
AM1_PERM_OVERALLOW_04,permissions_policy_feature_overallowed,PCW-4871ea5b7d6c0e70b726,R_PERMISSIONS_POLICY_ALLOWLIST,CL_PERM_02,True,True,True,True,True
AM1_PERM_OVERALLOW_05,permissions_policy_feature_overallowed,PCW-471b46f2fc59d612a0c3,R_PERMISSIONS_POLICY_ALLOWLIST,CL_PERM_02,True,True,True,True,True
AM1_PERM_OVERALLOW_06,permissions_policy_feature_overallowed,PCW-db61d5db1d96868c4cf8,R_PERMISSIONS_POLICY_ALLOWLIST,CL_PERM_02,True,True,True,True,True
LF_COEP_01,coep_require_corp_blocks_cross_origin_resource,PCW-050b88384c0553e44944,R_COEP_REQUIRE_CORP_NO_CORS;R_COEP_CORS_MODE_COMPATIBLE,CL_COEP_01,True,True,True,True,True
LF_COEP_01__directive_whitespace_expand,coep_require_corp_blocks_cross_origin_resource,PCW-4eb6d46595faebfd3eb5,R_COEP_REQUIRE_CORP_NO_CORS;R_COEP_CORS_MODE_COMPATIBLE,CL_COEP_01,True,True,True,True,True
LF_COEP_01__header_name_casefold,coep_require_corp_blocks_cross_origin_resource,PCW-fd7a2a09aac911192eef,R_COEP_REQUIRE_CORP_NO_CORS;R_COEP_CORS_MODE_COMPATIBLE,CL_COEP_01,True,True,True,True,True
LF_COEP_01__header_order_reverse,coep_require_corp_blocks_cross_origin_resource,PCW-c8dcf4150993aa35860a,R_COEP_REQUIRE_CORP_NO_CORS;R_COEP_CORS_MODE_COMPATIBLE,CL_COEP_01,True,True,True,True,True
LF_COEP_02,coep_require_corp_blocks_cross_origin_resource,PCW-abab30d18e635483ae5b,R_COEP_REQUIRE_CORP_NO_CORS;R_COEP_CORS_MODE_COMPATIBLE,CL_COEP_01,True,True,True,True,True
LF_COEP_02__directive_whitespace_expand,coep_require_corp_blocks_cross_origin_resource,PCW-c620e165d85c515c0e42,R_COEP_REQUIRE_CORP_NO_CORS;R_COEP_CORS_MODE_COMPATIBLE,CL_COEP_01,True,True,True,True,True
LF_COEP_02__header_name_casefold,coep_require_corp_blocks_cross_origin_resource,PCW-d644e0c38ce7b72558b7,R_COEP_REQUIRE_CORP_NO_CORS;R_COEP_CORS_MODE_COMPATIBLE,CL_COEP_01,True,True,True,True,True
LF_COEP_02__header_order_reverse,coep_require_corp_blocks_cross_origin_resource,PCW-d97e4d23a1c131691425,R_COEP_REQUIRE_CORP_NO_CORS;R_COEP_CORS_MODE_COMPATIBLE,CL_COEP_01,True,True,True,True,True
LF_COEP_03,coep_require_corp_blocks_cross_origin_resource,PCW-e446af6db38595a860d0,R_COEP_REQUIRE_CORP_NO_CORS;R_COEP_CORS_MODE_COMPATIBLE,CL_COEP_01,True,True,True,True,True
LF_COEP_03__directive_whitespace_expand,coep_require_corp_blocks_cross_origin_resource,PCW-3f66a8d0d7ecf928a7c3,R_COEP_REQUIRE_CORP_NO_CORS;R_COEP_CORS_MODE_COMPATIBLE,CL_COEP_01,True,True,True,True,True
LF_COEP_03__header_name_casefold,coep_require_corp_blocks_cross_origin_resource,PCW-6d8f56c2a602a3868f43,R_COEP_REQUIRE_CORP_NO_CORS;R_COEP_CORS_MODE_COMPATIBLE,CL_COEP_01,True,True,True,True,True
LF_COEP_03__header_order_reverse,coep_require_corp_blocks_cross_origin_resource,PCW-9c6f8aca4715bb71ccf5,R_COEP_REQUIRE_CORP_NO_CORS;R_COEP_CORS_MODE_COMPATIBLE,CL_COEP_01,True,True,True,True,True
LF_COEP_04,coep_require_corp_blocks_cross_origin_resource,PCW-7b499f392a9fafac35b6,R_COEP_REQUIRE_CORP_NO_CORS;R_COEP_CORS_MODE_COMPATIBLE,CL_COEP_01,True,True,True,True,True
LF_COEP_04__directive_whitespace_expand,coep_require_corp_blocks_cross_origin_resource,PCW-2bda6766726438f80ddf,R_COEP_REQUIRE_CORP_NO_CORS;R_COEP_CORS_MODE_COMPATIBLE,CL_COEP_01,True,True,True,True,True
LF_COEP_04__header_name_casefold,coep_require_corp_blocks_cross_origin_resource,PCW-fb8101aad58c7a13bcdb,R_COEP_REQUIRE_CORP_NO_CORS;R_COEP_CORS_MODE_COMPATIBLE,CL_COEP_01,True,True,True,True,True
LF_COEP_04__header_order_reverse,coep_require_corp_blocks_cross_origin_resource,PCW-1e615bbeb4502ffa6f62,R_COEP_REQUIRE_CORP_NO_CORS;R_COEP_CORS_MODE_COMPATIBLE,CL_COEP_01,True,True,True,True,True
LF_COEP_05,coep_require_corp_blocks_cross_origin_resource,PCW-e200c9037e640ead7f30,R_COEP_REQUIRE_CORP_NO_CORS;R_COEP_CORS_MODE_COMPATIBLE,CL_COEP_01,True,True,True,True,True
LF_COEP_05__directive_whitespace_expand,coep_require_corp_blocks_cross_origin_resource,PCW-baa10dd2ff3d8cc698d2,R_COEP_REQUIRE_CORP_NO_CORS;R_COEP_CORS_MODE_COMPATIBLE,CL_COEP_01,True,True,True,True,True
LF_COEP_05__header_name_casefold,coep_require_corp_blocks_cross_origin_resource,PCW-231ddb6706aac1177d17,R_COEP_REQUIRE_CORP_NO_CORS;R_COEP_CORS_MODE_COMPATIBLE,CL_COEP_01,True,True,True,True,True
LF_COEP_05__header_order_reverse,coep_require_corp_blocks_cross_origin_resource,PCW-11b255568334e67465d5,R_COEP_REQUIRE_CORP_NO_CORS;R_COEP_CORS_MODE_COMPATIBLE,CL_COEP_01,True,True,True,True,True
LF_COEP_06,coep_require_corp_blocks_cross_origin_resource,PCW-132f3792cd3394bc91ac,R_COEP_REQUIRE_CORP_NO_CORS;R_COEP_CORS_MODE_COMPATIBLE,CL_COEP_01,True,True,True,True,True
LF_COEP_06__directive_whitespace_expand,coep_require_corp_blocks_cross_origin_resource,PCW-6844216fabee9bda79d0,R_COEP_REQUIRE_CORP_NO_CORS;R_COEP_CORS_MODE_COMPATIBLE,CL_COEP_01,True,True,True,True,True
LF_COEP_06__header_name_casefold,coep_require_corp_blocks_cross_origin_resource,PCW-18428267c75530988f50,R_COEP_REQUIRE_CORP_NO_CORS;R_COEP_CORS_MODE_COMPATIBLE,CL_COEP_01,True,True,True,True,True
LF_COEP_06__header_order_reverse,coep_require_corp_blocks_cross_origin_resource,PCW-696e06ad1df1f8161f46,R_COEP_REQUIRE_CORP_NO_CORS;R_COEP_CORS_MODE_COMPATIBLE,CL_COEP_01,True,True,True,True,True
LF_COOP_ISO_01,cross_origin_isolation_incomplete,PCW-b31b2c486394bd9a0a6d,R_COOP_SAME_ORIGIN_FOR_ISOLATION;R_COOP_UNSAFE_NONE_DEFAULT;R_PERMISSIONS_POLICY_EMPTY_DISABLES,CL_COOP_01;CL_COOP_02;CL_PERM_02,True,True,True,True,True
LF_COOP_ISO_01__directive_whitespace_expand,cross_origin_isolation_incomplete,PCW-4ebe695c1f52a9efcac2,R_COOP_SAME_ORIGIN_FOR_ISOLATION;R_COOP_UNSAFE_NONE_DEFAULT;R_PERMISSIONS_POLICY_EMPTY_DISABLES,CL_COOP_01;CL_COOP_02;CL_PERM_02,True,True,True,True,True
LF_COOP_ISO_01__header_name_casefold,cross_origin_isolation_incomplete,PCW-6469841572fb26eab70c,R_COOP_SAME_ORIGIN_FOR_ISOLATION;R_COOP_UNSAFE_NONE_DEFAULT;R_PERMISSIONS_POLICY_EMPTY_DISABLES,CL_COOP_01;CL_COOP_02;CL_PERM_02,True,True,True,True,True
LF_COOP_ISO_01__header_order_reverse,cross_origin_isolation_incomplete,PCW-e4722e5ced7e3efdd474,R_COOP_SAME_ORIGIN_FOR_ISOLATION;R_COOP_UNSAFE_NONE_DEFAULT;R_PERMISSIONS_POLICY_EMPTY_DISABLES,CL_COOP_01;CL_COOP_02;CL_PERM_02,True,True,True,True,True
LF_COOP_ISO_02,cross_origin_isolation_incomplete,PCW-8527feb2da6195f87dbb,R_COOP_SAME_ORIGIN_FOR_ISOLATION;R_COOP_UNSAFE_NONE_DEFAULT;R_PERMISSIONS_POLICY_EMPTY_DISABLES,CL_COOP_01;CL_COOP_02;CL_PERM_02,True,True,True,True,True
LF_COOP_ISO_02__directive_whitespace_expand,cross_origin_isolation_incomplete,PCW-23d8da220a25a8781f1f,R_COOP_SAME_ORIGIN_FOR_ISOLATION;R_COOP_UNSAFE_NONE_DEFAULT;R_PERMISSIONS_POLICY_EMPTY_DISABLES,CL_COOP_01;CL_COOP_02;CL_PERM_02,True,True,True,True,True
LF_COOP_ISO_02__header_name_casefold,cross_origin_isolation_incomplete,PCW-d8fd84203028a86a31c9,R_COOP_SAME_ORIGIN_FOR_ISOLATION;R_COOP_UNSAFE_NONE_DEFAULT;R_PERMISSIONS_POLICY_EMPTY_DISABLES,CL_COOP_01;CL_COOP_02;CL_PERM_02,True,True,True,True,True
LF_COOP_ISO_02__header_order_reverse,cross_origin_isolation_incomplete,PCW-fa9924f7527ff6ea5f43,R_COOP_SAME_ORIGIN_FOR_ISOLATION;R_COOP_UNSAFE_NONE_DEFAULT;R_PERMISSIONS_POLICY_EMPTY_DISABLES,CL_COOP_01;CL_COOP_02;CL_PERM_02,True,True,True,True,True
LF_COOP_ISO_03,cross_origin_isolation_incomplete,PCW-c8978e14e02185590446,R_COOP_SAME_ORIGIN_FOR_ISOLATION;R_COOP_UNSAFE_NONE_DEFAULT;R_PERMISSIONS_POLICY_EMPTY_DISABLES,CL_COOP_01;CL_COOP_02;CL_PERM_02,True,True,True,True,True
LF_COOP_ISO_03__directive_whitespace_expand,cross_origin_isolation_incomplete,PCW-2e7bcf60218431e4b89a,R_COOP_SAME_ORIGIN_FOR_ISOLATION;R_COOP_UNSAFE_NONE_DEFAULT;R_PERMISSIONS_POLICY_EMPTY_DISABLES,CL_COOP_01;CL_COOP_02;CL_PERM_02,True,True,True,True,True
LF_COOP_ISO_03__header_name_casefold,cross_origin_isolation_incomplete,PCW-01ef4a89e861fbea26e2,R_COOP_SAME_ORIGIN_FOR_ISOLATION;R_COOP_UNSAFE_NONE_DEFAULT;R_PERMISSIONS_POLICY_EMPTY_DISABLES,CL_COOP_01;CL_COOP_02;CL_PERM_02,True,True,True,True,True
LF_COOP_ISO_03__header_order_reverse,cross_origin_isolation_incomplete,PCW-3e0ca385a0dc486e7eba,R_COOP_SAME_ORIGIN_FOR_ISOLATION;R_COOP_UNSAFE_NONE_DEFAULT;R_PERMISSIONS_POLICY_EMPTY_DISABLES,CL_COOP_01;CL_COOP_02;CL_PERM_02,True,True,True,True,True
LF_COOP_ISO_04,cross_origin_isolation_incomplete,PCW-0a14e0c988748e63d91f,R_COOP_SAME_ORIGIN_FOR_ISOLATION;R_COOP_UNSAFE_NONE_DEFAULT;R_PERMISSIONS_POLICY_EMPTY_DISABLES,CL_COOP_01;CL_COOP_02;CL_PERM_02,True,True,True,True,True
LF_COOP_ISO_04__directive_whitespace_expand,cross_origin_isolation_incomplete,PCW-2640cd0e47e902d8b86f,R_COOP_SAME_ORIGIN_FOR_ISOLATION;R_COOP_UNSAFE_NONE_DEFAULT;R_PERMISSIONS_POLICY_EMPTY_DISABLES,CL_COOP_01;CL_COOP_02;CL_PERM_02,True,True,True,True,True
LF_COOP_ISO_04__header_name_casefold,cross_origin_isolation_incomplete,PCW-dd686bd479eefbdfaa08,R_COOP_SAME_ORIGIN_FOR_ISOLATION;R_COOP_UNSAFE_NONE_DEFAULT;R_PERMISSIONS_POLICY_EMPTY_DISABLES,CL_COOP_01;CL_COOP_02;CL_PERM_02,True,True,True,True,True
LF_COOP_ISO_04__header_order_reverse,cross_origin_isolation_incomplete,PCW-59cce5e1a776e97800c7,R_COOP_SAME_ORIGIN_FOR_ISOLATION;R_COOP_UNSAFE_NONE_DEFAULT;R_PERMISSIONS_POLICY_EMPTY_DISABLES,CL_COOP_01;CL_COOP_02;CL_PERM_02,True,True,True,True,True
LF_COOP_ISO_05,cross_origin_isolation_incomplete,PCW-301338e87e08d81ffefd,R_COOP_SAME_ORIGIN_FOR_ISOLATION;R_COOP_UNSAFE_NONE_DEFAULT;R_PERMISSIONS_POLICY_EMPTY_DISABLES,CL_COOP_01;CL_COOP_02;CL_PERM_02,True,True,True,True,True
LF_COOP_ISO_05__directive_whitespace_expand,cross_origin_isolation_incomplete,PCW-adc3d6d67e700e60d1b0,R_COOP_SAME_ORIGIN_FOR_ISOLATION;R_COOP_UNSAFE_NONE_DEFAULT;R_PERMISSIONS_POLICY_EMPTY_DISABLES,CL_COOP_01;CL_COOP_02;CL_PERM_02,True,True,True,True,True
LF_COOP_ISO_05__header_name_casefold,cross_origin_isolation_incomplete,PCW-4c09208297c50a69cc88,R_COOP_SAME_ORIGIN_FOR_ISOLATION;R_COOP_UNSAFE_NONE_DEFAULT;R_PERMISSIONS_POLICY_EMPTY_DISABLES,CL_COOP_01;CL_COOP_02;CL_PERM_02,True,True,True,True,True
LF_COOP_ISO_05__header_order_reverse,cross_origin_isolation_incomplete,PCW-bcaea76bc1e25d366b5e,R_COOP_SAME_ORIGIN_FOR_ISOLATION;R_COOP_UNSAFE_NONE_DEFAULT;R_PERMISSIONS_POLICY_EMPTY_DISABLES,CL_COOP_01;CL_COOP_02;CL_PERM_02,True,True,True,True,True
LF_COOP_ISO_06,cross_origin_isolation_incomplete,PCW-76bd87ff949b42658ddd,R_COOP_SAME_ORIGIN_FOR_ISOLATION;R_COOP_UNSAFE_NONE_DEFAULT;R_PERMISSIONS_POLICY_EMPTY_DISABLES,CL_COOP_01;CL_COOP_02;CL_PERM_02,True,True,True,True,True
LF_COOP_ISO_06__directive_whitespace_expand,cross_origin_isolation_incomplete,PCW-7336252b24b87e260e6d,R_COOP_SAME_ORIGIN_FOR_ISOLATION;R_COOP_UNSAFE_NONE_DEFAULT;R_PERMISSIONS_POLICY_EMPTY_DISABLES,CL_COOP_01;CL_COOP_02;CL_PERM_02,True,True,True,True,True
LF_COOP_ISO_06__header_name_casefold,cross_origin_isolation_incomplete,PCW-34640cbbb3bb3d6fc437,R_COOP_SAME_ORIGIN_FOR_ISOLATION;R_COOP_UNSAFE_NONE_DEFAULT;R_PERMISSIONS_POLICY_EMPTY_DISABLES,CL_COOP_01;CL_COOP_02;CL_PERM_02,True,True,True,True,True
LF_COOP_ISO_06__header_order_reverse,cross_origin_isolation_incomplete,PCW-82b46a14671b72fac958,R_COOP_SAME_ORIGIN_FOR_ISOLATION;R_COOP_UNSAFE_NONE_DEFAULT;R_PERMISSIONS_POLICY_EMPTY_DISABLES,CL_COOP_01;CL_COOP_02;CL_PERM_02,True,True,True,True,True
LF_CORS_REFLECT_01,cors_reflected_origin_with_credentials,PCW-2edce48aec8f0ab10dfb,R_EXPRESS_CORS_REFLECT_ORIGIN,CL_EXPRESS_01;CL_EXPRESS_02,True,True,True,True,True
LF_CORS_REFLECT_01__directive_whitespace_expand,cors_reflected_origin_with_credentials,PCW-2d0787a86f90da688b07,R_EXPRESS_CORS_REFLECT_ORIGIN,CL_EXPRESS_01;CL_EXPRESS_02,True,True,True,True,True
LF_CORS_REFLECT_01__header_name_casefold,cors_reflected_origin_with_credentials,PCW-1b2714e5ededaa300c83,R_EXPRESS_CORS_REFLECT_ORIGIN,CL_EXPRESS_01;CL_EXPRESS_02,True,True,True,True,True
LF_CORS_REFLECT_01__header_order_reverse,cors_reflected_origin_with_credentials,PCW-cdcaa1d695da8259a9b7,R_EXPRESS_CORS_REFLECT_ORIGIN,CL_EXPRESS_01;CL_EXPRESS_02,True,True,True,True,True
LF_CORS_REFLECT_02,cors_reflected_origin_with_credentials,PCW-4460407e876a01b5e294,R_EXPRESS_CORS_REFLECT_ORIGIN,CL_EXPRESS_01;CL_EXPRESS_02,True,True,True,True,True
LF_CORS_REFLECT_02__directive_whitespace_expand,cors_reflected_origin_with_credentials,PCW-d3fb2c952c85ac4db1b8,R_EXPRESS_CORS_REFLECT_ORIGIN,CL_EXPRESS_01;CL_EXPRESS_02,True,True,True,True,True
LF_CORS_REFLECT_02__header_name_casefold,cors_reflected_origin_with_credentials,PCW-22be55916ca4b374a8a7,R_EXPRESS_CORS_REFLECT_ORIGIN,CL_EXPRESS_01;CL_EXPRESS_02,True,True,True,True,True
LF_CORS_REFLECT_02__header_order_reverse,cors_reflected_origin_with_credentials,PCW-85ae4f92faec8ea57b12,R_EXPRESS_CORS_REFLECT_ORIGIN,CL_EXPRESS_01;CL_EXPRESS_02,True,True,True,True,True
LF_CORS_REFLECT_03,cors_reflected_origin_with_credentials,PCW-9cdf6f38c3e5c21a0241,R_EXPRESS_CORS_REFLECT_ORIGIN,CL_EXPRESS_01;CL_EXPRESS_02,True,True,True,True,True
LF_CORS_REFLECT_03__directive_whitespace_expand,cors_reflected_origin_with_credentials,PCW-2d9e5857807333681f85,R_EXPRESS_CORS_REFLECT_ORIGIN,CL_EXPRESS_01;CL_EXPRESS_02,True,True,True,True,True
LF_CORS_REFLECT_03__header_name_casefold,cors_reflected_origin_with_credentials,PCW-6be2333f8f2efb3065d9,R_EXPRESS_CORS_REFLECT_ORIGIN,CL_EXPRESS_01;CL_EXPRESS_02,True,True,True,True,True
LF_CORS_REFLECT_03__header_order_reverse,cors_reflected_origin_with_credentials,PCW-5c28e2fd1a570d1e5f4e,R_EXPRESS_CORS_REFLECT_ORIGIN,CL_EXPRESS_01;CL_EXPRESS_02,True,True,True,True,True
LF_CORS_REFLECT_04,cors_reflected_origin_with_credentials,PCW-f288f1bf710f13cf0dd6,R_EXPRESS_CORS_REFLECT_ORIGIN,CL_EXPRESS_01;CL_EXPRESS_02,True,True,True,True,True
LF_CORS_REFLECT_04__directive_whitespace_expand,cors_reflected_origin_with_credentials,PCW-701b8aea9d87bf6c8bc1,R_EXPRESS_CORS_REFLECT_ORIGIN,CL_EXPRESS_01;CL_EXPRESS_02,True,True,True,True,True
LF_CORS_REFLECT_04__header_name_casefold,cors_reflected_origin_with_credentials,PCW-885e487be1e33bc7b6d4,R_EXPRESS_CORS_REFLECT_ORIGIN,CL_EXPRESS_01;CL_EXPRESS_02,True,True,True,True,True
LF_CORS_REFLECT_04__header_order_reverse,cors_reflected_origin_with_credentials,PCW-1abf3edae577294d5e96,R_EXPRESS_CORS_REFLECT_ORIGIN,CL_EXPRESS_01;CL_EXPRESS_02,True,True,True,True,True
LF_CORS_REFLECT_05,cors_reflected_origin_with_credentials,PCW-66b97865e28247f6cb54,R_EXPRESS_CORS_REFLECT_ORIGIN,CL_EXPRESS_01;CL_EXPRESS_02,True,True,True,True,True
LF_CORS_REFLECT_05__directive_whitespace_expand,cors_reflected_origin_with_credentials,PCW-37a2a588080e488c4249,R_EXPRESS_CORS_REFLECT_ORIGIN,CL_EXPRESS_01;CL_EXPRESS_02,True,True,True,True,True
LF_CORS_REFLECT_05__header_name_casefold,cors_reflected_origin_with_credentials,PCW-b481eb3bafcf72adfac1,R_EXPRESS_CORS_REFLECT_ORIGIN,CL_EXPRESS_01;CL_EXPRESS_02,True,True,True,True,True
LF_CORS_REFLECT_05__header_order_reverse,cors_reflected_origin_with_credentials,PCW-609500cb1ec14a9fa817,R_EXPRESS_CORS_REFLECT_ORIGIN,CL_EXPRESS_01;CL_EXPRESS_02,True,True,True,True,True
LF_CORS_REFLECT_06,cors_reflected_origin_with_credentials,PCW-266855156d51029dcd08,R_EXPRESS_CORS_REFLECT_ORIGIN,CL_EXPRESS_01;CL_EXPRESS_02,True,True,True,True,True
LF_CORS_REFLECT_06__directive_whitespace_expand,cors_reflected_origin_with_credentials,PCW-e78fcd0f4530cdcd61c9,R_EXPRESS_CORS_REFLECT_ORIGIN,CL_EXPRESS_01;CL_EXPRESS_02,True,True,True,True,True
LF_CORS_REFLECT_06__header_name_casefold,cors_reflected_origin_with_credentials,PCW-d98ff9b406f6188d1937,R_EXPRESS_CORS_REFLECT_ORIGIN,CL_EXPRESS_01;CL_EXPRESS_02,True,True,True,True,True
LF_CORS_REFLECT_06__header_order_reverse,cors_reflected_origin_with_credentials,PCW-c6210f88046c2a605b49,R_EXPRESS_CORS_REFLECT_ORIGIN,CL_EXPRESS_01;CL_EXPRESS_02,True,True,True,True,True
LF_CORS_VARY_01,cors_dynamic_origin_missing_vary,PCW-11a569c3249ea436cbc6,R_CORS_DYNAMIC_ACAO_NEEDS_VARY;R_CORS_DYNAMIC_ORIGIN_VARY,CL_CORS_05,True,True,True,True,True
LF_CORS_VARY_01__directive_whitespace_expand,cors_dynamic_origin_missing_vary,PCW-40a5c5a06352e8a95132,R_CORS_DYNAMIC_ACAO_NEEDS_VARY;R_CORS_DYNAMIC_ORIGIN_VARY,CL_CORS_05,True,True,True,True,True
LF_CORS_VARY_01__header_name_casefold,cors_dynamic_origin_missing_vary,PCW-012f9d58ba028450c5a1,R_CORS_DYNAMIC_ACAO_NEEDS_VARY;R_CORS_DYNAMIC_ORIGIN_VARY,CL_CORS_05,True,True,True,True,True
LF_CORS_VARY_01__header_order_reverse,cors_dynamic_origin_missing_vary,PCW-b8dc332a830188b0cfe5,R_CORS_DYNAMIC_ACAO_NEEDS_VARY;R_CORS_DYNAMIC_ORIGIN_VARY,CL_CORS_05,True,True,True,True,True
LF_CORS_VARY_02,cors_dynamic_origin_missing_vary,PCW-a3bbfcf7e1a87e767e37,R_CORS_DYNAMIC_ACAO_NEEDS_VARY;R_CORS_DYNAMIC_ORIGIN_VARY,CL_CORS_05,True,True,True,True,True
LF_CORS_VARY_02__directive_whitespace_expand,cors_dynamic_origin_missing_vary,PCW-681cc3fe722d26efafef,R_CORS_DYNAMIC_ACAO_NEEDS_VARY;R_CORS_DYNAMIC_ORIGIN_VARY,CL_CORS_05,True,True,True,True,True
LF_CORS_VARY_02__header_name_casefold,cors_dynamic_origin_missing_vary,PCW-9fa1c3f308c93e4a6ce7,R_CORS_DYNAMIC_ACAO_NEEDS_VARY;R_CORS_DYNAMIC_ORIGIN_VARY,CL_CORS_05,True,True,True,True,True
LF_CORS_VARY_02__header_order_reverse,cors_dynamic_origin_missing_vary,PCW-6278a2cc30937204b423,R_CORS_DYNAMIC_ACAO_NEEDS_VARY;R_CORS_DYNAMIC_ORIGIN_VARY,CL_CORS_05,True,True,True,True,True
LF_CORS_VARY_03,cors_dynamic_origin_missing_vary,PCW-330d6515d1702fbfd33b,R_CORS_DYNAMIC_ACAO_NEEDS_VARY;R_CORS_DYNAMIC_ORIGIN_VARY,CL_CORS_05,True,True,True,True,True
LF_CORS_VARY_03__directive_whitespace_expand,cors_dynamic_origin_missing_vary,PCW-ad10f34c9285e29d329e,R_CORS_DYNAMIC_ACAO_NEEDS_VARY;R_CORS_DYNAMIC_ORIGIN_VARY,CL_CORS_05,True,True,True,True,True
LF_CORS_VARY_03__header_name_casefold,cors_dynamic_origin_missing_vary,PCW-d54ab15f63f075c1fd7b,R_CORS_DYNAMIC_ACAO_NEEDS_VARY;R_CORS_DYNAMIC_ORIGIN_VARY,CL_CORS_05,True,True,True,True,True
LF_CORS_VARY_03__header_order_reverse,cors_dynamic_origin_missing_vary,PCW-ff29ca26ccd7f4e93317,R_CORS_DYNAMIC_ACAO_NEEDS_VARY;R_CORS_DYNAMIC_ORIGIN_VARY,CL_CORS_05,True,True,True,True,True
LF_CORS_VARY_04,cors_dynamic_origin_missing_vary,PCW-26d015a185d786f2bd90,R_CORS_DYNAMIC_ACAO_NEEDS_VARY;R_CORS_DYNAMIC_ORIGIN_VARY,CL_CORS_05,True,True,True,True,True
LF_CORS_VARY_04__directive_whitespace_expand,cors_dynamic_origin_missing_vary,PCW-b7b275d18566a2383ace,R_CORS_DYNAMIC_ACAO_NEEDS_VARY;R_CORS_DYNAMIC_ORIGIN_VARY,CL_CORS_05,True,True,True,True,True
LF_CORS_VARY_04__header_name_casefold,cors_dynamic_origin_missing_vary,PCW-385170a9b4c2ebfd046a,R_CORS_DYNAMIC_ACAO_NEEDS_VARY;R_CORS_DYNAMIC_ORIGIN_VARY,CL_CORS_05,True,True,True,True,True
LF_CORS_VARY_04__header_order_reverse,cors_dynamic_origin_missing_vary,PCW-b879bcd005495d8db828,R_CORS_DYNAMIC_ACAO_NEEDS_VARY;R_CORS_DYNAMIC_ORIGIN_VARY,CL_CORS_05,True,True,True,True,True
LF_CORS_VARY_05,cors_dynamic_origin_missing_vary,PCW-d900c3bfd0031cd92ed4,R_CORS_DYNAMIC_ACAO_NEEDS_VARY;R_CORS_DYNAMIC_ORIGIN_VARY,CL_CORS_05,True,True,True,True,True
LF_CORS_VARY_05__directive_whitespace_expand,cors_dynamic_origin_missing_vary,PCW-84e77c9f5c375e7f8716,R_CORS_DYNAMIC_ACAO_NEEDS_VARY;R_CORS_DYNAMIC_ORIGIN_VARY,CL_CORS_05,True,True,True,True,True
LF_CORS_VARY_05__header_name_casefold,cors_dynamic_origin_missing_vary,PCW-bfe7cf50926c14c054bb,R_CORS_DYNAMIC_ACAO_NEEDS_VARY;R_CORS_DYNAMIC_ORIGIN_VARY,CL_CORS_05,True,True,True,True,True
LF_CORS_VARY_05__header_order_reverse,cors_dynamic_origin_missing_vary,PCW-10294b77c5ac266f341f,R_CORS_DYNAMIC_ACAO_NEEDS_VARY;R_CORS_DYNAMIC_ORIGIN_VARY,CL_CORS_05,True,True,True,True,True
LF_CORS_VARY_06,cors_dynamic_origin_missing_vary,PCW-a2f004512b724a559e2f,R_CORS_DYNAMIC_ACAO_NEEDS_VARY;R_CORS_DYNAMIC_ORIGIN_VARY,CL_CORS_05,True,True,True,True,True
LF_CORS_VARY_06__directive_whitespace_expand,cors_dynamic_origin_missing_vary,PCW-764ef9537dc4b47619b3,R_CORS_DYNAMIC_ACAO_NEEDS_VARY;R_CORS_DYNAMIC_ORIGIN_VARY,CL_CORS_05,True,True,True,True,True
LF_CORS_VARY_06__header_name_casefold,cors_dynamic_origin_missing_vary,PCW-59b3555f6f694647bdc1,R_CORS_DYNAMIC_ACAO_NEEDS_VARY;R_CORS_DYNAMIC_ORIGIN_VARY,CL_CORS_05,True,True,True,True,True
LF_CORS_VARY_06__header_order_reverse,cors_dynamic_origin_missing_vary,PCW-d4df2f60fde6687d35ce,R_CORS_DYNAMIC_ACAO_NEEDS_VARY;R_CORS_DYNAMIC_ORIGIN_VARY,CL_CORS_05,True,True,True,True,True
LF_CORS_WC_01,cors_intended_credentialed_share_blocked,PCW-012a9804a0eaf4a93d3c,R_CORS_WILDCARD_CREDENTIALS_NOT_SHAREABLE;R_CORS_SPECIFIC_ORIGIN_CREDENTIALS_SHAREABLE,CL_CORS_01,True,True,True,True,True
LF_CORS_WC_01__directive_whitespace_expand,cors_intended_credentialed_share_blocked,PCW-a77d32adca62532c9d00,R_CORS_WILDCARD_CREDENTIALS_NOT_SHAREABLE;R_CORS_SPECIFIC_ORIGIN_CREDENTIALS_SHAREABLE,CL_CORS_01,True,True,True,True,True
LF_CORS_WC_01__header_name_casefold,cors_intended_credentialed_share_blocked,PCW-a3a7205d814898836b93,R_CORS_WILDCARD_CREDENTIALS_NOT_SHAREABLE;R_CORS_SPECIFIC_ORIGIN_CREDENTIALS_SHAREABLE,CL_CORS_01,True,True,True,True,True
LF_CORS_WC_01__header_order_reverse,cors_intended_credentialed_share_blocked,PCW-df0c38c51e4da5714cc7,R_CORS_WILDCARD_CREDENTIALS_NOT_SHAREABLE;R_CORS_SPECIFIC_ORIGIN_CREDENTIALS_SHAREABLE,CL_CORS_01,True,True,True,True,True
LF_CORS_WC_02,cors_intended_credentialed_share_blocked,PCW-a8b466cd7b099cc391e3,R_CORS_WILDCARD_CREDENTIALS_NOT_SHAREABLE;R_CORS_SPECIFIC_ORIGIN_CREDENTIALS_SHAREABLE,CL_CORS_01,True,True,True,True,True
LF_CORS_WC_02__directive_whitespace_expand,cors_intended_credentialed_share_blocked,PCW-d97806646787543be3d5,R_CORS_WILDCARD_CREDENTIALS_NOT_SHAREABLE;R_CORS_SPECIFIC_ORIGIN_CREDENTIALS_SHAREABLE,CL_CORS_01,True,True,True,True,True
LF_CORS_WC_02__header_name_casefold,cors_intended_credentialed_share_blocked,PCW-988606042c5249f1e8a1,R_CORS_WILDCARD_CREDENTIALS_NOT_SHAREABLE;R_CORS_SPECIFIC_ORIGIN_CREDENTIALS_SHAREABLE,CL_CORS_01,True,True,True,True,True
LF_CORS_WC_02__header_order_reverse,cors_intended_credentialed_share_blocked,PCW-7db13b1824e52610f97c,R_CORS_WILDCARD_CREDENTIALS_NOT_SHAREABLE;R_CORS_SPECIFIC_ORIGIN_CREDENTIALS_SHAREABLE,CL_CORS_01,True,True,True,True,True
LF_CORS_WC_03,cors_intended_credentialed_share_blocked,PCW-22ead648f65b9ecab5bb,R_CORS_WILDCARD_CREDENTIALS_NOT_SHAREABLE;R_CORS_SPECIFIC_ORIGIN_CREDENTIALS_SHAREABLE,CL_CORS_01,True,True,True,True,True
LF_CORS_WC_03__directive_whitespace_expand,cors_intended_credentialed_share_blocked,PCW-7f8108e43984f656b34d,R_CORS_WILDCARD_CREDENTIALS_NOT_SHAREABLE;R_CORS_SPECIFIC_ORIGIN_CREDENTIALS_SHAREABLE,CL_CORS_01,True,True,True,True,True
LF_CORS_WC_03__header_name_casefold,cors_intended_credentialed_share_blocked,PCW-03154972c5a22bf86096,R_CORS_WILDCARD_CREDENTIALS_NOT_SHAREABLE;R_CORS_SPECIFIC_ORIGIN_CREDENTIALS_SHAREABLE,CL_CORS_01,True,True,True,True,True
LF_CORS_WC_03__header_order_reverse,cors_intended_credentialed_share_blocked,PCW-72e3dab12fd10bba6b50,R_CORS_WILDCARD_CREDENTIALS_NOT_SHAREABLE;R_CORS_SPECIFIC_ORIGIN_CREDENTIALS_SHAREABLE,CL_CORS_01,True,True,True,True,True
LF_CORS_WC_04,cors_intended_credentialed_share_blocked,PCW-18c395517c12aa57b8c3,R_CORS_WILDCARD_CREDENTIALS_NOT_SHAREABLE;R_CORS_SPECIFIC_ORIGIN_CREDENTIALS_SHAREABLE,CL_CORS_01,True,True,True,True,True
LF_CORS_WC_04__directive_whitespace_expand,cors_intended_credentialed_share_blocked,PCW-5b30279852e021b9e3b3,R_CORS_WILDCARD_CREDENTIALS_NOT_SHAREABLE;R_CORS_SPECIFIC_ORIGIN_CREDENTIALS_SHAREABLE,CL_CORS_01,True,True,True,True,True
LF_CORS_WC_04__header_name_casefold,cors_intended_credentialed_share_blocked,PCW-7b7c480f0ed9477b89e4,R_CORS_WILDCARD_CREDENTIALS_NOT_SHAREABLE;R_CORS_SPECIFIC_ORIGIN_CREDENTIALS_SHAREABLE,CL_CORS_01,True,True,True,True,True
LF_CORS_WC_04__header_order_reverse,cors_intended_credentialed_share_blocked,PCW-99c4ac5703c14bd253d6,R_CORS_WILDCARD_CREDENTIALS_NOT_SHAREABLE;R_CORS_SPECIFIC_ORIGIN_CREDENTIALS_SHAREABLE,CL_CORS_01,True,True,True,True,True
LF_CORS_WC_05,cors_intended_credentialed_share_blocked,PCW-0db87baddb190dd4335d,R_CORS_WILDCARD_CREDENTIALS_NOT_SHAREABLE;R_CORS_SPECIFIC_ORIGIN_CREDENTIALS_SHAREABLE,CL_CORS_01,True,True,True,True,True
LF_CORS_WC_05__directive_whitespace_expand,cors_intended_credentialed_share_blocked,PCW-b22dfb07ff0924b44505,R_CORS_WILDCARD_CREDENTIALS_NOT_SHAREABLE;R_CORS_SPECIFIC_ORIGIN_CREDENTIALS_SHAREABLE,CL_CORS_01,True,True,True,True,True
LF_CORS_WC_05__header_name_casefold,cors_intended_credentialed_share_blocked,PCW-0bae52fe8ad48e9492b8,R_CORS_WILDCARD_CREDENTIALS_NOT_SHAREABLE;R_CORS_SPECIFIC_ORIGIN_CREDENTIALS_SHAREABLE,CL_CORS_01,True,True,True,True,True
LF_CORS_WC_05__header_order_reverse,cors_intended_credentialed_share_blocked,PCW-779e1bbe9d5040511b73,R_CORS_WILDCARD_CREDENTIALS_NOT_SHAREABLE;R_CORS_SPECIFIC_ORIGIN_CREDENTIALS_SHAREABLE,CL_CORS_01,True,True,True,True,True
LF_CORS_WC_06,cors_intended_credentialed_share_blocked,PCW-ec26bc47ae1261d0a155,R_CORS_WILDCARD_CREDENTIALS_NOT_SHAREABLE;R_CORS_SPECIFIC_ORIGIN_CREDENTIALS_SHAREABLE,CL_CORS_01,True,True,True,True,True
LF_CORS_WC_06__directive_whitespace_expand,cors_intended_credentialed_share_blocked,PCW-ed2c0b07b1afadc90fa9,R_CORS_WILDCARD_CREDENTIALS_NOT_SHAREABLE;R_CORS_SPECIFIC_ORIGIN_CREDENTIALS_SHAREABLE,CL_CORS_01,True,True,True,True,True
LF_CORS_WC_06__header_name_casefold,cors_intended_credentialed_share_blocked,PCW-aefa7b213c575ef03d1a,R_CORS_WILDCARD_CREDENTIALS_NOT_SHAREABLE;R_CORS_SPECIFIC_ORIGIN_CREDENTIALS_SHAREABLE,CL_CORS_01,True,True,True,True,True
LF_CORS_WC_06__header_order_reverse,cors_intended_credentialed_share_blocked,PCW-ba23f51b50505e7c247d,R_CORS_WILDCARD_CREDENTIALS_NOT_SHAREABLE;R_CORS_SPECIFIC_ORIGIN_CREDENTIALS_SHAREABLE,CL_CORS_01,True,True,True,True,True
LF_CSP_COMPOSE_01,csp_conjunctive_policy_composition_blocks_required_script,PCW-3702f2cfcf3e3cfd1d0b,R_CSP_CONJUNCTIVE_COMPOSITION,CL_CSP_08,True,True,True,True,True
LF_CSP_COMPOSE_01__directive_whitespace_expand,csp_conjunctive_policy_composition_blocks_required_script,PCW-f99e9c4c96ae5d30f258,R_CSP_CONJUNCTIVE_COMPOSITION,CL_CSP_08,True,True,True,True,True
LF_CSP_COMPOSE_01__header_name_casefold,csp_conjunctive_policy_composition_blocks_required_script,PCW-ab01235932ea4ab4d2d9,R_CSP_CONJUNCTIVE_COMPOSITION,CL_CSP_08,True,True,True,True,True
LF_CSP_COMPOSE_01__header_order_reverse,csp_conjunctive_policy_composition_blocks_required_script,PCW-20ba1fcf7b4e32ab824f,R_CSP_CONJUNCTIVE_COMPOSITION,CL_CSP_08,True,True,True,True,True
LF_CSP_COMPOSE_02,csp_conjunctive_policy_composition_blocks_required_script,PCW-1f320d327f503c13fd4d,R_CSP_CONJUNCTIVE_COMPOSITION,CL_CSP_08,True,True,True,True,True
LF_CSP_COMPOSE_02__directive_whitespace_expand,csp_conjunctive_policy_composition_blocks_required_script,PCW-ed02fe142a09222b4067,R_CSP_CONJUNCTIVE_COMPOSITION,CL_CSP_08,True,True,True,True,True
LF_CSP_COMPOSE_02__header_name_casefold,csp_conjunctive_policy_composition_blocks_required_script,PCW-6675a8229079f0296941,R_CSP_CONJUNCTIVE_COMPOSITION,CL_CSP_08,True,True,True,True,True
LF_CSP_COMPOSE_02__header_order_reverse,csp_conjunctive_policy_composition_blocks_required_script,PCW-1e457b7ab62d2bfa82ee,R_CSP_CONJUNCTIVE_COMPOSITION,CL_CSP_08,True,True,True,True,True
LF_CSP_COMPOSE_03,csp_conjunctive_policy_composition_blocks_required_script,PCW-85ed3e72b566ea4bf0f8,R_CSP_CONJUNCTIVE_COMPOSITION,CL_CSP_08,True,True,True,True,True
LF_CSP_COMPOSE_03__directive_whitespace_expand,csp_conjunctive_policy_composition_blocks_required_script,PCW-d4c3b75d99a2aaa827c4,R_CSP_CONJUNCTIVE_COMPOSITION,CL_CSP_08,True,True,True,True,True
LF_CSP_COMPOSE_03__header_name_casefold,csp_conjunctive_policy_composition_blocks_required_script,PCW-38b23fab9a9ac55a88ed,R_CSP_CONJUNCTIVE_COMPOSITION,CL_CSP_08,True,True,True,True,True
LF_CSP_COMPOSE_03__header_order_reverse,csp_conjunctive_policy_composition_blocks_required_script,PCW-afa358128a2537f1e87a,R_CSP_CONJUNCTIVE_COMPOSITION,CL_CSP_08,True,True,True,True,True
LF_CSP_COMPOSE_04,csp_conjunctive_policy_composition_blocks_required_script,PCW-cadd77a06769c3009e98,R_CSP_CONJUNCTIVE_COMPOSITION,CL_CSP_08,True,True,True,True,True
LF_CSP_COMPOSE_04__directive_whitespace_expand,csp_conjunctive_policy_composition_blocks_required_script,PCW-1924d9ca9a96c83c7d81,R_CSP_CONJUNCTIVE_COMPOSITION,CL_CSP_08,True,True,True,True,True
LF_CSP_COMPOSE_04__header_name_casefold,csp_conjunctive_policy_composition_blocks_required_script,PCW-9ec91f74023f197a0e5e,R_CSP_CONJUNCTIVE_COMPOSITION,CL_CSP_08,True,True,True,True,True
LF_CSP_COMPOSE_04__header_order_reverse,csp_conjunctive_policy_composition_blocks_required_script,PCW-a4b22296f166e8e46d73,R_CSP_CONJUNCTIVE_COMPOSITION,CL_CSP_08,True,True,True,True,True
LF_CSP_COMPOSE_05,csp_conjunctive_policy_composition_blocks_required_script,PCW-8bbf81ccc731b4a01697,R_CSP_CONJUNCTIVE_COMPOSITION,CL_CSP_08,True,True,True,True,True
LF_CSP_COMPOSE_05__directive_whitespace_expand,csp_conjunctive_policy_composition_blocks_required_script,PCW-e76dddee58f1f927a5b1,R_CSP_CONJUNCTIVE_COMPOSITION,CL_CSP_08,True,True,True,True,True
LF_CSP_COMPOSE_05__header_name_casefold,csp_conjunctive_policy_composition_blocks_required_script,PCW-a9136462919242675f5a,R_CSP_CONJUNCTIVE_COMPOSITION,CL_CSP_08,True,True,True,True,True
LF_CSP_COMPOSE_05__header_order_reverse,csp_conjunctive_policy_composition_blocks_required_script,PCW-7dc9e1b58e5c0527ca8a,R_CSP_CONJUNCTIVE_COMPOSITION,CL_CSP_08,True,True,True,True,True
LF_CSP_COMPOSE_06,csp_conjunctive_policy_composition_blocks_required_script,PCW-c9889ca0508562c1f48b,R_CSP_CONJUNCTIVE_COMPOSITION,CL_CSP_08,True,True,True,True,True
LF_CSP_COMPOSE_06__directive_whitespace_expand,csp_conjunctive_policy_composition_blocks_required_script,PCW-79e4dc17c218e50f8019,R_CSP_CONJUNCTIVE_COMPOSITION,CL_CSP_08,True,True,True,True,True
LF_CSP_COMPOSE_06__header_name_casefold,csp_conjunctive_policy_composition_blocks_required_script,PCW-fee16823c102c7eb3cd0,R_CSP_CONJUNCTIVE_COMPOSITION,CL_CSP_08,True,True,True,True,True
LF_CSP_COMPOSE_06__header_order_reverse,csp_conjunctive_policy_composition_blocks_required_script,PCW-54461906011eff24da0c,R_CSP_CONJUNCTIVE_COMPOSITION,CL_CSP_08,True,True,True,True,True
LF_CSP_COMPOSE_07,csp_conjunctive_policy_composition_blocks_required_script,PCW-00c7a07c292631b99e5e,R_CSP_CONJUNCTIVE_COMPOSITION,CL_CSP_08,True,True,True,True,True
LF_CSP_COMPOSE_07__directive_whitespace_expand,csp_conjunctive_policy_composition_blocks_required_script,PCW-30fb21fba003fba8899d,R_CSP_CONJUNCTIVE_COMPOSITION,CL_CSP_08,True,True,True,True,True
LF_CSP_COMPOSE_07__header_name_casefold,csp_conjunctive_policy_composition_blocks_required_script,PCW-388aced45e46fb8a37bc,R_CSP_CONJUNCTIVE_COMPOSITION,CL_CSP_08,True,True,True,True,True
LF_CSP_COMPOSE_07__header_order_reverse,csp_conjunctive_policy_composition_blocks_required_script,PCW-931fc7b074cea383ba1b,R_CSP_CONJUNCTIVE_COMPOSITION,CL_CSP_08,True,True,True,True,True
LF_CSP_COMPOSE_08,csp_conjunctive_policy_composition_blocks_required_script,PCW-35d48de6ac997cd9abb0,R_CSP_CONJUNCTIVE_COMPOSITION,CL_CSP_08,True,True,True,True,True
LF_CSP_COMPOSE_08__directive_whitespace_expand,csp_conjunctive_policy_composition_blocks_required_script,PCW-770f74bb9931129d63c4,R_CSP_CONJUNCTIVE_COMPOSITION,CL_CSP_08,True,True,True,True,True
LF_CSP_COMPOSE_08__header_name_casefold,csp_conjunctive_policy_composition_blocks_required_script,PCW-98f34262717438894077,R_CSP_CONJUNCTIVE_COMPOSITION,CL_CSP_08,True,True,True,True,True
LF_CSP_COMPOSE_08__header_order_reverse,csp_conjunctive_policy_composition_blocks_required_script,PCW-16c7373cf143ee91b41d,R_CSP_CONJUNCTIVE_COMPOSITION,CL_CSP_08,True,True,True,True,True
LF_CSP_FB_01,csp_effective_script_allowance,PCW-ab63aa498cd22383f948,R_CSP_DEFAULT_SRC_FALLBACK;R_CSP_SCRIPT_SRC_OVERRIDES_DEFAULT,CL_CSP_02;CL_CSP_04,True,True,True,True,True
LF_CSP_FB_01__directive_whitespace_expand,csp_effective_script_allowance,PCW-4560a7f5fb6e1e4b5475,R_CSP_DEFAULT_SRC_FALLBACK;R_CSP_SCRIPT_SRC_OVERRIDES_DEFAULT,CL_CSP_02;CL_CSP_04,True,True,True,True,True
LF_CSP_FB_01__header_name_casefold,csp_effective_script_allowance,PCW-eefc7b8308688ad37b8c,R_CSP_DEFAULT_SRC_FALLBACK;R_CSP_SCRIPT_SRC_OVERRIDES_DEFAULT,CL_CSP_02;CL_CSP_04,True,True,True,True,True
LF_CSP_FB_01__header_order_reverse,csp_effective_script_allowance,PCW-6ca3e21544d5c74c918c,R_CSP_DEFAULT_SRC_FALLBACK;R_CSP_SCRIPT_SRC_OVERRIDES_DEFAULT,CL_CSP_02;CL_CSP_04,True,True,True,True,True
LF_CSP_FB_02,csp_effective_script_allowance,PCW-52187ff313757abfbe8a,R_CSP_DEFAULT_SRC_FALLBACK;R_CSP_SCRIPT_SRC_OVERRIDES_DEFAULT,CL_CSP_02;CL_CSP_04,True,True,True,True,True
LF_CSP_FB_02__directive_whitespace_expand,csp_effective_script_allowance,PCW-23611da136c7bf939373,R_CSP_DEFAULT_SRC_FALLBACK;R_CSP_SCRIPT_SRC_OVERRIDES_DEFAULT,CL_CSP_02;CL_CSP_04,True,True,True,True,True
LF_CSP_FB_02__header_name_casefold,csp_effective_script_allowance,PCW-374c569da6d97338e599,R_CSP_DEFAULT_SRC_FALLBACK;R_CSP_SCRIPT_SRC_OVERRIDES_DEFAULT,CL_CSP_02;CL_CSP_04,True,True,True,True,True
LF_CSP_FB_02__header_order_reverse,csp_effective_script_allowance,PCW-798b0ec535e3bec4f14d,R_CSP_DEFAULT_SRC_FALLBACK;R_CSP_SCRIPT_SRC_OVERRIDES_DEFAULT,CL_CSP_02;CL_CSP_04,True,True,True,True,True
LF_CSP_FB_03,csp_effective_script_allowance,PCW-4addb0ba4241dcd30af3,R_CSP_DEFAULT_SRC_FALLBACK;R_CSP_SCRIPT_SRC_OVERRIDES_DEFAULT,CL_CSP_02;CL_CSP_04,True,True,True,True,True
LF_CSP_FB_03__directive_whitespace_expand,csp_effective_script_allowance,PCW-bf2138885ccfaca7bcc0,R_CSP_DEFAULT_SRC_FALLBACK;R_CSP_SCRIPT_SRC_OVERRIDES_DEFAULT,CL_CSP_02;CL_CSP_04,True,True,True,True,True
LF_CSP_FB_03__header_name_casefold,csp_effective_script_allowance,PCW-3c01b119f3d0e2923937,R_CSP_DEFAULT_SRC_FALLBACK;R_CSP_SCRIPT_SRC_OVERRIDES_DEFAULT,CL_CSP_02;CL_CSP_04,True,True,True,True,True
LF_CSP_FB_03__header_order_reverse,csp_effective_script_allowance,PCW-6152fb6052dd2dc2268e,R_CSP_DEFAULT_SRC_FALLBACK;R_CSP_SCRIPT_SRC_OVERRIDES_DEFAULT,CL_CSP_02;CL_CSP_04,True,True,True,True,True
LF_CSP_FB_04,csp_effective_script_allowance,PCW-961e0b60f9cfe7f10596,R_CSP_DEFAULT_SRC_FALLBACK;R_CSP_SCRIPT_SRC_OVERRIDES_DEFAULT,CL_CSP_02;CL_CSP_04,True,True,True,True,True
LF_CSP_FB_04__directive_whitespace_expand,csp_effective_script_allowance,PCW-0d489f9f1f4b499bcb74,R_CSP_DEFAULT_SRC_FALLBACK;R_CSP_SCRIPT_SRC_OVERRIDES_DEFAULT,CL_CSP_02;CL_CSP_04,True,True,True,True,True
LF_CSP_FB_04__header_name_casefold,csp_effective_script_allowance,PCW-4b6009f6dc5e51833f6b,R_CSP_DEFAULT_SRC_FALLBACK;R_CSP_SCRIPT_SRC_OVERRIDES_DEFAULT,CL_CSP_02;CL_CSP_04,True,True,True,True,True
LF_CSP_FB_04__header_order_reverse,csp_effective_script_allowance,PCW-a22966157498a8e1e377,R_CSP_DEFAULT_SRC_FALLBACK;R_CSP_SCRIPT_SRC_OVERRIDES_DEFAULT,CL_CSP_02;CL_CSP_04,True,True,True,True,True
LF_CSP_FB_05,csp_effective_script_allowance,PCW-c342a3b873aca2876ccf,R_CSP_DEFAULT_SRC_FALLBACK;R_CSP_SCRIPT_SRC_OVERRIDES_DEFAULT,CL_CSP_02;CL_CSP_04,True,True,True,True,True
LF_CSP_FB_05__directive_whitespace_expand,csp_effective_script_allowance,PCW-44e0196bb18c33d7ab86,R_CSP_DEFAULT_SRC_FALLBACK;R_CSP_SCRIPT_SRC_OVERRIDES_DEFAULT,CL_CSP_02;CL_CSP_04,True,True,True,True,True
LF_CSP_FB_05__header_name_casefold,csp_effective_script_allowance,PCW-b8959e11f24d39be6214,R_CSP_DEFAULT_SRC_FALLBACK;R_CSP_SCRIPT_SRC_OVERRIDES_DEFAULT,CL_CSP_02;CL_CSP_04,True,True,True,True,True
LF_CSP_FB_05__header_order_reverse,csp_effective_script_allowance,PCW-53b5b32df28416ef8844,R_CSP_DEFAULT_SRC_FALLBACK;R_CSP_SCRIPT_SRC_OVERRIDES_DEFAULT,CL_CSP_02;CL_CSP_04,True,True,True,True,True
LF_CSP_FB_06,csp_effective_script_allowance,PCW-fda24b926e9541227ab1,R_CSP_DEFAULT_SRC_FALLBACK;R_CSP_SCRIPT_SRC_OVERRIDES_DEFAULT,CL_CSP_02;CL_CSP_04,True,True,True,True,True
LF_CSP_FB_06__directive_whitespace_expand,csp_effective_script_allowance,PCW-ff534890004d7a8270ee,R_CSP_DEFAULT_SRC_FALLBACK;R_CSP_SCRIPT_SRC_OVERRIDES_DEFAULT,CL_CSP_02;CL_CSP_04,True,True,True,True,True
LF_CSP_FB_06__header_name_casefold,csp_effective_script_allowance,PCW-61d78865e1ba11049e28,R_CSP_DEFAULT_SRC_FALLBACK;R_CSP_SCRIPT_SRC_OVERRIDES_DEFAULT,CL_CSP_02;CL_CSP_04,True,True,True,True,True
LF_CSP_FB_06__header_order_reverse,csp_effective_script_allowance,PCW-f4bea00cdc7e83b37ed4,R_CSP_DEFAULT_SRC_FALLBACK;R_CSP_SCRIPT_SRC_OVERRIDES_DEFAULT,CL_CSP_02;CL_CSP_04,True,True,True,True,True
LF_CSP_FB_07,csp_effective_script_allowance,PCW-0e6ab7b83b202dbede19,R_CSP_DEFAULT_SRC_FALLBACK;R_CSP_SCRIPT_SRC_OVERRIDES_DEFAULT,CL_CSP_02;CL_CSP_04,True,True,True,True,True
LF_CSP_FB_07__directive_whitespace_expand,csp_effective_script_allowance,PCW-7bb76569bd6ce64cb6b4,R_CSP_DEFAULT_SRC_FALLBACK;R_CSP_SCRIPT_SRC_OVERRIDES_DEFAULT,CL_CSP_02;CL_CSP_04,True,True,True,True,True
LF_CSP_FB_07__header_name_casefold,csp_effective_script_allowance,PCW-26c59f76d3ecb793cde3,R_CSP_DEFAULT_SRC_FALLBACK;R_CSP_SCRIPT_SRC_OVERRIDES_DEFAULT,CL_CSP_02;CL_CSP_04,True,True,True,True,True
LF_CSP_FB_07__header_order_reverse,csp_effective_script_allowance,PCW-d60fe8e751f93168f2cf,R_CSP_DEFAULT_SRC_FALLBACK;R_CSP_SCRIPT_SRC_OVERRIDES_DEFAULT,CL_CSP_02;CL_CSP_04,True,True,True,True,True
LF_CSP_FB_08,csp_effective_script_allowance,PCW-2c1613b5ebac8f8dc562,R_CSP_DEFAULT_SRC_FALLBACK;R_CSP_SCRIPT_SRC_OVERRIDES_DEFAULT,CL_CSP_02;CL_CSP_04,True,True,True,True,True
LF_CSP_FB_08__directive_whitespace_expand,csp_effective_script_allowance,PCW-cdac7c0af3fc007ccb37,R_CSP_DEFAULT_SRC_FALLBACK;R_CSP_SCRIPT_SRC_OVERRIDES_DEFAULT,CL_CSP_02;CL_CSP_04,True,True,True,True,True
LF_CSP_FB_08__header_name_casefold,csp_effective_script_allowance,PCW-7740c93948895cf5bd1f,R_CSP_DEFAULT_SRC_FALLBACK;R_CSP_SCRIPT_SRC_OVERRIDES_DEFAULT,CL_CSP_02;CL_CSP_04,True,True,True,True,True
LF_CSP_FB_08__header_order_reverse,csp_effective_script_allowance,PCW-9b1a5f49247c38253835,R_CSP_DEFAULT_SRC_FALLBACK;R_CSP_SCRIPT_SRC_OVERRIDES_DEFAULT,CL_CSP_02;CL_CSP_04,True,True,True,True,True
LF_CSP_NONCE_01,nonce_csp_static_render_incompatibility,PCW-bbac7f636d51e8f474d2,R_CSP_NONCE_UNIQUE_PER_TRANSMISSION;R_NEXT_NONCE_DYNAMIC_REQUIRED,CL_CSP_06;CL_NEXT_01;CL_NEXT_02,True,True,True,True,True
LF_CSP_NONCE_01__directive_whitespace_expand,nonce_csp_static_render_incompatibility,PCW-70661c4bc49a399585a3,R_CSP_NONCE_UNIQUE_PER_TRANSMISSION;R_NEXT_NONCE_DYNAMIC_REQUIRED,CL_CSP_06;CL_NEXT_01;CL_NEXT_02,True,True,True,True,True
LF_CSP_NONCE_01__header_name_casefold,nonce_csp_static_render_incompatibility,PCW-5796335120f5588b11a2,R_CSP_NONCE_UNIQUE_PER_TRANSMISSION;R_NEXT_NONCE_DYNAMIC_REQUIRED,CL_CSP_06;CL_NEXT_01;CL_NEXT_02,True,True,True,True,True
LF_CSP_NONCE_01__header_order_reverse,nonce_csp_static_render_incompatibility,PCW-52721356d86996a6c40e,R_CSP_NONCE_UNIQUE_PER_TRANSMISSION;R_NEXT_NONCE_DYNAMIC_REQUIRED,CL_CSP_06;CL_NEXT_01;CL_NEXT_02,True,True,True,True,True
LF_CSP_NONCE_02,nonce_csp_static_render_incompatibility,PCW-e8008fc4b5c0eda54231,R_CSP_NONCE_UNIQUE_PER_TRANSMISSION;R_NEXT_NONCE_DYNAMIC_REQUIRED,CL_CSP_06;CL_NEXT_01;CL_NEXT_02,True,True,True,True,True
LF_CSP_NONCE_02__directive_whitespace_expand,nonce_csp_static_render_incompatibility,PCW-19e13745a9a34a25e26e,R_CSP_NONCE_UNIQUE_PER_TRANSMISSION;R_NEXT_NONCE_DYNAMIC_REQUIRED,CL_CSP_06;CL_NEXT_01;CL_NEXT_02,True,True,True,True,True
LF_CSP_NONCE_02__header_name_casefold,nonce_csp_static_render_incompatibility,PCW-947bd167c8d2223aeb8a,R_CSP_NONCE_UNIQUE_PER_TRANSMISSION;R_NEXT_NONCE_DYNAMIC_REQUIRED,CL_CSP_06;CL_NEXT_01;CL_NEXT_02,True,True,True,True,True
LF_CSP_NONCE_02__header_order_reverse,nonce_csp_static_render_incompatibility,PCW-7f353cacbe2bf700a290,R_CSP_NONCE_UNIQUE_PER_TRANSMISSION;R_NEXT_NONCE_DYNAMIC_REQUIRED,CL_CSP_06;CL_NEXT_01;CL_NEXT_02,True,True,True,True,True
LF_CSP_NONCE_03,nonce_csp_static_render_incompatibility,PCW-2d72a5a7791843ccd7c1,R_CSP_NONCE_UNIQUE_PER_TRANSMISSION;R_NEXT_NONCE_DYNAMIC_REQUIRED,CL_CSP_06;CL_NEXT_01;CL_NEXT_02,True,True,True,True,True
LF_CSP_NONCE_03__directive_whitespace_expand,nonce_csp_static_render_incompatibility,PCW-5e71cbe86aa767d8fb93,R_CSP_NONCE_UNIQUE_PER_TRANSMISSION;R_NEXT_NONCE_DYNAMIC_REQUIRED,CL_CSP_06;CL_NEXT_01;CL_NEXT_02,True,True,True,True,True
LF_CSP_NONCE_03__header_name_casefold,nonce_csp_static_render_incompatibility,PCW-ebd0a928fa0269e9154c,R_CSP_NONCE_UNIQUE_PER_TRANSMISSION;R_NEXT_NONCE_DYNAMIC_REQUIRED,CL_CSP_06;CL_NEXT_01;CL_NEXT_02,True,True,True,True,True
LF_CSP_NONCE_03__header_order_reverse,nonce_csp_static_render_incompatibility,PCW-a5afb30d6d9d83cf47fe,R_CSP_NONCE_UNIQUE_PER_TRANSMISSION;R_NEXT_NONCE_DYNAMIC_REQUIRED,CL_CSP_06;CL_NEXT_01;CL_NEXT_02,True,True,True,True,True
LF_CSP_NONCE_04,nonce_csp_static_render_incompatibility,PCW-1962e42be329cf0d9b2d,R_CSP_NONCE_UNIQUE_PER_TRANSMISSION;R_NEXT_NONCE_DYNAMIC_REQUIRED,CL_CSP_06;CL_NEXT_01;CL_NEXT_02,True,True,True,True,True
LF_CSP_NONCE_04__directive_whitespace_expand,nonce_csp_static_render_incompatibility,PCW-c34ca573802d234cef75,R_CSP_NONCE_UNIQUE_PER_TRANSMISSION;R_NEXT_NONCE_DYNAMIC_REQUIRED,CL_CSP_06;CL_NEXT_01;CL_NEXT_02,True,True,True,True,True
LF_CSP_NONCE_04__header_name_casefold,nonce_csp_static_render_incompatibility,PCW-fda8bea436fea534ec48,R_CSP_NONCE_UNIQUE_PER_TRANSMISSION;R_NEXT_NONCE_DYNAMIC_REQUIRED,CL_CSP_06;CL_NEXT_01;CL_NEXT_02,True,True,True,True,True
LF_CSP_NONCE_04__header_order_reverse,nonce_csp_static_render_incompatibility,PCW-070c842718b1f75ce230,R_CSP_NONCE_UNIQUE_PER_TRANSMISSION;R_NEXT_NONCE_DYNAMIC_REQUIRED,CL_CSP_06;CL_NEXT_01;CL_NEXT_02,True,True,True,True,True
LF_CSP_NONCE_05,nonce_csp_static_render_incompatibility,PCW-d372862658ce78a0b8e2,R_CSP_NONCE_UNIQUE_PER_TRANSMISSION;R_NEXT_NONCE_DYNAMIC_REQUIRED,CL_CSP_06;CL_NEXT_01;CL_NEXT_02,True,True,True,True,True
LF_CSP_NONCE_05__directive_whitespace_expand,nonce_csp_static_render_incompatibility,PCW-facdee4bbacb92db78bb,R_CSP_NONCE_UNIQUE_PER_TRANSMISSION;R_NEXT_NONCE_DYNAMIC_REQUIRED,CL_CSP_06;CL_NEXT_01;CL_NEXT_02,True,True,True,True,True
LF_CSP_NONCE_05__header_name_casefold,nonce_csp_static_render_incompatibility,PCW-61abec981c6314d31ea7,R_CSP_NONCE_UNIQUE_PER_TRANSMISSION;R_NEXT_NONCE_DYNAMIC_REQUIRED,CL_CSP_06;CL_NEXT_01;CL_NEXT_02,True,True,True,True,True
LF_CSP_NONCE_05__header_order_reverse,nonce_csp_static_render_incompatibility,PCW-67aec2b53710318ce3ee,R_CSP_NONCE_UNIQUE_PER_TRANSMISSION;R_NEXT_NONCE_DYNAMIC_REQUIRED,CL_CSP_06;CL_NEXT_01;CL_NEXT_02,True,True,True,True,True
LF_CSP_NONCE_06,nonce_csp_static_render_incompatibility,PCW-79c01c2619a92935f360,R_CSP_NONCE_UNIQUE_PER_TRANSMISSION;R_NEXT_NONCE_DYNAMIC_REQUIRED,CL_CSP_06;CL_NEXT_01;CL_NEXT_02,True,True,True,True,True
LF_CSP_NONCE_06__directive_whitespace_expand,nonce_csp_static_render_incompatibility,PCW-b4661731c3129dbab163,R_CSP_NONCE_UNIQUE_PER_TRANSMISSION;R_NEXT_NONCE_DYNAMIC_REQUIRED,CL_CSP_06;CL_NEXT_01;CL_NEXT_02,True,True,True,True,True
LF_CSP_NONCE_06__header_name_casefold,nonce_csp_static_render_incompatibility,PCW-9cb0232007c4fddedacf,R_CSP_NONCE_UNIQUE_PER_TRANSMISSION;R_NEXT_NONCE_DYNAMIC_REQUIRED,CL_CSP_06;CL_NEXT_01;CL_NEXT_02,True,True,True,True,True
LF_CSP_NONCE_06__header_order_reverse,nonce_csp_static_render_incompatibility,PCW-6ae8f8ac6dd010bf73ed,R_CSP_NONCE_UNIQUE_PER_TRANSMISSION;R_NEXT_NONCE_DYNAMIC_REQUIRED,CL_CSP_06;CL_NEXT_01;CL_NEXT_02,True,True,True,True,True
LF_CSP_RO_01,csp_report_only_not_enforced,PCW-8b710c9af12e726ca597,R_CSP_REPORT_ONLY_MONITOR,CL_CSP_01,True,True,True,True,True
LF_CSP_RO_01__directive_whitespace_expand,csp_report_only_not_enforced,PCW-84bb9e8caba6ded057fc,R_CSP_REPORT_ONLY_MONITOR,CL_CSP_01,True,True,True,True,True
LF_CSP_RO_01__header_name_casefold,csp_report_only_not_enforced,PCW-b19396873c81c2234a5e,R_CSP_REPORT_ONLY_MONITOR,CL_CSP_01,True,True,True,True,True
LF_CSP_RO_01__header_order_reverse,csp_report_only_not_enforced,PCW-d0746c468ef80bbd6bc2,R_CSP_REPORT_ONLY_MONITOR,CL_CSP_01,True,True,True,True,True
LF_CSP_RO_02,csp_report_only_not_enforced,PCW-efdbd49cd2448a3c3819,R_CSP_REPORT_ONLY_MONITOR,CL_CSP_01,True,True,True,True,True
LF_CSP_RO_02__directive_whitespace_expand,csp_report_only_not_enforced,PCW-12f2326bed7f23093f7c,R_CSP_REPORT_ONLY_MONITOR,CL_CSP_01,True,True,True,True,True
LF_CSP_RO_02__header_name_casefold,csp_report_only_not_enforced,PCW-f29936e08826b00e3475,R_CSP_REPORT_ONLY_MONITOR,CL_CSP_01,True,True,True,True,True
LF_CSP_RO_02__header_order_reverse,csp_report_only_not_enforced,PCW-516a9dfd1a4346a1f0dc,R_CSP_REPORT_ONLY_MONITOR,CL_CSP_01,True,True,True,True,True
LF_CSP_RO_03,csp_report_only_not_enforced,PCW-c808ce7b85c69a33819b,R_CSP_REPORT_ONLY_MONITOR,CL_CSP_01,True,True,True,True,True
LF_CSP_RO_03__directive_whitespace_expand,csp_report_only_not_enforced,PCW-ecdaa09f8836ab5bb3d9,R_CSP_REPORT_ONLY_MONITOR,CL_CSP_01,True,True,True,True,True
LF_CSP_RO_03__header_name_casefold,csp_report_only_not_enforced,PCW-efffdb2c848c844a99f0,R_CSP_REPORT_ONLY_MONITOR,CL_CSP_01,True,True,True,True,True
LF_CSP_RO_03__header_order_reverse,csp_report_only_not_enforced,PCW-b8ae63a5289c4c59127b,R_CSP_REPORT_ONLY_MONITOR,CL_CSP_01,True,True,True,True,True
LF_CSP_RO_04,csp_report_only_not_enforced,PCW-b46b82f5df8c67d49683,R_CSP_REPORT_ONLY_MONITOR,CL_CSP_01,True,True,True,True,True
LF_CSP_RO_04__directive_whitespace_expand,csp_report_only_not_enforced,PCW-c5505d4085256af1f372,R_CSP_REPORT_ONLY_MONITOR,CL_CSP_01,True,True,True,True,True
LF_CSP_RO_04__header_name_casefold,csp_report_only_not_enforced,PCW-b4782213cb16af1f881b,R_CSP_REPORT_ONLY_MONITOR,CL_CSP_01,True,True,True,True,True
LF_CSP_RO_04__header_order_reverse,csp_report_only_not_enforced,PCW-d636b4e031f169c9ebff,R_CSP_REPORT_ONLY_MONITOR,CL_CSP_01,True,True,True,True,True
LF_CSP_RO_05,csp_report_only_not_enforced,PCW-d6f80d5a85631e737b16,R_CSP_REPORT_ONLY_MONITOR,CL_CSP_01,True,True,True,True,True
LF_CSP_RO_05__directive_whitespace_expand,csp_report_only_not_enforced,PCW-c3eec89c895f7f98bbd7,R_CSP_REPORT_ONLY_MONITOR,CL_CSP_01,True,True,True,True,True
LF_CSP_RO_05__header_name_casefold,csp_report_only_not_enforced,PCW-ea8fedcff32a214acb88,R_CSP_REPORT_ONLY_MONITOR,CL_CSP_01,True,True,True,True,True
LF_CSP_RO_05__header_order_reverse,csp_report_only_not_enforced,PCW-26433dc95c604b553c73,R_CSP_REPORT_ONLY_MONITOR,CL_CSP_01,True,True,True,True,True
LF_CSP_RO_06,csp_report_only_not_enforced,PCW-4f4b2fe4811ac316c682,R_CSP_REPORT_ONLY_MONITOR,CL_CSP_01,True,True,True,True,True
LF_CSP_RO_06__directive_whitespace_expand,csp_report_only_not_enforced,PCW-3f8f6c6833ca58b39ad4,R_CSP_REPORT_ONLY_MONITOR,CL_CSP_01,True,True,True,True,True
LF_CSP_RO_06__header_name_casefold,csp_report_only_not_enforced,PCW-144f5e21da71cbd2e48a,R_CSP_REPORT_ONLY_MONITOR,CL_CSP_01,True,True,True,True,True
LF_CSP_RO_06__header_order_reverse,csp_report_only_not_enforced,PCW-ece7265a628d180921d7,R_CSP_REPORT_ONLY_MONITOR,CL_CSP_01,True,True,True,True,True
LF_HSTS_HTTP_01,hsts_header_not_honored_over_http,PCW-76ed9fc7afc6afd6570e,R_HSTS_IGNORE_INSECURE_TRANSPORT;R_DJANGO_HSTS_HTTPS_ONLY,CL_HSTS_01,True,True,True,True,True
LF_HSTS_HTTP_01__directive_whitespace_expand,hsts_header_not_honored_over_http,PCW-09c6432a0b8fab658562,R_HSTS_IGNORE_INSECURE_TRANSPORT;R_DJANGO_HSTS_HTTPS_ONLY,CL_HSTS_01,True,True,True,True,True
LF_HSTS_HTTP_01__header_name_casefold,hsts_header_not_honored_over_http,PCW-b7ea891d665528625008,R_HSTS_IGNORE_INSECURE_TRANSPORT;R_DJANGO_HSTS_HTTPS_ONLY,CL_HSTS_01,True,True,True,True,True
LF_HSTS_HTTP_01__header_order_reverse,hsts_header_not_honored_over_http,PCW-b93d2b7c32e0e49ca568,R_HSTS_IGNORE_INSECURE_TRANSPORT;R_DJANGO_HSTS_HTTPS_ONLY,CL_HSTS_01,True,True,True,True,True
LF_HSTS_HTTP_02,hsts_header_not_honored_over_http,PCW-33e46f35991b47fe4d1e,R_HSTS_IGNORE_INSECURE_TRANSPORT;R_DJANGO_HSTS_HTTPS_ONLY,CL_HSTS_01,True,True,True,True,True
LF_HSTS_HTTP_02__directive_whitespace_expand,hsts_header_not_honored_over_http,PCW-e09ba3199c2cd2931d04,R_HSTS_IGNORE_INSECURE_TRANSPORT;R_DJANGO_HSTS_HTTPS_ONLY,CL_HSTS_01,True,True,True,True,True
LF_HSTS_HTTP_02__header_name_casefold,hsts_header_not_honored_over_http,PCW-216a964b89a9f0de03a3,R_HSTS_IGNORE_INSECURE_TRANSPORT;R_DJANGO_HSTS_HTTPS_ONLY,CL_HSTS_01,True,True,True,True,True
LF_HSTS_HTTP_02__header_order_reverse,hsts_header_not_honored_over_http,PCW-58217d012190e0ffa477,R_HSTS_IGNORE_INSECURE_TRANSPORT;R_DJANGO_HSTS_HTTPS_ONLY,CL_HSTS_01,True,True,True,True,True
LF_HSTS_HTTP_03,hsts_header_not_honored_over_http,PCW-fc836df83a158b1707ee,R_HSTS_IGNORE_INSECURE_TRANSPORT;R_DJANGO_HSTS_HTTPS_ONLY,CL_HSTS_01,True,True,True,True,True
LF_HSTS_HTTP_03__directive_whitespace_expand,hsts_header_not_honored_over_http,PCW-97d9fc79795debb14983,R_HSTS_IGNORE_INSECURE_TRANSPORT;R_DJANGO_HSTS_HTTPS_ONLY,CL_HSTS_01,True,True,True,True,True
LF_HSTS_HTTP_03__header_name_casefold,hsts_header_not_honored_over_http,PCW-635a2805df97a07fb01e,R_HSTS_IGNORE_INSECURE_TRANSPORT;R_DJANGO_HSTS_HTTPS_ONLY,CL_HSTS_01,True,True,True,True,True
LF_HSTS_HTTP_03__header_order_reverse,hsts_header_not_honored_over_http,PCW-b4395d921ef740e903db,R_HSTS_IGNORE_INSECURE_TRANSPORT;R_DJANGO_HSTS_HTTPS_ONLY,CL_HSTS_01,True,True,True,True,True
LF_HSTS_HTTP_04,hsts_header_not_honored_over_http,PCW-feb2ebc024a0e1643d1a,R_HSTS_IGNORE_INSECURE_TRANSPORT;R_DJANGO_HSTS_HTTPS_ONLY,CL_HSTS_01,True,True,True,True,True
LF_HSTS_HTTP_04__directive_whitespace_expand,hsts_header_not_honored_over_http,PCW-5a32b5afeba934060f83,R_HSTS_IGNORE_INSECURE_TRANSPORT;R_DJANGO_HSTS_HTTPS_ONLY,CL_HSTS_01,True,True,True,True,True
LF_HSTS_HTTP_04__header_name_casefold,hsts_header_not_honored_over_http,PCW-81204280c6b90d829d0d,R_HSTS_IGNORE_INSECURE_TRANSPORT;R_DJANGO_HSTS_HTTPS_ONLY,CL_HSTS_01,True,True,True,True,True
LF_HSTS_HTTP_04__header_order_reverse,hsts_header_not_honored_over_http,PCW-b731860721b0e8614340,R_HSTS_IGNORE_INSECURE_TRANSPORT;R_DJANGO_HSTS_HTTPS_ONLY,CL_HSTS_01,True,True,True,True,True
LF_HSTS_HTTP_05,hsts_header_not_honored_over_http,PCW-479460cb20cbc6a418d4,R_HSTS_IGNORE_INSECURE_TRANSPORT;R_DJANGO_HSTS_HTTPS_ONLY,CL_HSTS_01,True,True,True,True,True
LF_HSTS_HTTP_05__directive_whitespace_expand,hsts_header_not_honored_over_http,PCW-818734e6dbb84df80b82,R_HSTS_IGNORE_INSECURE_TRANSPORT;R_DJANGO_HSTS_HTTPS_ONLY,CL_HSTS_01,True,True,True,True,True
LF_HSTS_HTTP_05__header_name_casefold,hsts_header_not_honored_over_http,PCW-4892ac0f75e8924b3bc0,R_HSTS_IGNORE_INSECURE_TRANSPORT;R_DJANGO_HSTS_HTTPS_ONLY,CL_HSTS_01,True,True,True,True,True
LF_HSTS_HTTP_05__header_order_reverse,hsts_header_not_honored_over_http,PCW-60b566460cb7ae5f3a55,R_HSTS_IGNORE_INSECURE_TRANSPORT;R_DJANGO_HSTS_HTTPS_ONLY,CL_HSTS_01,True,True,True,True,True
LF_HSTS_HTTP_06,hsts_header_not_honored_over_http,PCW-3e19a805b1d957e704cf,R_HSTS_IGNORE_INSECURE_TRANSPORT;R_DJANGO_HSTS_HTTPS_ONLY,CL_HSTS_01,True,True,True,True,True
LF_HSTS_HTTP_06__directive_whitespace_expand,hsts_header_not_honored_over_http,PCW-4e2c915fcefda385f0f0,R_HSTS_IGNORE_INSECURE_TRANSPORT;R_DJANGO_HSTS_HTTPS_ONLY,CL_HSTS_01,True,True,True,True,True
LF_HSTS_HTTP_06__header_name_casefold,hsts_header_not_honored_over_http,PCW-d8b2c3e75deb43002464,R_HSTS_IGNORE_INSECURE_TRANSPORT;R_DJANGO_HSTS_HTTPS_ONLY,CL_HSTS_01,True,True,True,True,True
LF_HSTS_HTTP_06__header_order_reverse,hsts_header_not_honored_over_http,PCW-98b3b647c17a5420cc3c,R_HSTS_IGNORE_INSECURE_TRANSPORT;R_DJANGO_HSTS_HTTPS_ONLY,CL_HSTS_01,True,True,True,True,True
LF_HSTS_SUBDOMAIN_01,hsts_subdomain_scope_not_covered,PCW-5a84843c80a139249897,R_HSTS_INCLUDE_SUBDOMAINS_SCOPE,CL_HSTS_04,True,True,True,True,True
LF_HSTS_SUBDOMAIN_01__directive_whitespace_expand,hsts_subdomain_scope_not_covered,PCW-d9a12b51e77a8bb669be,R_HSTS_INCLUDE_SUBDOMAINS_SCOPE,CL_HSTS_04,True,True,True,True,True
LF_HSTS_SUBDOMAIN_01__header_name_casefold,hsts_subdomain_scope_not_covered,PCW-00cf12567f0f5427bc16,R_HSTS_INCLUDE_SUBDOMAINS_SCOPE,CL_HSTS_04,True,True,True,True,True
LF_HSTS_SUBDOMAIN_01__header_order_reverse,hsts_subdomain_scope_not_covered,PCW-f785c611e2dc3650d592,R_HSTS_INCLUDE_SUBDOMAINS_SCOPE,CL_HSTS_04,True,True,True,True,True
LF_HSTS_SUBDOMAIN_02,hsts_subdomain_scope_not_covered,PCW-b9b807dceeab43c1de41,R_HSTS_INCLUDE_SUBDOMAINS_SCOPE,CL_HSTS_04,True,True,True,True,True
LF_HSTS_SUBDOMAIN_02__directive_whitespace_expand,hsts_subdomain_scope_not_covered,PCW-a5a7acd6ae59576166e4,R_HSTS_INCLUDE_SUBDOMAINS_SCOPE,CL_HSTS_04,True,True,True,True,True
LF_HSTS_SUBDOMAIN_02__header_name_casefold,hsts_subdomain_scope_not_covered,PCW-4d4cc94ec1f1cf0755f0,R_HSTS_INCLUDE_SUBDOMAINS_SCOPE,CL_HSTS_04,True,True,True,True,True
LF_HSTS_SUBDOMAIN_02__header_order_reverse,hsts_subdomain_scope_not_covered,PCW-c86c7962a9c0a3cc2751,R_HSTS_INCLUDE_SUBDOMAINS_SCOPE,CL_HSTS_04,True,True,True,True,True
LF_HSTS_SUBDOMAIN_03,hsts_subdomain_scope_not_covered,PCW-9c1f1b3f9afa2ce7d3cb,R_HSTS_INCLUDE_SUBDOMAINS_SCOPE,CL_HSTS_04,True,True,True,True,True
LF_HSTS_SUBDOMAIN_03__directive_whitespace_expand,hsts_subdomain_scope_not_covered,PCW-d7b1dadb487050fced5e,R_HSTS_INCLUDE_SUBDOMAINS_SCOPE,CL_HSTS_04,True,True,True,True,True
LF_HSTS_SUBDOMAIN_03__header_name_casefold,hsts_subdomain_scope_not_covered,PCW-daeaa4e91731d7decd6b,R_HSTS_INCLUDE_SUBDOMAINS_SCOPE,CL_HSTS_04,True,True,True,True,True
LF_HSTS_SUBDOMAIN_03__header_order_reverse,hsts_subdomain_scope_not_covered,PCW-1b31549e54e44cea3307,R_HSTS_INCLUDE_SUBDOMAINS_SCOPE,CL_HSTS_04,True,True,True,True,True
LF_HSTS_SUBDOMAIN_04,hsts_subdomain_scope_not_covered,PCW-6ac3d3bbd7cce51b4eec,R_HSTS_INCLUDE_SUBDOMAINS_SCOPE,CL_HSTS_04,True,True,True,True,True
LF_HSTS_SUBDOMAIN_04__directive_whitespace_expand,hsts_subdomain_scope_not_covered,PCW-49b3f45c88cf9673baf7,R_HSTS_INCLUDE_SUBDOMAINS_SCOPE,CL_HSTS_04,True,True,True,True,True
LF_HSTS_SUBDOMAIN_04__header_name_casefold,hsts_subdomain_scope_not_covered,PCW-170fd20aa29b60852b90,R_HSTS_INCLUDE_SUBDOMAINS_SCOPE,CL_HSTS_04,True,True,True,True,True
LF_HSTS_SUBDOMAIN_04__header_order_reverse,hsts_subdomain_scope_not_covered,PCW-8f5473d1d5f31cccbc95,R_HSTS_INCLUDE_SUBDOMAINS_SCOPE,CL_HSTS_04,True,True,True,True,True
LF_HSTS_SUBDOMAIN_05,hsts_subdomain_scope_not_covered,PCW-a4bb7ee6e4fd34247e06,R_HSTS_INCLUDE_SUBDOMAINS_SCOPE,CL_HSTS_04,True,True,True,True,True
LF_HSTS_SUBDOMAIN_05__directive_whitespace_expand,hsts_subdomain_scope_not_covered,PCW-a4e835ed64f5305263b3,R_HSTS_INCLUDE_SUBDOMAINS_SCOPE,CL_HSTS_04,True,True,True,True,True
LF_HSTS_SUBDOMAIN_05__header_name_casefold,hsts_subdomain_scope_not_covered,PCW-85ce180e3615b75cf864,R_HSTS_INCLUDE_SUBDOMAINS_SCOPE,CL_HSTS_04,True,True,True,True,True
LF_HSTS_SUBDOMAIN_05__header_order_reverse,hsts_subdomain_scope_not_covered,PCW-c5e88f7ae3c788ef33a0,R_HSTS_INCLUDE_SUBDOMAINS_SCOPE,CL_HSTS_04,True,True,True,True,True
LF_HSTS_SUBDOMAIN_06,hsts_subdomain_scope_not_covered,PCW-ba0642addfcdfe9c0b33,R_HSTS_INCLUDE_SUBDOMAINS_SCOPE,CL_HSTS_04,True,True,True,True,True
LF_HSTS_SUBDOMAIN_06__directive_whitespace_expand,hsts_subdomain_scope_not_covered,PCW-cbab87f2bae51d4412f6,R_HSTS_INCLUDE_SUBDOMAINS_SCOPE,CL_HSTS_04,True,True,True,True,True
LF_HSTS_SUBDOMAIN_06__header_name_casefold,hsts_subdomain_scope_not_covered,PCW-4ddcaca45f85727b1a58,R_HSTS_INCLUDE_SUBDOMAINS_SCOPE,CL_HSTS_04,True,True,True,True,True
LF_HSTS_SUBDOMAIN_06__header_order_reverse,hsts_subdomain_scope_not_covered,PCW-b5397b3a728e759fd8e0,R_HSTS_INCLUDE_SUBDOMAINS_SCOPE,CL_HSTS_04,True,True,True,True,True
LF_HSTS_ZERO_01,hsts_policy_cleared_by_zero_max_age,PCW-fb7137e8b1b5e43a186e,R_HSTS_MAX_AGE_ZERO_CLEARS,CL_HSTS_02,True,True,True,True,True
LF_HSTS_ZERO_01__directive_whitespace_expand,hsts_policy_cleared_by_zero_max_age,PCW-d78b32ec8644f3f16a20,R_HSTS_MAX_AGE_ZERO_CLEARS,CL_HSTS_02,True,True,True,True,True
LF_HSTS_ZERO_01__header_name_casefold,hsts_policy_cleared_by_zero_max_age,PCW-81594e137394a4905ca3,R_HSTS_MAX_AGE_ZERO_CLEARS,CL_HSTS_02,True,True,True,True,True
LF_HSTS_ZERO_01__header_order_reverse,hsts_policy_cleared_by_zero_max_age,PCW-509678854ef44caf842c,R_HSTS_MAX_AGE_ZERO_CLEARS,CL_HSTS_02,True,True,True,True,True
LF_HSTS_ZERO_02,hsts_policy_cleared_by_zero_max_age,PCW-c1700bb2f5d7e0e851f4,R_HSTS_MAX_AGE_ZERO_CLEARS,CL_HSTS_02,True,True,True,True,True
LF_HSTS_ZERO_02__directive_whitespace_expand,hsts_policy_cleared_by_zero_max_age,PCW-1af3b9325e14b26b4712,R_HSTS_MAX_AGE_ZERO_CLEARS,CL_HSTS_02,True,True,True,True,True
LF_HSTS_ZERO_02__header_name_casefold,hsts_policy_cleared_by_zero_max_age,PCW-aff0c3d4b65a4aa1742d,R_HSTS_MAX_AGE_ZERO_CLEARS,CL_HSTS_02,True,True,True,True,True
LF_HSTS_ZERO_02__header_order_reverse,hsts_policy_cleared_by_zero_max_age,PCW-3e362a379127ac60ea81,R_HSTS_MAX_AGE_ZERO_CLEARS,CL_HSTS_02,True,True,True,True,True
LF_HSTS_ZERO_03,hsts_policy_cleared_by_zero_max_age,PCW-f906b09092a427502be0,R_HSTS_MAX_AGE_ZERO_CLEARS,CL_HSTS_02,True,True,True,True,True
LF_HSTS_ZERO_03__directive_whitespace_expand,hsts_policy_cleared_by_zero_max_age,PCW-90573d07c34538bd67fd,R_HSTS_MAX_AGE_ZERO_CLEARS,CL_HSTS_02,True,True,True,True,True
LF_HSTS_ZERO_03__header_name_casefold,hsts_policy_cleared_by_zero_max_age,PCW-d236f7f379b4706133ce,R_HSTS_MAX_AGE_ZERO_CLEARS,CL_HSTS_02,True,True,True,True,True
LF_HSTS_ZERO_03__header_order_reverse,hsts_policy_cleared_by_zero_max_age,PCW-c4ac01b93cd663527097,R_HSTS_MAX_AGE_ZERO_CLEARS,CL_HSTS_02,True,True,True,True,True
LF_HSTS_ZERO_04,hsts_policy_cleared_by_zero_max_age,PCW-1cd31b051163031c3277,R_HSTS_MAX_AGE_ZERO_CLEARS,CL_HSTS_02,True,True,True,True,True
LF_HSTS_ZERO_04__directive_whitespace_expand,hsts_policy_cleared_by_zero_max_age,PCW-263f77907014910493af,R_HSTS_MAX_AGE_ZERO_CLEARS,CL_HSTS_02,True,True,True,True,True
LF_HSTS_ZERO_04__header_name_casefold,hsts_policy_cleared_by_zero_max_age,PCW-e3a3c995debd24ca5a20,R_HSTS_MAX_AGE_ZERO_CLEARS,CL_HSTS_02,True,True,True,True,True
LF_HSTS_ZERO_04__header_order_reverse,hsts_policy_cleared_by_zero_max_age,PCW-e84c7ecf4e18cc7f6167,R_HSTS_MAX_AGE_ZERO_CLEARS,CL_HSTS_02,True,True,True,True,True
LF_HSTS_ZERO_05,hsts_policy_cleared_by_zero_max_age,PCW-875e8e9f74aac4e71c50,R_HSTS_MAX_AGE_ZERO_CLEARS,CL_HSTS_02,True,True,True,True,True
LF_HSTS_ZERO_05__directive_whitespace_expand,hsts_policy_cleared_by_zero_max_age,PCW-cf6e6d5f62ee5e41621a,R_HSTS_MAX_AGE_ZERO_CLEARS,CL_HSTS_02,True,True,True,True,True
LF_HSTS_ZERO_05__header_name_casefold,hsts_policy_cleared_by_zero_max_age,PCW-36eb35f7a634e18215be,R_HSTS_MAX_AGE_ZERO_CLEARS,CL_HSTS_02,True,True,True,True,True
LF_HSTS_ZERO_05__header_order_reverse,hsts_policy_cleared_by_zero_max_age,PCW-f838e3b93625e515a127,R_HSTS_MAX_AGE_ZERO_CLEARS,CL_HSTS_02,True,True,True,True,True
LF_HSTS_ZERO_06,hsts_policy_cleared_by_zero_max_age,PCW-78e1e41b5a6fde37b169,R_HSTS_MAX_AGE_ZERO_CLEARS,CL_HSTS_02,True,True,True,True,True
LF_HSTS_ZERO_06__directive_whitespace_expand,hsts_policy_cleared_by_zero_max_age,PCW-bacd0743a3a654a02010,R_HSTS_MAX_AGE_ZERO_CLEARS,CL_HSTS_02,True,True,True,True,True
LF_HSTS_ZERO_06__header_name_casefold,hsts_policy_cleared_by_zero_max_age,PCW-62b2e4a1e7088b318578,R_HSTS_MAX_AGE_ZERO_CLEARS,CL_HSTS_02,True,True,True,True,True
LF_HSTS_ZERO_06__header_order_reverse,hsts_policy_cleared_by_zero_max_age,PCW-75fefd29b0243ea191f5,R_HSTS_MAX_AGE_ZERO_CLEARS,CL_HSTS_02,True,True,True,True,True
LF_LAYER_DROP_01,layered_header_override_drops_enforcement,PCW-bd298261fb7827ff0298,R_LAYERED_HEADER_SURFACE;R_CSP_CONJUNCTIVE_COMPOSITION,CL_LAYER_01;CL_CSP_01,True,True,True,True,True
LF_LAYER_DROP_01__directive_whitespace_expand,layered_header_override_drops_enforcement,PCW-4dd0840b0ddfcebdbf24,R_LAYERED_HEADER_SURFACE;R_CSP_CONJUNCTIVE_COMPOSITION,CL_LAYER_01;CL_CSP_01,True,True,True,True,True
LF_LAYER_DROP_01__header_name_casefold,layered_header_override_drops_enforcement,PCW-e45b5230c3f2c6a7b44d,R_LAYERED_HEADER_SURFACE;R_CSP_CONJUNCTIVE_COMPOSITION,CL_LAYER_01;CL_CSP_01,True,True,True,True,True
LF_LAYER_DROP_01__header_order_reverse,layered_header_override_drops_enforcement,PCW-b5726d893fca0126aed3,R_LAYERED_HEADER_SURFACE;R_CSP_CONJUNCTIVE_COMPOSITION,CL_LAYER_01;CL_CSP_01,True,True,True,True,True
LF_LAYER_DROP_02,layered_header_override_drops_enforcement,PCW-bf220fb071d4532b83c5,R_LAYERED_HEADER_SURFACE;R_CSP_CONJUNCTIVE_COMPOSITION,CL_LAYER_01;CL_CSP_01,True,True,True,True,True
LF_LAYER_DROP_02__directive_whitespace_expand,layered_header_override_drops_enforcement,PCW-1cfaa77def0da3fd43a9,R_LAYERED_HEADER_SURFACE;R_CSP_CONJUNCTIVE_COMPOSITION,CL_LAYER_01;CL_CSP_01,True,True,True,True,True
LF_LAYER_DROP_02__header_name_casefold,layered_header_override_drops_enforcement,PCW-6cbe37a8a30d11323d57,R_LAYERED_HEADER_SURFACE;R_CSP_CONJUNCTIVE_COMPOSITION,CL_LAYER_01;CL_CSP_01,True,True,True,True,True
LF_LAYER_DROP_02__header_order_reverse,layered_header_override_drops_enforcement,PCW-29ac638366e014f8a0f8,R_LAYERED_HEADER_SURFACE;R_CSP_CONJUNCTIVE_COMPOSITION,CL_LAYER_01;CL_CSP_01,True,True,True,True,True
LF_LAYER_DROP_03,layered_header_override_drops_enforcement,PCW-23d9258fcd55dea6046f,R_LAYERED_HEADER_SURFACE;R_CSP_CONJUNCTIVE_COMPOSITION,CL_LAYER_01;CL_CSP_01,True,True,True,True,True
LF_LAYER_DROP_03__directive_whitespace_expand,layered_header_override_drops_enforcement,PCW-638617954145d2b7325a,R_LAYERED_HEADER_SURFACE;R_CSP_CONJUNCTIVE_COMPOSITION,CL_LAYER_01;CL_CSP_01,True,True,True,True,True
LF_LAYER_DROP_03__header_name_casefold,layered_header_override_drops_enforcement,PCW-dc63c7e2cc3230ef255c,R_LAYERED_HEADER_SURFACE;R_CSP_CONJUNCTIVE_COMPOSITION,CL_LAYER_01;CL_CSP_01,True,True,True,True,True
LF_LAYER_DROP_03__header_order_reverse,layered_header_override_drops_enforcement,PCW-4bbc08cd84d36552e50e,R_LAYERED_HEADER_SURFACE;R_CSP_CONJUNCTIVE_COMPOSITION,CL_LAYER_01;CL_CSP_01,True,True,True,True,True
LF_LAYER_DROP_04,layered_header_override_drops_enforcement,PCW-8cc0374b9c33e3ce4e6f,R_LAYERED_HEADER_SURFACE;R_CSP_CONJUNCTIVE_COMPOSITION,CL_LAYER_01;CL_CSP_01,True,True,True,True,True
LF_LAYER_DROP_04__directive_whitespace_expand,layered_header_override_drops_enforcement,PCW-bc1f5abf853fca66858a,R_LAYERED_HEADER_SURFACE;R_CSP_CONJUNCTIVE_COMPOSITION,CL_LAYER_01;CL_CSP_01,True,True,True,True,True
LF_LAYER_DROP_04__header_name_casefold,layered_header_override_drops_enforcement,PCW-6dffc1f2790645d0a928,R_LAYERED_HEADER_SURFACE;R_CSP_CONJUNCTIVE_COMPOSITION,CL_LAYER_01;CL_CSP_01,True,True,True,True,True
LF_LAYER_DROP_04__header_order_reverse,layered_header_override_drops_enforcement,PCW-8bc9df6c6fe5d02b9bc2,R_LAYERED_HEADER_SURFACE;R_CSP_CONJUNCTIVE_COMPOSITION,CL_LAYER_01;CL_CSP_01,True,True,True,True,True
LF_LAYER_DROP_05,layered_header_override_drops_enforcement,PCW-5881deebd858df9ce174,R_LAYERED_HEADER_SURFACE;R_CSP_CONJUNCTIVE_COMPOSITION,CL_LAYER_01;CL_CSP_01,True,True,True,True,True
LF_LAYER_DROP_05__directive_whitespace_expand,layered_header_override_drops_enforcement,PCW-c3b681867e1c6a3655d0,R_LAYERED_HEADER_SURFACE;R_CSP_CONJUNCTIVE_COMPOSITION,CL_LAYER_01;CL_CSP_01,True,True,True,True,True
LF_LAYER_DROP_05__header_name_casefold,layered_header_override_drops_enforcement,PCW-84e3dae513c4ac078aa5,R_LAYERED_HEADER_SURFACE;R_CSP_CONJUNCTIVE_COMPOSITION,CL_LAYER_01;CL_CSP_01,True,True,True,True,True
LF_LAYER_DROP_05__header_order_reverse,layered_header_override_drops_enforcement,PCW-7bb24c6285f46ee3d4d0,R_LAYERED_HEADER_SURFACE;R_CSP_CONJUNCTIVE_COMPOSITION,CL_LAYER_01;CL_CSP_01,True,True,True,True,True
LF_LAYER_DROP_06,layered_header_override_drops_enforcement,PCW-680fe147e24745140663,R_LAYERED_HEADER_SURFACE;R_CSP_CONJUNCTIVE_COMPOSITION,CL_LAYER_01;CL_CSP_01,True,True,True,True,True
LF_LAYER_DROP_06__directive_whitespace_expand,layered_header_override_drops_enforcement,PCW-d73f5fcbdb103aeafa61,R_LAYERED_HEADER_SURFACE;R_CSP_CONJUNCTIVE_COMPOSITION,CL_LAYER_01;CL_CSP_01,True,True,True,True,True
LF_LAYER_DROP_06__header_name_casefold,layered_header_override_drops_enforcement,PCW-d9667dd0dccf6e6420d8,R_LAYERED_HEADER_SURFACE;R_CSP_CONJUNCTIVE_COMPOSITION,CL_LAYER_01;CL_CSP_01,True,True,True,True,True
LF_LAYER_DROP_06__header_order_reverse,layered_header_override_drops_enforcement,PCW-5d0ba79387fb016310dd,R_LAYERED_HEADER_SURFACE;R_CSP_CONJUNCTIVE_COMPOSITION,CL_LAYER_01;CL_CSP_01,True,True,True,True,True
LF_PERM_DISABLED_01,permissions_policy_feature_disabled,PCW-9815765ef74afbb10d25,R_PERMISSIONS_POLICY_ALLOWLIST;R_PERMISSIONS_POLICY_EMPTY_DISABLES,CL_PERM_01;CL_PERM_02,True,True,True,True,True
LF_PERM_DISABLED_01__directive_whitespace_expand,permissions_policy_feature_disabled,PCW-4f4c05a84489bc6a7064,R_PERMISSIONS_POLICY_ALLOWLIST;R_PERMISSIONS_POLICY_EMPTY_DISABLES,CL_PERM_01;CL_PERM_02,True,True,True,True,True
LF_PERM_DISABLED_01__header_name_casefold,permissions_policy_feature_disabled,PCW-86cbc7296a5d63af81e8,R_PERMISSIONS_POLICY_ALLOWLIST;R_PERMISSIONS_POLICY_EMPTY_DISABLES,CL_PERM_01;CL_PERM_02,True,True,True,True,True
LF_PERM_DISABLED_01__header_order_reverse,permissions_policy_feature_disabled,PCW-ce83b4b9e1d275ac1816,R_PERMISSIONS_POLICY_ALLOWLIST;R_PERMISSIONS_POLICY_EMPTY_DISABLES,CL_PERM_01;CL_PERM_02,True,True,True,True,True
LF_PERM_DISABLED_02,permissions_policy_feature_disabled,PCW-25df6075e9a31da0305a,R_PERMISSIONS_POLICY_ALLOWLIST;R_PERMISSIONS_POLICY_EMPTY_DISABLES,CL_PERM_01;CL_PERM_02,True,True,True,True,True
LF_PERM_DISABLED_02__directive_whitespace_expand,permissions_policy_feature_disabled,PCW-34eec227e16351bca884,R_PERMISSIONS_POLICY_ALLOWLIST;R_PERMISSIONS_POLICY_EMPTY_DISABLES,CL_PERM_01;CL_PERM_02,True,True,True,True,True
LF_PERM_DISABLED_02__header_name_casefold,permissions_policy_feature_disabled,PCW-61d5f3123558b8cdce53,R_PERMISSIONS_POLICY_ALLOWLIST;R_PERMISSIONS_POLICY_EMPTY_DISABLES,CL_PERM_01;CL_PERM_02,True,True,True,True,True
LF_PERM_DISABLED_02__header_order_reverse,permissions_policy_feature_disabled,PCW-e75c666242627817aad5,R_PERMISSIONS_POLICY_ALLOWLIST;R_PERMISSIONS_POLICY_EMPTY_DISABLES,CL_PERM_01;CL_PERM_02,True,True,True,True,True
LF_PERM_DISABLED_03,permissions_policy_feature_disabled,PCW-10f1256b91085e5fb9c7,R_PERMISSIONS_POLICY_ALLOWLIST;R_PERMISSIONS_POLICY_EMPTY_DISABLES,CL_PERM_01;CL_PERM_02,True,True,True,True,True
LF_PERM_DISABLED_03__directive_whitespace_expand,permissions_policy_feature_disabled,PCW-c0ff3563eeae23599c56,R_PERMISSIONS_POLICY_ALLOWLIST;R_PERMISSIONS_POLICY_EMPTY_DISABLES,CL_PERM_01;CL_PERM_02,True,True,True,True,True
LF_PERM_DISABLED_03__header_name_casefold,permissions_policy_feature_disabled,PCW-b22ea58c1e1816cbc781,R_PERMISSIONS_POLICY_ALLOWLIST;R_PERMISSIONS_POLICY_EMPTY_DISABLES,CL_PERM_01;CL_PERM_02,True,True,True,True,True
LF_PERM_DISABLED_03__header_order_reverse,permissions_policy_feature_disabled,PCW-a46c94fdff335da7db11,R_PERMISSIONS_POLICY_ALLOWLIST;R_PERMISSIONS_POLICY_EMPTY_DISABLES,CL_PERM_01;CL_PERM_02,True,True,True,True,True
LF_PERM_DISABLED_04,permissions_policy_feature_disabled,PCW-d120482d6b49c96dbc52,R_PERMISSIONS_POLICY_ALLOWLIST;R_PERMISSIONS_POLICY_EMPTY_DISABLES,CL_PERM_01;CL_PERM_02,True,True,True,True,True
LF_PERM_DISABLED_04__directive_whitespace_expand,permissions_policy_feature_disabled,PCW-660fc1556e1bab43c69b,R_PERMISSIONS_POLICY_ALLOWLIST;R_PERMISSIONS_POLICY_EMPTY_DISABLES,CL_PERM_01;CL_PERM_02,True,True,True,True,True
LF_PERM_DISABLED_04__header_name_casefold,permissions_policy_feature_disabled,PCW-89bdd92b627ac7470bfc,R_PERMISSIONS_POLICY_ALLOWLIST;R_PERMISSIONS_POLICY_EMPTY_DISABLES,CL_PERM_01;CL_PERM_02,True,True,True,True,True
LF_PERM_DISABLED_04__header_order_reverse,permissions_policy_feature_disabled,PCW-29fce1abdd8112a07c3b,R_PERMISSIONS_POLICY_ALLOWLIST;R_PERMISSIONS_POLICY_EMPTY_DISABLES,CL_PERM_01;CL_PERM_02,True,True,True,True,True
LF_PERM_DISABLED_05,permissions_policy_feature_disabled,PCW-bbde1588cc7fd4aefbb2,R_PERMISSIONS_POLICY_ALLOWLIST;R_PERMISSIONS_POLICY_EMPTY_DISABLES,CL_PERM_01;CL_PERM_02,True,True,True,True,True
LF_PERM_DISABLED_05__directive_whitespace_expand,permissions_policy_feature_disabled,PCW-c64157b2400a26c406a5,R_PERMISSIONS_POLICY_ALLOWLIST;R_PERMISSIONS_POLICY_EMPTY_DISABLES,CL_PERM_01;CL_PERM_02,True,True,True,True,True
LF_PERM_DISABLED_05__header_name_casefold,permissions_policy_feature_disabled,PCW-cc5fcc41cdd8449c0436,R_PERMISSIONS_POLICY_ALLOWLIST;R_PERMISSIONS_POLICY_EMPTY_DISABLES,CL_PERM_01;CL_PERM_02,True,True,True,True,True
LF_PERM_DISABLED_05__header_order_reverse,permissions_policy_feature_disabled,PCW-3de8b42763d22a92df61,R_PERMISSIONS_POLICY_ALLOWLIST;R_PERMISSIONS_POLICY_EMPTY_DISABLES,CL_PERM_01;CL_PERM_02,True,True,True,True,True
LF_PERM_DISABLED_06,permissions_policy_feature_disabled,PCW-ee3cd2ab56e19dd9f5ec,R_PERMISSIONS_POLICY_ALLOWLIST;R_PERMISSIONS_POLICY_EMPTY_DISABLES,CL_PERM_01;CL_PERM_02,True,True,True,True,True
LF_PERM_DISABLED_06__directive_whitespace_expand,permissions_policy_feature_disabled,PCW-3fb58b4e953fe036c54c,R_PERMISSIONS_POLICY_ALLOWLIST;R_PERMISSIONS_POLICY_EMPTY_DISABLES,CL_PERM_01;CL_PERM_02,True,True,True,True,True
LF_PERM_DISABLED_06__header_name_casefold,permissions_policy_feature_disabled,PCW-1c7c9b8b17f0661d9b65,R_PERMISSIONS_POLICY_ALLOWLIST;R_PERMISSIONS_POLICY_EMPTY_DISABLES,CL_PERM_01;CL_PERM_02,True,True,True,True,True
LF_PERM_DISABLED_06__header_order_reverse,permissions_policy_feature_disabled,PCW-748e7e1ee625cc77cb8b,R_PERMISSIONS_POLICY_ALLOWLIST;R_PERMISSIONS_POLICY_EMPTY_DISABLES,CL_PERM_01;CL_PERM_02,True,True,True,True,True
