blind_repair_actual,context_delta,header_delta,intent_delta,layer_delta,positive_actual,positive_id,repair_actual,repair_clears_issue,repair_id,target_issue
[],False,True,False,False,"[""csp_report_only_not_enforced""]",LF_CSP_RO_01,[],True,LF_CSP_RO_01__repair__paired_negative,"[""csp_report_only_not_enforced""]"
[],False,True,False,False,"[""csp_report_only_not_enforced""]",LF_CSP_RO_01__header_name_casefold,[],True,LF_CSP_RO_01__header_name_casefold__repair__paired_negative,"[""csp_report_only_not_enforced""]"
[],False,True,False,False,"[""csp_report_only_not_enforced""]",LF_CSP_RO_01__header_order_reverse,[],True,LF_CSP_RO_01__header_order_reverse__repair__paired_negative,"[""csp_report_only_not_enforced""]"
[],False,True,False,False,"[""csp_report_only_not_enforced""]",LF_CSP_RO_01__directive_whitespace_expand,[],True,LF_CSP_RO_01__directive_whitespace_expand__repair__paired_negative,"[""csp_report_only_not_enforced""]"
[],False,True,False,False,"[""csp_report_only_not_enforced""]",LF_CSP_RO_02,[],True,LF_CSP_RO_02__repair__paired_negative,"[""csp_report_only_not_enforced""]"
[],False,True,False,False,"[""csp_report_only_not_enforced""]",LF_CSP_RO_02__header_name_casefold,[],True,LF_CSP_RO_02__header_name_casefold__repair__paired_negative,"[""csp_report_only_not_enforced""]"
[],False,True,False,False,"[""csp_report_only_not_enforced""]",LF_CSP_RO_02__header_order_reverse,[],True,LF_CSP_RO_02__header_order_reverse__repair__paired_negative,"[""csp_report_only_not_enforced""]"
[],False,True,False,False,"[""csp_report_only_not_enforced""]",LF_CSP_RO_02__directive_whitespace_expand,[],True,LF_CSP_RO_02__directive_whitespace_expand__repair__paired_negative,"[""csp_report_only_not_enforced""]"
[],False,True,False,False,"[""csp_report_only_not_enforced""]",LF_CSP_RO_03,[],True,LF_CSP_RO_03__repair__paired_negative,"[""csp_report_only_not_enforced""]"
[],False,True,False,False,"[""csp_report_only_not_enforced""]",LF_CSP_RO_03__header_name_casefold,[],True,LF_CSP_RO_03__header_name_casefold__repair__paired_negative,"[""csp_report_only_not_enforced""]"
[],False,True,False,False,"[""csp_report_only_not_enforced""]",LF_CSP_RO_03__header_order_reverse,[],True,LF_CSP_RO_03__header_order_reverse__repair__paired_negative,"[""csp_report_only_not_enforced""]"
[],False,True,False,False,"[""csp_report_only_not_enforced""]",LF_CSP_RO_03__directive_whitespace_expand,[],True,LF_CSP_RO_03__directive_whitespace_expand__repair__paired_negative,"[""csp_report_only_not_enforced""]"
[],False,True,False,False,"[""csp_report_only_not_enforced""]",LF_CSP_RO_04,[],True,LF_CSP_RO_04__repair__paired_negative,"[""csp_report_only_not_enforced""]"
[],False,True,False,False,"[""csp_report_only_not_enforced""]",LF_CSP_RO_04__header_name_casefold,[],True,LF_CSP_RO_04__header_name_casefold__repair__paired_negative,"[""csp_report_only_not_enforced""]"
[],False,True,False,False,"[""csp_report_only_not_enforced""]",LF_CSP_RO_04__header_order_reverse,[],True,LF_CSP_RO_04__header_order_reverse__repair__paired_negative,"[""csp_report_only_not_enforced""]"
[],False,True,False,False,"[""csp_report_only_not_enforced""]",LF_CSP_RO_04__directive_whitespace_expand,[],True,LF_CSP_RO_04__directive_whitespace_expand__repair__paired_negative,"[""csp_report_only_not_enforced""]"
[],False,True,False,False,"[""csp_report_only_not_enforced""]",LF_CSP_RO_05,[],True,LF_CSP_RO_05__repair__paired_negative,"[""csp_report_only_not_enforced""]"
[],False,True,False,False,"[""csp_report_only_not_enforced""]",LF_CSP_RO_05__header_name_casefold,[],True,LF_CSP_RO_05__header_name_casefold__repair__paired_negative,"[""csp_report_only_not_enforced""]"
[],False,True,False,False,"[""csp_report_only_not_enforced""]",LF_CSP_RO_05__header_order_reverse,[],True,LF_CSP_RO_05__header_order_reverse__repair__paired_negative,"[""csp_report_only_not_enforced""]"
[],False,True,False,False,"[""csp_report_only_not_enforced""]",LF_CSP_RO_05__directive_whitespace_expand,[],True,LF_CSP_RO_05__directive_whitespace_expand__repair__paired_negative,"[""csp_report_only_not_enforced""]"
[],False,True,False,False,"[""csp_report_only_not_enforced""]",LF_CSP_RO_06,[],True,LF_CSP_RO_06__repair__paired_negative,"[""csp_report_only_not_enforced""]"
[],False,True,False,False,"[""csp_report_only_not_enforced""]",LF_CSP_RO_06__header_name_casefold,[],True,LF_CSP_RO_06__header_name_casefold__repair__paired_negative,"[""csp_report_only_not_enforced""]"
[],False,True,False,False,"[""csp_report_only_not_enforced""]",LF_CSP_RO_06__header_order_reverse,[],True,LF_CSP_RO_06__header_order_reverse__repair__paired_negative,"[""csp_report_only_not_enforced""]"
[],False,True,False,False,"[""csp_report_only_not_enforced""]",LF_CSP_RO_06__directive_whitespace_expand,[],True,LF_CSP_RO_06__directive_whitespace_expand__repair__paired_negative,"[""csp_report_only_not_enforced""]"
[],False,True,False,False,"[""csp_effective_script_allowance""]",LF_CSP_FB_01,[],True,LF_CSP_FB_01__repair__paired_negative,"[""csp_effective_script_allowance""]"
[],False,True,False,False,"[""csp_effective_script_allowance""]",LF_CSP_FB_01__header_name_casefold,[],True,LF_CSP_FB_01__header_name_casefold__repair__paired_negative,"[""csp_effective_script_allowance""]"
[],False,True,False,False,"[""csp_effective_script_allowance""]",LF_CSP_FB_01__header_order_reverse,[],True,LF_CSP_FB_01__header_order_reverse__repair__paired_negative,"[""csp_effective_script_allowance""]"
[],False,True,False,False,"[""csp_effective_script_allowance""]",LF_CSP_FB_01__directive_whitespace_expand,[],True,LF_CSP_FB_01__directive_whitespace_expand__repair__paired_negative,"[""csp_effective_script_allowance""]"
[],False,True,False,False,"[""csp_effective_script_allowance""]",LF_CSP_FB_02,[],True,LF_CSP_FB_02__repair__paired_negative,"[""csp_effective_script_allowance""]"
[],False,True,False,False,"[""csp_effective_script_allowance""]",LF_CSP_FB_02__header_name_casefold,[],True,LF_CSP_FB_02__header_name_casefold__repair__paired_negative,"[""csp_effective_script_allowance""]"
[],False,True,False,False,"[""csp_effective_script_allowance""]",LF_CSP_FB_02__header_order_reverse,[],True,LF_CSP_FB_02__header_order_reverse__repair__paired_negative,"[""csp_effective_script_allowance""]"
[],False,True,False,False,"[""csp_effective_script_allowance""]",LF_CSP_FB_02__directive_whitespace_expand,[],True,LF_CSP_FB_02__directive_whitespace_expand__repair__paired_negative,"[""csp_effective_script_allowance""]"
[],False,True,False,False,"[""csp_effective_script_allowance""]",LF_CSP_FB_03,[],True,LF_CSP_FB_03__repair__paired_negative,"[""csp_effective_script_allowance""]"
[],False,True,False,False,"[""csp_effective_script_allowance""]",LF_CSP_FB_03__header_name_casefold,[],True,LF_CSP_FB_03__header_name_casefold__repair__paired_negative,"[""csp_effective_script_allowance""]"
[],False,True,False,False,"[""csp_effective_script_allowance""]",LF_CSP_FB_03__header_order_reverse,[],True,LF_CSP_FB_03__header_order_reverse__repair__paired_negative,"[""csp_effective_script_allowance""]"
[],False,True,False,False,"[""csp_effective_script_allowance""]",LF_CSP_FB_03__directive_whitespace_expand,[],True,LF_CSP_FB_03__directive_whitespace_expand__repair__paired_negative,"[""csp_effective_script_allowance""]"
[],False,True,False,False,"[""csp_effective_script_allowance""]",LF_CSP_FB_04,[],True,LF_CSP_FB_04__repair__paired_negative,"[""csp_effective_script_allowance""]"
[],False,True,False,False,"[""csp_effective_script_allowance""]",LF_CSP_FB_04__header_name_casefold,[],True,LF_CSP_FB_04__header_name_casefold__repair__paired_negative,"[""csp_effective_script_allowance""]"
[],False,True,False,False,"[""csp_effective_script_allowance""]",LF_CSP_FB_04__header_order_reverse,[],True,LF_CSP_FB_04__header_order_reverse__repair__paired_negative,"[""csp_effective_script_allowance""]"
[],False,True,False,False,"[""csp_effective_script_allowance""]",LF_CSP_FB_04__directive_whitespace_expand,[],True,LF_CSP_FB_04__directive_whitespace_expand__repair__paired_negative,"[""csp_effective_script_allowance""]"
[],False,True,False,False,"[""csp_effective_script_allowance""]",LF_CSP_FB_05,[],True,LF_CSP_FB_05__repair__paired_negative,"[""csp_effective_script_allowance""]"
[],False,True,False,False,"[""csp_effective_script_allowance""]",LF_CSP_FB_05__header_name_casefold,[],True,LF_CSP_FB_05__header_name_casefold__repair__paired_negative,"[""csp_effective_script_allowance""]"
[],False,True,False,False,"[""csp_effective_script_allowance""]",LF_CSP_FB_05__header_order_reverse,[],True,LF_CSP_FB_05__header_order_reverse__repair__paired_negative,"[""csp_effective_script_allowance""]"
[],False,True,False,False,"[""csp_effective_script_allowance""]",LF_CSP_FB_05__directive_whitespace_expand,[],True,LF_CSP_FB_05__directive_whitespace_expand__repair__paired_negative,"[""csp_effective_script_allowance""]"
[],False,True,False,False,"[""csp_effective_script_allowance""]",LF_CSP_FB_06,[],True,LF_CSP_FB_06__repair__paired_negative,"[""csp_effective_script_allowance""]"
[],False,True,False,False,"[""csp_effective_script_allowance""]",LF_CSP_FB_06__header_name_casefold,[],True,LF_CSP_FB_06__header_name_casefold__repair__paired_negative,"[""csp_effective_script_allowance""]"
[],False,True,False,False,"[""csp_effective_script_allowance""]",LF_CSP_FB_06__header_order_reverse,[],True,LF_CSP_FB_06__header_order_reverse__repair__paired_negative,"[""csp_effective_script_allowance""]"
[],False,True,False,False,"[""csp_effective_script_allowance""]",LF_CSP_FB_06__directive_whitespace_expand,[],True,LF_CSP_FB_06__directive_whitespace_expand__repair__paired_negative,"[""csp_effective_script_allowance""]"
[],False,True,False,False,"[""csp_effective_script_allowance""]",LF_CSP_FB_07,[],True,LF_CSP_FB_07__repair__paired_negative,"[""csp_effective_script_allowance""]"
[],False,True,False,False,"[""csp_effective_script_allowance""]",LF_CSP_FB_07__header_name_casefold,[],True,LF_CSP_FB_07__header_name_casefold__repair__paired_negative,"[""csp_effective_script_allowance""]"
[],False,True,False,False,"[""csp_effective_script_allowance""]",LF_CSP_FB_07__header_order_reverse,[],True,LF_CSP_FB_07__header_order_reverse__repair__paired_negative,"[""csp_effective_script_allowance""]"
[],False,True,False,False,"[""csp_effective_script_allowance""]",LF_CSP_FB_07__directive_whitespace_expand,[],True,LF_CSP_FB_07__directive_whitespace_expand__repair__paired_negative,"[""csp_effective_script_allowance""]"
[],False,True,False,False,"[""csp_effective_script_allowance""]",LF_CSP_FB_08,[],True,LF_CSP_FB_08__repair__paired_negative,"[""csp_effective_script_allowance""]"
[],False,True,False,False,"[""csp_effective_script_allowance""]",LF_CSP_FB_08__header_name_casefold,[],True,LF_CSP_FB_08__header_name_casefold__repair__paired_negative,"[""csp_effective_script_allowance""]"
[],False,True,False,False,"[""csp_effective_script_allowance""]",LF_CSP_FB_08__header_order_reverse,[],True,LF_CSP_FB_08__header_order_reverse__repair__paired_negative,"[""csp_effective_script_allowance""]"
[],False,True,False,False,"[""csp_effective_script_allowance""]",LF_CSP_FB_08__directive_whitespace_expand,[],True,LF_CSP_FB_08__directive_whitespace_expand__repair__paired_negative,"[""csp_effective_script_allowance""]"
[],True,False,False,False,"[""nonce_csp_static_render_incompatibility""]",LF_CSP_NONCE_01,[],True,LF_CSP_NONCE_01__repair__paired_negative,"[""nonce_csp_static_render_incompatibility""]"
[],True,False,False,False,"[""nonce_csp_static_render_incompatibility""]",LF_CSP_NONCE_01__header_name_casefold,[],True,LF_CSP_NONCE_01__header_name_casefold__repair__paired_negative,"[""nonce_csp_static_render_incompatibility""]"
[],True,False,False,False,"[""nonce_csp_static_render_incompatibility""]",LF_CSP_NONCE_01__header_order_reverse,[],True,LF_CSP_NONCE_01__header_order_reverse__repair__paired_negative,"[""nonce_csp_static_render_incompatibility""]"
[],True,False,False,False,"[""nonce_csp_static_render_incompatibility""]",LF_CSP_NONCE_01__directive_whitespace_expand,[],True,LF_CSP_NONCE_01__directive_whitespace_expand__repair__paired_negative,"[""nonce_csp_static_render_incompatibility""]"
[],True,False,False,False,"[""nonce_csp_static_render_incompatibility""]",LF_CSP_NONCE_02,[],True,LF_CSP_NONCE_02__repair__paired_negative,"[""nonce_csp_static_render_incompatibility""]"
[],True,False,False,False,"[""nonce_csp_static_render_incompatibility""]",LF_CSP_NONCE_02__header_name_casefold,[],True,LF_CSP_NONCE_02__header_name_casefold__repair__paired_negative,"[""nonce_csp_static_render_incompatibility""]"
[],True,False,False,False,"[""nonce_csp_static_render_incompatibility""]",LF_CSP_NONCE_02__header_order_reverse,[],True,LF_CSP_NONCE_02__header_order_reverse__repair__paired_negative,"[""nonce_csp_static_render_incompatibility""]"
[],True,False,False,False,"[""nonce_csp_static_render_incompatibility""]",LF_CSP_NONCE_02__directive_whitespace_expand,[],True,LF_CSP_NONCE_02__directive_whitespace_expand__repair__paired_negative,"[""nonce_csp_static_render_incompatibility""]"
[],True,False,False,False,"[""nonce_csp_static_render_incompatibility""]",LF_CSP_NONCE_03,[],True,LF_CSP_NONCE_03__repair__paired_negative,"[""nonce_csp_static_render_incompatibility""]"
[],True,False,False,False,"[""nonce_csp_static_render_incompatibility""]",LF_CSP_NONCE_03__header_name_casefold,[],True,LF_CSP_NONCE_03__header_name_casefold__repair__paired_negative,"[""nonce_csp_static_render_incompatibility""]"
[],True,False,False,False,"[""nonce_csp_static_render_incompatibility""]",LF_CSP_NONCE_03__header_order_reverse,[],True,LF_CSP_NONCE_03__header_order_reverse__repair__paired_negative,"[""nonce_csp_static_render_incompatibility""]"
[],True,False,False,False,"[""nonce_csp_static_render_incompatibility""]",LF_CSP_NONCE_03__directive_whitespace_expand,[],True,LF_CSP_NONCE_03__directive_whitespace_expand__repair__paired_negative,"[""nonce_csp_static_render_incompatibility""]"
[],True,False,False,False,"[""nonce_csp_static_render_incompatibility""]",LF_CSP_NONCE_04,[],True,LF_CSP_NONCE_04__repair__paired_negative,"[""nonce_csp_static_render_incompatibility""]"
[],True,False,False,False,"[""nonce_csp_static_render_incompatibility""]",LF_CSP_NONCE_04__header_name_casefold,[],True,LF_CSP_NONCE_04__header_name_casefold__repair__paired_negative,"[""nonce_csp_static_render_incompatibility""]"
[],True,False,False,False,"[""nonce_csp_static_render_incompatibility""]",LF_CSP_NONCE_04__header_order_reverse,[],True,LF_CSP_NONCE_04__header_order_reverse__repair__paired_negative,"[""nonce_csp_static_render_incompatibility""]"
[],True,False,False,False,"[""nonce_csp_static_render_incompatibility""]",LF_CSP_NONCE_04__directive_whitespace_expand,[],True,LF_CSP_NONCE_04__directive_whitespace_expand__repair__paired_negative,"[""nonce_csp_static_render_incompatibility""]"
[],True,False,False,False,"[""nonce_csp_static_render_incompatibility""]",LF_CSP_NONCE_05,[],True,LF_CSP_NONCE_05__repair__paired_negative,"[""nonce_csp_static_render_incompatibility""]"
[],True,False,False,False,"[""nonce_csp_static_render_incompatibility""]",LF_CSP_NONCE_05__header_name_casefold,[],True,LF_CSP_NONCE_05__header_name_casefold__repair__paired_negative,"[""nonce_csp_static_render_incompatibility""]"
[],True,False,False,False,"[""nonce_csp_static_render_incompatibility""]",LF_CSP_NONCE_05__header_order_reverse,[],True,LF_CSP_NONCE_05__header_order_reverse__repair__paired_negative,"[""nonce_csp_static_render_incompatibility""]"
[],True,False,False,False,"[""nonce_csp_static_render_incompatibility""]",LF_CSP_NONCE_05__directive_whitespace_expand,[],True,LF_CSP_NONCE_05__directive_whitespace_expand__repair__paired_negative,"[""nonce_csp_static_render_incompatibility""]"
[],True,False,False,False,"[""nonce_csp_static_render_incompatibility""]",LF_CSP_NONCE_06,[],True,LF_CSP_NONCE_06__repair__paired_negative,"[""nonce_csp_static_render_incompatibility""]"
[],True,False,False,False,"[""nonce_csp_static_render_incompatibility""]",LF_CSP_NONCE_06__header_name_casefold,[],True,LF_CSP_NONCE_06__header_name_casefold__repair__paired_negative,"[""nonce_csp_static_render_incompatibility""]"
[],True,False,False,False,"[""nonce_csp_static_render_incompatibility""]",LF_CSP_NONCE_06__header_order_reverse,[],True,LF_CSP_NONCE_06__header_order_reverse__repair__paired_negative,"[""nonce_csp_static_render_incompatibility""]"
[],True,False,False,False,"[""nonce_csp_static_render_incompatibility""]",LF_CSP_NONCE_06__directive_whitespace_expand,[],True,LF_CSP_NONCE_06__directive_whitespace_expand__repair__paired_negative,"[""nonce_csp_static_render_incompatibility""]"
[],False,True,False,False,"[""cors_intended_credentialed_share_blocked""]",LF_CORS_WC_01,[],True,LF_CORS_WC_01__repair__paired_negative,"[""cors_intended_credentialed_share_blocked""]"
[],False,True,False,False,"[""cors_intended_credentialed_share_blocked""]",LF_CORS_WC_01__header_name_casefold,[],True,LF_CORS_WC_01__header_name_casefold__repair__paired_negative,"[""cors_intended_credentialed_share_blocked""]"
[],False,True,False,False,"[""cors_intended_credentialed_share_blocked""]",LF_CORS_WC_01__header_order_reverse,[],True,LF_CORS_WC_01__header_order_reverse__repair__paired_negative,"[""cors_intended_credentialed_share_blocked""]"
[],False,True,False,False,"[""cors_intended_credentialed_share_blocked""]",LF_CORS_WC_01__directive_whitespace_expand,[],True,LF_CORS_WC_01__directive_whitespace_expand__repair__paired_negative,"[""cors_intended_credentialed_share_blocked""]"
[],False,True,False,False,"[""cors_intended_credentialed_share_blocked""]",LF_CORS_WC_02,[],True,LF_CORS_WC_02__repair__paired_negative,"[""cors_intended_credentialed_share_blocked""]"
[],False,True,False,False,"[""cors_intended_credentialed_share_blocked""]",LF_CORS_WC_02__header_name_casefold,[],True,LF_CORS_WC_02__header_name_casefold__repair__paired_negative,"[""cors_intended_credentialed_share_blocked""]"
[],False,True,False,False,"[""cors_intended_credentialed_share_blocked""]",LF_CORS_WC_02__header_order_reverse,[],True,LF_CORS_WC_02__header_order_reverse__repair__paired_negative,"[""cors_intended_credentialed_share_blocked""]"
[],False,True,False,False,"[""cors_intended_credentialed_share_blocked""]",LF_CORS_WC_02__directive_whitespace_expand,[],True,LF_CORS_WC_02__directive_whitespace_expand__repair__paired_negative,"[""cors_intended_credentialed_share_blocked""]"
[],False,True,False,False,"[""cors_intended_credentialed_share_blocked""]",LF_CORS_WC_03,[],True,LF_CORS_WC_03__repair__paired_negative,"[""cors_intended_credentialed_share_blocked""]"
[],False,True,False,False,"[""cors_intended_credentialed_share_blocked""]",LF_CORS_WC_03__header_name_casefold,[],True,LF_CORS_WC_03__header_name_casefold__repair__paired_negative,"[""cors_intended_credentialed_share_blocked""]"
[],False,True,False,False,"[""cors_intended_credentialed_share_blocked""]",LF_CORS_WC_03__header_order_reverse,[],True,LF_CORS_WC_03__header_order_reverse__repair__paired_negative,"[""cors_intended_credentialed_share_blocked""]"
[],False,True,False,False,"[""cors_intended_credentialed_share_blocked""]",LF_CORS_WC_03__directive_whitespace_expand,[],True,LF_CORS_WC_03__directive_whitespace_expand__repair__paired_negative,"[""cors_intended_credentialed_share_blocked""]"
[],False,True,False,False,"[""cors_intended_credentialed_share_blocked""]",LF_CORS_WC_04,[],True,LF_CORS_WC_04__repair__paired_negative,"[""cors_intended_credentialed_share_blocked""]"
[],False,True,False,False,"[""cors_intended_credentialed_share_blocked""]",LF_CORS_WC_04__header_name_casefold,[],True,LF_CORS_WC_04__header_name_casefold__repair__paired_negative,"[""cors_intended_credentialed_share_blocked""]"
[],False,True,False,False,"[""cors_intended_credentialed_share_blocked""]",LF_CORS_WC_04__header_order_reverse,[],True,LF_CORS_WC_04__header_order_reverse__repair__paired_negative,"[""cors_intended_credentialed_share_blocked""]"
[],False,True,False,False,"[""cors_intended_credentialed_share_blocked""]",LF_CORS_WC_04__directive_whitespace_expand,[],True,LF_CORS_WC_04__directive_whitespace_expand__repair__paired_negative,"[""cors_intended_credentialed_share_blocked""]"
[],False,True,False,False,"[""cors_intended_credentialed_share_blocked""]",LF_CORS_WC_05,[],True,LF_CORS_WC_05__repair__paired_negative,"[""cors_intended_credentialed_share_blocked""]"
[],False,True,False,False,"[""cors_intended_credentialed_share_blocked""]",LF_CORS_WC_05__header_name_casefold,[],True,LF_CORS_WC_05__header_name_casefold__repair__paired_negative,"[""cors_intended_credentialed_share_blocked""]"
[],False,True,False,False,"[""cors_intended_credentialed_share_blocked""]",LF_CORS_WC_05__header_order_reverse,[],True,LF_CORS_WC_05__header_order_reverse__repair__paired_negative,"[""cors_intended_credentialed_share_blocked""]"
[],False,True,False,False,"[""cors_intended_credentialed_share_blocked""]",LF_CORS_WC_05__directive_whitespace_expand,[],True,LF_CORS_WC_05__directive_whitespace_expand__repair__paired_negative,"[""cors_intended_credentialed_share_blocked""]"
[],False,True,False,False,"[""cors_intended_credentialed_share_blocked""]",LF_CORS_WC_06,[],True,LF_CORS_WC_06__repair__paired_negative,"[""cors_intended_credentialed_share_blocked""]"
[],False,True,False,False,"[""cors_intended_credentialed_share_blocked""]",LF_CORS_WC_06__header_name_casefold,[],True,LF_CORS_WC_06__header_name_casefold__repair__paired_negative,"[""cors_intended_credentialed_share_blocked""]"
[],False,True,False,False,"[""cors_intended_credentialed_share_blocked""]",LF_CORS_WC_06__header_order_reverse,[],True,LF_CORS_WC_06__header_order_reverse__repair__paired_negative,"[""cors_intended_credentialed_share_blocked""]"
[],False,True,False,False,"[""cors_intended_credentialed_share_blocked""]",LF_CORS_WC_06__directive_whitespace_expand,[],True,LF_CORS_WC_06__directive_whitespace_expand__repair__paired_negative,"[""cors_intended_credentialed_share_blocked""]"
[],False,True,False,False,"[""cors_reflected_origin_with_credentials""]",LF_CORS_REFLECT_01,[],True,LF_CORS_REFLECT_01__repair__paired_negative,"[""cors_reflected_origin_with_credentials""]"
[],False,True,False,False,"[""cors_reflected_origin_with_credentials""]",LF_CORS_REFLECT_01__header_name_casefold,[],True,LF_CORS_REFLECT_01__header_name_casefold__repair__paired_negative,"[""cors_reflected_origin_with_credentials""]"
[],False,True,False,False,"[""cors_reflected_origin_with_credentials""]",LF_CORS_REFLECT_01__header_order_reverse,[],True,LF_CORS_REFLECT_01__header_order_reverse__repair__paired_negative,"[""cors_reflected_origin_with_credentials""]"
[],False,True,False,False,"[""cors_reflected_origin_with_credentials""]",LF_CORS_REFLECT_01__directive_whitespace_expand,[],True,LF_CORS_REFLECT_01__directive_whitespace_expand__repair__paired_negative,"[""cors_reflected_origin_with_credentials""]"
[],False,True,False,False,"[""cors_reflected_origin_with_credentials""]",LF_CORS_REFLECT_02,[],True,LF_CORS_REFLECT_02__repair__paired_negative,"[""cors_reflected_origin_with_credentials""]"
[],False,True,False,False,"[""cors_reflected_origin_with_credentials""]",LF_CORS_REFLECT_02__header_name_casefold,[],True,LF_CORS_REFLECT_02__header_name_casefold__repair__paired_negative,"[""cors_reflected_origin_with_credentials""]"
[],False,True,False,False,"[""cors_reflected_origin_with_credentials""]",LF_CORS_REFLECT_02__header_order_reverse,[],True,LF_CORS_REFLECT_02__header_order_reverse__repair__paired_negative,"[""cors_reflected_origin_with_credentials""]"
[],False,True,False,False,"[""cors_reflected_origin_with_credentials""]",LF_CORS_REFLECT_02__directive_whitespace_expand,[],True,LF_CORS_REFLECT_02__directive_whitespace_expand__repair__paired_negative,"[""cors_reflected_origin_with_credentials""]"
[],False,True,False,False,"[""cors_reflected_origin_with_credentials""]",LF_CORS_REFLECT_03,[],True,LF_CORS_REFLECT_03__repair__paired_negative,"[""cors_reflected_origin_with_credentials""]"
[],False,True,False,False,"[""cors_reflected_origin_with_credentials""]",LF_CORS_REFLECT_03__header_name_casefold,[],True,LF_CORS_REFLECT_03__header_name_casefold__repair__paired_negative,"[""cors_reflected_origin_with_credentials""]"
[],False,True,False,False,"[""cors_reflected_origin_with_credentials""]",LF_CORS_REFLECT_03__header_order_reverse,[],True,LF_CORS_REFLECT_03__header_order_reverse__repair__paired_negative,"[""cors_reflected_origin_with_credentials""]"
[],False,True,False,False,"[""cors_reflected_origin_with_credentials""]",LF_CORS_REFLECT_03__directive_whitespace_expand,[],True,LF_CORS_REFLECT_03__directive_whitespace_expand__repair__paired_negative,"[""cors_reflected_origin_with_credentials""]"
[],False,True,False,False,"[""cors_reflected_origin_with_credentials""]",LF_CORS_REFLECT_04,[],True,LF_CORS_REFLECT_04__repair__paired_negative,"[""cors_reflected_origin_with_credentials""]"
[],False,True,False,False,"[""cors_reflected_origin_with_credentials""]",LF_CORS_REFLECT_04__header_name_casefold,[],True,LF_CORS_REFLECT_04__header_name_casefold__repair__paired_negative,"[""cors_reflected_origin_with_credentials""]"
[],False,True,False,False,"[""cors_reflected_origin_with_credentials""]",LF_CORS_REFLECT_04__header_order_reverse,[],True,LF_CORS_REFLECT_04__header_order_reverse__repair__paired_negative,"[""cors_reflected_origin_with_credentials""]"
[],False,True,False,False,"[""cors_reflected_origin_with_credentials""]",LF_CORS_REFLECT_04__directive_whitespace_expand,[],True,LF_CORS_REFLECT_04__directive_whitespace_expand__repair__paired_negative,"[""cors_reflected_origin_with_credentials""]"
[],False,True,False,False,"[""cors_reflected_origin_with_credentials""]",LF_CORS_REFLECT_05,[],True,LF_CORS_REFLECT_05__repair__paired_negative,"[""cors_reflected_origin_with_credentials""]"
[],False,True,False,False,"[""cors_reflected_origin_with_credentials""]",LF_CORS_REFLECT_05__header_name_casefold,[],True,LF_CORS_REFLECT_05__header_name_casefold__repair__paired_negative,"[""cors_reflected_origin_with_credentials""]"
[],False,True,False,False,"[""cors_reflected_origin_with_credentials""]",LF_CORS_REFLECT_05__header_order_reverse,[],True,LF_CORS_REFLECT_05__header_order_reverse__repair__paired_negative,"[""cors_reflected_origin_with_credentials""]"
[],False,True,False,False,"[""cors_reflected_origin_with_credentials""]",LF_CORS_REFLECT_05__directive_whitespace_expand,[],True,LF_CORS_REFLECT_05__directive_whitespace_expand__repair__paired_negative,"[""cors_reflected_origin_with_credentials""]"
[],False,True,False,False,"[""cors_reflected_origin_with_credentials""]",LF_CORS_REFLECT_06,[],True,LF_CORS_REFLECT_06__repair__paired_negative,"[""cors_reflected_origin_with_credentials""]"
[],False,True,False,False,"[""cors_reflected_origin_with_credentials""]",LF_CORS_REFLECT_06__header_name_casefold,[],True,LF_CORS_REFLECT_06__header_name_casefold__repair__paired_negative,"[""cors_reflected_origin_with_credentials""]"
[],False,True,False,False,"[""cors_reflected_origin_with_credentials""]",LF_CORS_REFLECT_06__header_order_reverse,[],True,LF_CORS_REFLECT_06__header_order_reverse__repair__paired_negative,"[""cors_reflected_origin_with_credentials""]"
[],False,True,False,False,"[""cors_reflected_origin_with_credentials""]",LF_CORS_REFLECT_06__directive_whitespace_expand,[],True,LF_CORS_REFLECT_06__directive_whitespace_expand__repair__paired_negative,"[""cors_reflected_origin_with_credentials""]"
[],True,False,False,False,"[""hsts_header_not_honored_over_http""]",LF_HSTS_HTTP_01,[],True,LF_HSTS_HTTP_01__repair__paired_negative,"[""hsts_header_not_honored_over_http""]"
[],True,False,False,False,"[""hsts_header_not_honored_over_http""]",LF_HSTS_HTTP_01__header_name_casefold,[],True,LF_HSTS_HTTP_01__header_name_casefold__repair__paired_negative,"[""hsts_header_not_honored_over_http""]"
[],True,False,False,False,"[""hsts_header_not_honored_over_http""]",LF_HSTS_HTTP_01__header_order_reverse,[],True,LF_HSTS_HTTP_01__header_order_reverse__repair__paired_negative,"[""hsts_header_not_honored_over_http""]"
[],True,False,False,False,"[""hsts_header_not_honored_over_http""]",LF_HSTS_HTTP_01__directive_whitespace_expand,[],True,LF_HSTS_HTTP_01__directive_whitespace_expand__repair__paired_negative,"[""hsts_header_not_honored_over_http""]"
[],True,False,False,False,"[""hsts_header_not_honored_over_http""]",LF_HSTS_HTTP_02,[],True,LF_HSTS_HTTP_02__repair__paired_negative,"[""hsts_header_not_honored_over_http""]"
[],True,False,False,False,"[""hsts_header_not_honored_over_http""]",LF_HSTS_HTTP_02__header_name_casefold,[],True,LF_HSTS_HTTP_02__header_name_casefold__repair__paired_negative,"[""hsts_header_not_honored_over_http""]"
[],True,False,False,False,"[""hsts_header_not_honored_over_http""]",LF_HSTS_HTTP_02__header_order_reverse,[],True,LF_HSTS_HTTP_02__header_order_reverse__repair__paired_negative,"[""hsts_header_not_honored_over_http""]"
[],True,False,False,False,"[""hsts_header_not_honored_over_http""]",LF_HSTS_HTTP_02__directive_whitespace_expand,[],True,LF_HSTS_HTTP_02__directive_whitespace_expand__repair__paired_negative,"[""hsts_header_not_honored_over_http""]"
[],True,False,False,False,"[""hsts_header_not_honored_over_http""]",LF_HSTS_HTTP_03,[],True,LF_HSTS_HTTP_03__repair__paired_negative,"[""hsts_header_not_honored_over_http""]"
[],True,False,False,False,"[""hsts_header_not_honored_over_http""]",LF_HSTS_HTTP_03__header_name_casefold,[],True,LF_HSTS_HTTP_03__header_name_casefold__repair__paired_negative,"[""hsts_header_not_honored_over_http""]"
[],True,False,False,False,"[""hsts_header_not_honored_over_http""]",LF_HSTS_HTTP_03__header_order_reverse,[],True,LF_HSTS_HTTP_03__header_order_reverse__repair__paired_negative,"[""hsts_header_not_honored_over_http""]"
[],True,False,False,False,"[""hsts_header_not_honored_over_http""]",LF_HSTS_HTTP_03__directive_whitespace_expand,[],True,LF_HSTS_HTTP_03__directive_whitespace_expand__repair__paired_negative,"[""hsts_header_not_honored_over_http""]"
[],True,False,False,False,"[""hsts_header_not_honored_over_http""]",LF_HSTS_HTTP_04,[],True,LF_HSTS_HTTP_04__repair__paired_negative,"[""hsts_header_not_honored_over_http""]"
[],True,False,False,False,"[""hsts_header_not_honored_over_http""]",LF_HSTS_HTTP_04__header_name_casefold,[],True,LF_HSTS_HTTP_04__header_name_casefold__repair__paired_negative,"[""hsts_header_not_honored_over_http""]"
[],True,False,False,False,"[""hsts_header_not_honored_over_http""]",LF_HSTS_HTTP_04__header_order_reverse,[],True,LF_HSTS_HTTP_04__header_order_reverse__repair__paired_negative,"[""hsts_header_not_honored_over_http""]"
[],True,False,False,False,"[""hsts_header_not_honored_over_http""]",LF_HSTS_HTTP_04__directive_whitespace_expand,[],True,LF_HSTS_HTTP_04__directive_whitespace_expand__repair__paired_negative,"[""hsts_header_not_honored_over_http""]"
[],True,False,False,False,"[""hsts_header_not_honored_over_http""]",LF_HSTS_HTTP_05,[],True,LF_HSTS_HTTP_05__repair__paired_negative,"[""hsts_header_not_honored_over_http""]"
[],True,False,False,False,"[""hsts_header_not_honored_over_http""]",LF_HSTS_HTTP_05__header_name_casefold,[],True,LF_HSTS_HTTP_05__header_name_casefold__repair__paired_negative,"[""hsts_header_not_honored_over_http""]"
[],True,False,False,False,"[""hsts_header_not_honored_over_http""]",LF_HSTS_HTTP_05__header_order_reverse,[],True,LF_HSTS_HTTP_05__header_order_reverse__repair__paired_negative,"[""hsts_header_not_honored_over_http""]"
[],True,False,False,False,"[""hsts_header_not_honored_over_http""]",LF_HSTS_HTTP_05__directive_whitespace_expand,[],True,LF_HSTS_HTTP_05__directive_whitespace_expand__repair__paired_negative,"[""hsts_header_not_honored_over_http""]"
[],True,False,False,False,"[""hsts_header_not_honored_over_http""]",LF_HSTS_HTTP_06,[],True,LF_HSTS_HTTP_06__repair__paired_negative,"[""hsts_header_not_honored_over_http""]"
[],True,False,False,False,"[""hsts_header_not_honored_over_http""]",LF_HSTS_HTTP_06__header_name_casefold,[],True,LF_HSTS_HTTP_06__header_name_casefold__repair__paired_negative,"[""hsts_header_not_honored_over_http""]"
[],True,False,False,False,"[""hsts_header_not_honored_over_http""]",LF_HSTS_HTTP_06__header_order_reverse,[],True,LF_HSTS_HTTP_06__header_order_reverse__repair__paired_negative,"[""hsts_header_not_honored_over_http""]"
[],True,False,False,False,"[""hsts_header_not_honored_over_http""]",LF_HSTS_HTTP_06__directive_whitespace_expand,[],True,LF_HSTS_HTTP_06__directive_whitespace_expand__repair__paired_negative,"[""hsts_header_not_honored_over_http""]"
[],False,True,False,False,"[""hsts_policy_cleared_by_zero_max_age""]",LF_HSTS_ZERO_01,[],True,LF_HSTS_ZERO_01__repair__paired_negative,"[""hsts_policy_cleared_by_zero_max_age""]"
[],False,True,False,False,"[""hsts_policy_cleared_by_zero_max_age""]",LF_HSTS_ZERO_01__header_name_casefold,[],True,LF_HSTS_ZERO_01__header_name_casefold__repair__paired_negative,"[""hsts_policy_cleared_by_zero_max_age""]"
[],False,True,False,False,"[""hsts_policy_cleared_by_zero_max_age""]",LF_HSTS_ZERO_01__header_order_reverse,[],True,LF_HSTS_ZERO_01__header_order_reverse__repair__paired_negative,"[""hsts_policy_cleared_by_zero_max_age""]"
[],False,True,False,False,"[""hsts_policy_cleared_by_zero_max_age""]",LF_HSTS_ZERO_01__directive_whitespace_expand,[],True,LF_HSTS_ZERO_01__directive_whitespace_expand__repair__paired_negative,"[""hsts_policy_cleared_by_zero_max_age""]"
[],False,True,False,False,"[""hsts_policy_cleared_by_zero_max_age""]",LF_HSTS_ZERO_02,[],True,LF_HSTS_ZERO_02__repair__paired_negative,"[""hsts_policy_cleared_by_zero_max_age""]"
[],False,True,False,False,"[""hsts_policy_cleared_by_zero_max_age""]",LF_HSTS_ZERO_02__header_name_casefold,[],True,LF_HSTS_ZERO_02__header_name_casefold__repair__paired_negative,"[""hsts_policy_cleared_by_zero_max_age""]"
[],False,True,False,False,"[""hsts_policy_cleared_by_zero_max_age""]",LF_HSTS_ZERO_02__header_order_reverse,[],True,LF_HSTS_ZERO_02__header_order_reverse__repair__paired_negative,"[""hsts_policy_cleared_by_zero_max_age""]"
[],False,True,False,False,"[""hsts_policy_cleared_by_zero_max_age""]",LF_HSTS_ZERO_02__directive_whitespace_expand,[],True,LF_HSTS_ZERO_02__directive_whitespace_expand__repair__paired_negative,"[""hsts_policy_cleared_by_zero_max_age""]"
[],False,True,False,False,"[""hsts_policy_cleared_by_zero_max_age""]",LF_HSTS_ZERO_03,[],True,LF_HSTS_ZERO_03__repair__paired_negative,"[""hsts_policy_cleared_by_zero_max_age""]"
[],False,True,False,False,"[""hsts_policy_cleared_by_zero_max_age""]",LF_HSTS_ZERO_03__header_name_casefold,[],True,LF_HSTS_ZERO_03__header_name_casefold__repair__paired_negative,"[""hsts_policy_cleared_by_zero_max_age""]"
[],False,True,False,False,"[""hsts_policy_cleared_by_zero_max_age""]",LF_HSTS_ZERO_03__header_order_reverse,[],True,LF_HSTS_ZERO_03__header_order_reverse__repair__paired_negative,"[""hsts_policy_cleared_by_zero_max_age""]"
[],False,True,False,False,"[""hsts_policy_cleared_by_zero_max_age""]",LF_HSTS_ZERO_03__directive_whitespace_expand,[],True,LF_HSTS_ZERO_03__directive_whitespace_expand__repair__paired_negative,"[""hsts_policy_cleared_by_zero_max_age""]"
[],False,True,False,False,"[""hsts_policy_cleared_by_zero_max_age""]",LF_HSTS_ZERO_04,[],True,LF_HSTS_ZERO_04__repair__paired_negative,"[""hsts_policy_cleared_by_zero_max_age""]"
[],False,True,False,False,"[""hsts_policy_cleared_by_zero_max_age""]",LF_HSTS_ZERO_04__header_name_casefold,[],True,LF_HSTS_ZERO_04__header_name_casefold__repair__paired_negative,"[""hsts_policy_cleared_by_zero_max_age""]"
[],False,True,False,False,"[""hsts_policy_cleared_by_zero_max_age""]",LF_HSTS_ZERO_04__header_order_reverse,[],True,LF_HSTS_ZERO_04__header_order_reverse__repair__paired_negative,"[""hsts_policy_cleared_by_zero_max_age""]"
[],False,True,False,False,"[""hsts_policy_cleared_by_zero_max_age""]",LF_HSTS_ZERO_04__directive_whitespace_expand,[],True,LF_HSTS_ZERO_04__directive_whitespace_expand__repair__paired_negative,"[""hsts_policy_cleared_by_zero_max_age""]"
[],False,True,False,False,"[""hsts_policy_cleared_by_zero_max_age""]",LF_HSTS_ZERO_05,[],True,LF_HSTS_ZERO_05__repair__paired_negative,"[""hsts_policy_cleared_by_zero_max_age""]"
[],False,True,False,False,"[""hsts_policy_cleared_by_zero_max_age""]",LF_HSTS_ZERO_05__header_name_casefold,[],True,LF_HSTS_ZERO_05__header_name_casefold__repair__paired_negative,"[""hsts_policy_cleared_by_zero_max_age""]"
[],False,True,False,False,"[""hsts_policy_cleared_by_zero_max_age""]",LF_HSTS_ZERO_05__header_order_reverse,[],True,LF_HSTS_ZERO_05__header_order_reverse__repair__paired_negative,"[""hsts_policy_cleared_by_zero_max_age""]"
[],False,True,False,False,"[""hsts_policy_cleared_by_zero_max_age""]",LF_HSTS_ZERO_05__directive_whitespace_expand,[],True,LF_HSTS_ZERO_05__directive_whitespace_expand__repair__paired_negative,"[""hsts_policy_cleared_by_zero_max_age""]"
[],False,True,False,False,"[""hsts_policy_cleared_by_zero_max_age""]",LF_HSTS_ZERO_06,[],True,LF_HSTS_ZERO_06__repair__paired_negative,"[""hsts_policy_cleared_by_zero_max_age""]"
[],False,True,False,False,"[""hsts_policy_cleared_by_zero_max_age""]",LF_HSTS_ZERO_06__header_name_casefold,[],True,LF_HSTS_ZERO_06__header_name_casefold__repair__paired_negative,"[""hsts_policy_cleared_by_zero_max_age""]"
[],False,True,False,False,"[""hsts_policy_cleared_by_zero_max_age""]",LF_HSTS_ZERO_06__header_order_reverse,[],True,LF_HSTS_ZERO_06__header_order_reverse__repair__paired_negative,"[""hsts_policy_cleared_by_zero_max_age""]"
[],False,True,False,False,"[""hsts_policy_cleared_by_zero_max_age""]",LF_HSTS_ZERO_06__directive_whitespace_expand,[],True,LF_HSTS_ZERO_06__directive_whitespace_expand__repair__paired_negative,"[""hsts_policy_cleared_by_zero_max_age""]"
[],False,True,False,False,"[""coep_require_corp_blocks_cross_origin_resource""]",LF_COEP_01,[],True,LF_COEP_01__repair__paired_negative,"[""coep_require_corp_blocks_cross_origin_resource""]"
[],False,True,False,False,"[""coep_require_corp_blocks_cross_origin_resource""]",LF_COEP_01__header_name_casefold,[],True,LF_COEP_01__header_name_casefold__repair__paired_negative,"[""coep_require_corp_blocks_cross_origin_resource""]"
[],False,True,False,False,"[""coep_require_corp_blocks_cross_origin_resource""]",LF_COEP_01__header_order_reverse,[],True,LF_COEP_01__header_order_reverse__repair__paired_negative,"[""coep_require_corp_blocks_cross_origin_resource""]"
[],False,True,False,False,"[""coep_require_corp_blocks_cross_origin_resource""]",LF_COEP_01__directive_whitespace_expand,[],True,LF_COEP_01__directive_whitespace_expand__repair__paired_negative,"[""coep_require_corp_blocks_cross_origin_resource""]"
[],False,True,False,False,"[""coep_require_corp_blocks_cross_origin_resource""]",LF_COEP_02,[],True,LF_COEP_02__repair__paired_negative,"[""coep_require_corp_blocks_cross_origin_resource""]"
[],False,True,False,False,"[""coep_require_corp_blocks_cross_origin_resource""]",LF_COEP_02__header_name_casefold,[],True,LF_COEP_02__header_name_casefold__repair__paired_negative,"[""coep_require_corp_blocks_cross_origin_resource""]"
[],False,True,False,False,"[""coep_require_corp_blocks_cross_origin_resource""]",LF_COEP_02__header_order_reverse,[],True,LF_COEP_02__header_order_reverse__repair__paired_negative,"[""coep_require_corp_blocks_cross_origin_resource""]"
[],False,True,False,False,"[""coep_require_corp_blocks_cross_origin_resource""]",LF_COEP_02__directive_whitespace_expand,[],True,LF_COEP_02__directive_whitespace_expand__repair__paired_negative,"[""coep_require_corp_blocks_cross_origin_resource""]"
[],False,True,False,False,"[""coep_require_corp_blocks_cross_origin_resource""]",LF_COEP_03,[],True,LF_COEP_03__repair__paired_negative,"[""coep_require_corp_blocks_cross_origin_resource""]"
[],False,True,False,False,"[""coep_require_corp_blocks_cross_origin_resource""]",LF_COEP_03__header_name_casefold,[],True,LF_COEP_03__header_name_casefold__repair__paired_negative,"[""coep_require_corp_blocks_cross_origin_resource""]"
[],False,True,False,False,"[""coep_require_corp_blocks_cross_origin_resource""]",LF_COEP_03__header_order_reverse,[],True,LF_COEP_03__header_order_reverse__repair__paired_negative,"[""coep_require_corp_blocks_cross_origin_resource""]"
[],False,True,False,False,"[""coep_require_corp_blocks_cross_origin_resource""]",LF_COEP_03__directive_whitespace_expand,[],True,LF_COEP_03__directive_whitespace_expand__repair__paired_negative,"[""coep_require_corp_blocks_cross_origin_resource""]"
[],False,True,False,False,"[""coep_require_corp_blocks_cross_origin_resource""]",LF_COEP_04,[],True,LF_COEP_04__repair__paired_negative,"[""coep_require_corp_blocks_cross_origin_resource""]"
[],False,True,False,False,"[""coep_require_corp_blocks_cross_origin_resource""]",LF_COEP_04__header_name_casefold,[],True,LF_COEP_04__header_name_casefold__repair__paired_negative,"[""coep_require_corp_blocks_cross_origin_resource""]"
[],False,True,False,False,"[""coep_require_corp_blocks_cross_origin_resource""]",LF_COEP_04__header_order_reverse,[],True,LF_COEP_04__header_order_reverse__repair__paired_negative,"[""coep_require_corp_blocks_cross_origin_resource""]"
[],False,True,False,False,"[""coep_require_corp_blocks_cross_origin_resource""]",LF_COEP_04__directive_whitespace_expand,[],True,LF_COEP_04__directive_whitespace_expand__repair__paired_negative,"[""coep_require_corp_blocks_cross_origin_resource""]"
[],False,True,False,False,"[""coep_require_corp_blocks_cross_origin_resource""]",LF_COEP_05,[],True,LF_COEP_05__repair__paired_negative,"[""coep_require_corp_blocks_cross_origin_resource""]"
[],False,True,False,False,"[""coep_require_corp_blocks_cross_origin_resource""]",LF_COEP_05__header_name_casefold,[],True,LF_COEP_05__header_name_casefold__repair__paired_negative,"[""coep_require_corp_blocks_cross_origin_resource""]"
[],False,True,False,False,"[""coep_require_corp_blocks_cross_origin_resource""]",LF_COEP_05__header_order_reverse,[],True,LF_COEP_05__header_order_reverse__repair__paired_negative,"[""coep_require_corp_blocks_cross_origin_resource""]"
[],False,True,False,False,"[""coep_require_corp_blocks_cross_origin_resource""]",LF_COEP_05__directive_whitespace_expand,[],True,LF_COEP_05__directive_whitespace_expand__repair__paired_negative,"[""coep_require_corp_blocks_cross_origin_resource""]"
[],False,True,False,False,"[""coep_require_corp_blocks_cross_origin_resource""]",LF_COEP_06,[],True,LF_COEP_06__repair__paired_negative,"[""coep_require_corp_blocks_cross_origin_resource""]"
[],False,True,False,False,"[""coep_require_corp_blocks_cross_origin_resource""]",LF_COEP_06__header_name_casefold,[],True,LF_COEP_06__header_name_casefold__repair__paired_negative,"[""coep_require_corp_blocks_cross_origin_resource""]"
[],False,True,False,False,"[""coep_require_corp_blocks_cross_origin_resource""]",LF_COEP_06__header_order_reverse,[],True,LF_COEP_06__header_order_reverse__repair__paired_negative,"[""coep_require_corp_blocks_cross_origin_resource""]"
[],False,True,False,False,"[""coep_require_corp_blocks_cross_origin_resource""]",LF_COEP_06__directive_whitespace_expand,[],True,LF_COEP_06__directive_whitespace_expand__repair__paired_negative,"[""coep_require_corp_blocks_cross_origin_resource""]"
[],False,True,False,False,"[""cross_origin_isolation_incomplete""]",LF_COOP_ISO_01,[],True,LF_COOP_ISO_01__repair__paired_negative,"[""cross_origin_isolation_incomplete""]"
[],False,True,False,False,"[""cross_origin_isolation_incomplete""]",LF_COOP_ISO_01__header_name_casefold,[],True,LF_COOP_ISO_01__header_name_casefold__repair__paired_negative,"[""cross_origin_isolation_incomplete""]"
[],False,True,False,False,"[""cross_origin_isolation_incomplete""]",LF_COOP_ISO_01__header_order_reverse,[],True,LF_COOP_ISO_01__header_order_reverse__repair__paired_negative,"[""cross_origin_isolation_incomplete""]"
[],False,True,False,False,"[""cross_origin_isolation_incomplete""]",LF_COOP_ISO_01__directive_whitespace_expand,[],True,LF_COOP_ISO_01__directive_whitespace_expand__repair__paired_negative,"[""cross_origin_isolation_incomplete""]"
[],False,True,False,False,"[""cross_origin_isolation_incomplete""]",LF_COOP_ISO_02,[],True,LF_COOP_ISO_02__repair__paired_negative,"[""cross_origin_isolation_incomplete""]"
[],False,True,False,False,"[""cross_origin_isolation_incomplete""]",LF_COOP_ISO_02__header_name_casefold,[],True,LF_COOP_ISO_02__header_name_casefold__repair__paired_negative,"[""cross_origin_isolation_incomplete""]"
[],False,True,False,False,"[""cross_origin_isolation_incomplete""]",LF_COOP_ISO_02__header_order_reverse,[],True,LF_COOP_ISO_02__header_order_reverse__repair__paired_negative,"[""cross_origin_isolation_incomplete""]"
[],False,True,False,False,"[""cross_origin_isolation_incomplete""]",LF_COOP_ISO_02__directive_whitespace_expand,[],True,LF_COOP_ISO_02__directive_whitespace_expand__repair__paired_negative,"[""cross_origin_isolation_incomplete""]"
[],False,True,False,False,"[""cross_origin_isolation_incomplete""]",LF_COOP_ISO_03,[],True,LF_COOP_ISO_03__repair__paired_negative,"[""cross_origin_isolation_incomplete""]"
[],False,True,False,False,"[""cross_origin_isolation_incomplete""]",LF_COOP_ISO_03__header_name_casefold,[],True,LF_COOP_ISO_03__header_name_casefold__repair__paired_negative,"[""cross_origin_isolation_incomplete""]"
[],False,True,False,False,"[""cross_origin_isolation_incomplete""]",LF_COOP_ISO_03__header_order_reverse,[],True,LF_COOP_ISO_03__header_order_reverse__repair__paired_negative,"[""cross_origin_isolation_incomplete""]"
[],False,True,False,False,"[""cross_origin_isolation_incomplete""]",LF_COOP_ISO_03__directive_whitespace_expand,[],True,LF_COOP_ISO_03__directive_whitespace_expand__repair__paired_negative,"[""cross_origin_isolation_incomplete""]"
[],False,True,False,False,"[""cross_origin_isolation_incomplete""]",LF_COOP_ISO_04,[],True,LF_COOP_ISO_04__repair__paired_negative,"[""cross_origin_isolation_incomplete""]"
[],False,True,False,False,"[""cross_origin_isolation_incomplete""]",LF_COOP_ISO_04__header_name_casefold,[],True,LF_COOP_ISO_04__header_name_casefold__repair__paired_negative,"[""cross_origin_isolation_incomplete""]"
[],False,True,False,False,"[""cross_origin_isolation_incomplete""]",LF_COOP_ISO_04__header_order_reverse,[],True,LF_COOP_ISO_04__header_order_reverse__repair__paired_negative,"[""cross_origin_isolation_incomplete""]"
[],False,True,False,False,"[""cross_origin_isolation_incomplete""]",LF_COOP_ISO_04__directive_whitespace_expand,[],True,LF_COOP_ISO_04__directive_whitespace_expand__repair__paired_negative,"[""cross_origin_isolation_incomplete""]"
[],False,True,False,False,"[""cross_origin_isolation_incomplete""]",LF_COOP_ISO_05,[],True,LF_COOP_ISO_05__repair__paired_negative,"[""cross_origin_isolation_incomplete""]"
[],False,True,False,False,"[""cross_origin_isolation_incomplete""]",LF_COOP_ISO_05__header_name_casefold,[],True,LF_COOP_ISO_05__header_name_casefold__repair__paired_negative,"[""cross_origin_isolation_incomplete""]"
[],False,True,False,False,"[""cross_origin_isolation_incomplete""]",LF_COOP_ISO_05__header_order_reverse,[],True,LF_COOP_ISO_05__header_order_reverse__repair__paired_negative,"[""cross_origin_isolation_incomplete""]"
[],False,True,False,False,"[""cross_origin_isolation_incomplete""]",LF_COOP_ISO_05__directive_whitespace_expand,[],True,LF_COOP_ISO_05__directive_whitespace_expand__repair__paired_negative,"[""cross_origin_isolation_incomplete""]"
[],False,True,False,False,"[""cross_origin_isolation_incomplete""]",LF_COOP_ISO_06,[],True,LF_COOP_ISO_06__repair__paired_negative,"[""cross_origin_isolation_incomplete""]"
[],False,True,False,False,"[""cross_origin_isolation_incomplete""]",LF_COOP_ISO_06__header_name_casefold,[],True,LF_COOP_ISO_06__header_name_casefold__repair__paired_negative,"[""cross_origin_isolation_incomplete""]"
[],False,True,False,False,"[""cross_origin_isolation_incomplete""]",LF_COOP_ISO_06__header_order_reverse,[],True,LF_COOP_ISO_06__header_order_reverse__repair__paired_negative,"[""cross_origin_isolation_incomplete""]"
[],False,True,False,False,"[""cross_origin_isolation_incomplete""]",LF_COOP_ISO_06__directive_whitespace_expand,[],True,LF_COOP_ISO_06__directive_whitespace_expand__repair__paired_negative,"[""cross_origin_isolation_incomplete""]"
[],False,True,False,False,"[""permissions_policy_feature_disabled""]",LF_PERM_DISABLED_01,[],True,LF_PERM_DISABLED_01__repair__paired_negative,"[""permissions_policy_feature_disabled""]"
[],False,True,False,False,"[""permissions_policy_feature_disabled""]",LF_PERM_DISABLED_01__header_name_casefold,[],True,LF_PERM_DISABLED_01__header_name_casefold__repair__paired_negative,"[""permissions_policy_feature_disabled""]"
[],False,True,False,False,"[""permissions_policy_feature_disabled""]",LF_PERM_DISABLED_01__header_order_reverse,[],True,LF_PERM_DISABLED_01__header_order_reverse__repair__paired_negative,"[""permissions_policy_feature_disabled""]"
[],False,True,False,False,"[""permissions_policy_feature_disabled""]",LF_PERM_DISABLED_01__directive_whitespace_expand,[],True,LF_PERM_DISABLED_01__directive_whitespace_expand__repair__paired_negative,"[""permissions_policy_feature_disabled""]"
[],False,True,False,False,"[""permissions_policy_feature_disabled""]",LF_PERM_DISABLED_02,[],True,LF_PERM_DISABLED_02__repair__paired_negative,"[""permissions_policy_feature_disabled""]"
[],False,True,False,False,"[""permissions_policy_feature_disabled""]",LF_PERM_DISABLED_02__header_name_casefold,[],True,LF_PERM_DISABLED_02__header_name_casefold__repair__paired_negative,"[""permissions_policy_feature_disabled""]"
[],False,True,False,False,"[""permissions_policy_feature_disabled""]",LF_PERM_DISABLED_02__header_order_reverse,[],True,LF_PERM_DISABLED_02__header_order_reverse__repair__paired_negative,"[""permissions_policy_feature_disabled""]"
[],False,True,False,False,"[""permissions_policy_feature_disabled""]",LF_PERM_DISABLED_02__directive_whitespace_expand,[],True,LF_PERM_DISABLED_02__directive_whitespace_expand__repair__paired_negative,"[""permissions_policy_feature_disabled""]"
[],False,True,False,False,"[""permissions_policy_feature_disabled""]",LF_PERM_DISABLED_03,[],True,LF_PERM_DISABLED_03__repair__paired_negative,"[""permissions_policy_feature_disabled""]"
[],False,True,False,False,"[""permissions_policy_feature_disabled""]",LF_PERM_DISABLED_03__header_name_casefold,[],True,LF_PERM_DISABLED_03__header_name_casefold__repair__paired_negative,"[""permissions_policy_feature_disabled""]"
[],False,True,False,False,"[""permissions_policy_feature_disabled""]",LF_PERM_DISABLED_03__header_order_reverse,[],True,LF_PERM_DISABLED_03__header_order_reverse__repair__paired_negative,"[""permissions_policy_feature_disabled""]"
[],False,True,False,False,"[""permissions_policy_feature_disabled""]",LF_PERM_DISABLED_03__directive_whitespace_expand,[],True,LF_PERM_DISABLED_03__directive_whitespace_expand__repair__paired_negative,"[""permissions_policy_feature_disabled""]"
[],False,True,False,False,"[""permissions_policy_feature_disabled""]",LF_PERM_DISABLED_04,[],True,LF_PERM_DISABLED_04__repair__paired_negative,"[""permissions_policy_feature_disabled""]"
[],False,True,False,False,"[""permissions_policy_feature_disabled""]",LF_PERM_DISABLED_04__header_name_casefold,[],True,LF_PERM_DISABLED_04__header_name_casefold__repair__paired_negative,"[""permissions_policy_feature_disabled""]"
[],False,True,False,False,"[""permissions_policy_feature_disabled""]",LF_PERM_DISABLED_04__header_order_reverse,[],True,LF_PERM_DISABLED_04__header_order_reverse__repair__paired_negative,"[""permissions_policy_feature_disabled""]"
[],False,True,False,False,"[""permissions_policy_feature_disabled""]",LF_PERM_DISABLED_04__directive_whitespace_expand,[],True,LF_PERM_DISABLED_04__directive_whitespace_expand__repair__paired_negative,"[""permissions_policy_feature_disabled""]"
[],False,True,False,False,"[""permissions_policy_feature_disabled""]",LF_PERM_DISABLED_05,[],True,LF_PERM_DISABLED_05__repair__paired_negative,"[""permissions_policy_feature_disabled""]"
[],False,True,False,False,"[""permissions_policy_feature_disabled""]",LF_PERM_DISABLED_05__header_name_casefold,[],True,LF_PERM_DISABLED_05__header_name_casefold__repair__paired_negative,"[""permissions_policy_feature_disabled""]"
[],False,True,False,False,"[""permissions_policy_feature_disabled""]",LF_PERM_DISABLED_05__header_order_reverse,[],True,LF_PERM_DISABLED_05__header_order_reverse__repair__paired_negative,"[""permissions_policy_feature_disabled""]"
[],False,True,False,False,"[""permissions_policy_feature_disabled""]",LF_PERM_DISABLED_05__directive_whitespace_expand,[],True,LF_PERM_DISABLED_05__directive_whitespace_expand__repair__paired_negative,"[""permissions_policy_feature_disabled""]"
[],False,True,False,False,"[""permissions_policy_feature_disabled""]",LF_PERM_DISABLED_06,[],True,LF_PERM_DISABLED_06__repair__paired_negative,"[""permissions_policy_feature_disabled""]"
[],False,True,False,False,"[""permissions_policy_feature_disabled""]",LF_PERM_DISABLED_06__header_name_casefold,[],True,LF_PERM_DISABLED_06__header_name_casefold__repair__paired_negative,"[""permissions_policy_feature_disabled""]"
[],False,True,False,False,"[""permissions_policy_feature_disabled""]",LF_PERM_DISABLED_06__header_order_reverse,[],True,LF_PERM_DISABLED_06__header_order_reverse__repair__paired_negative,"[""permissions_policy_feature_disabled""]"
[],False,True,False,False,"[""permissions_policy_feature_disabled""]",LF_PERM_DISABLED_06__directive_whitespace_expand,[],True,LF_PERM_DISABLED_06__directive_whitespace_expand__repair__paired_negative,"[""permissions_policy_feature_disabled""]"
[],False,False,False,True,"[""csp_conjunctive_policy_composition_blocks_required_script""]",LF_CSP_COMPOSE_01,[],True,LF_CSP_COMPOSE_01__repair__paired_negative,"[""csp_conjunctive_policy_composition_blocks_required_script""]"
[],False,False,False,True,"[""csp_conjunctive_policy_composition_blocks_required_script""]",LF_CSP_COMPOSE_01__header_name_casefold,[],True,LF_CSP_COMPOSE_01__header_name_casefold__repair__paired_negative,"[""csp_conjunctive_policy_composition_blocks_required_script""]"
[],False,False,False,True,"[""csp_conjunctive_policy_composition_blocks_required_script""]",LF_CSP_COMPOSE_01__header_order_reverse,[],True,LF_CSP_COMPOSE_01__header_order_reverse__repair__paired_negative,"[""csp_conjunctive_policy_composition_blocks_required_script""]"
[],False,False,False,True,"[""csp_conjunctive_policy_composition_blocks_required_script""]",LF_CSP_COMPOSE_01__directive_whitespace_expand,[],True,LF_CSP_COMPOSE_01__directive_whitespace_expand__repair__paired_negative,"[""csp_conjunctive_policy_composition_blocks_required_script""]"
[],False,False,False,True,"[""csp_conjunctive_policy_composition_blocks_required_script""]",LF_CSP_COMPOSE_02,[],True,LF_CSP_COMPOSE_02__repair__paired_negative,"[""csp_conjunctive_policy_composition_blocks_required_script""]"
[],False,False,False,True,"[""csp_conjunctive_policy_composition_blocks_required_script""]",LF_CSP_COMPOSE_02__header_name_casefold,[],True,LF_CSP_COMPOSE_02__header_name_casefold__repair__paired_negative,"[""csp_conjunctive_policy_composition_blocks_required_script""]"
[],False,False,False,True,"[""csp_conjunctive_policy_composition_blocks_required_script""]",LF_CSP_COMPOSE_02__header_order_reverse,[],True,LF_CSP_COMPOSE_02__header_order_reverse__repair__paired_negative,"[""csp_conjunctive_policy_composition_blocks_required_script""]"
[],False,False,False,True,"[""csp_conjunctive_policy_composition_blocks_required_script""]",LF_CSP_COMPOSE_02__directive_whitespace_expand,[],True,LF_CSP_COMPOSE_02__directive_whitespace_expand__repair__paired_negative,"[""csp_conjunctive_policy_composition_blocks_required_script""]"
[],False,False,False,True,"[""csp_conjunctive_policy_composition_blocks_required_script""]",LF_CSP_COMPOSE_03,[],True,LF_CSP_COMPOSE_03__repair__paired_negative,"[""csp_conjunctive_policy_composition_blocks_required_script""]"
[],False,False,False,True,"[""csp_conjunctive_policy_composition_blocks_required_script""]",LF_CSP_COMPOSE_03__header_name_casefold,[],True,LF_CSP_COMPOSE_03__header_name_casefold__repair__paired_negative,"[""csp_conjunctive_policy_composition_blocks_required_script""]"
[],False,False,False,True,"[""csp_conjunctive_policy_composition_blocks_required_script""]",LF_CSP_COMPOSE_03__header_order_reverse,[],True,LF_CSP_COMPOSE_03__header_order_reverse__repair__paired_negative,"[""csp_conjunctive_policy_composition_blocks_required_script""]"
[],False,False,False,True,"[""csp_conjunctive_policy_composition_blocks_required_script""]",LF_CSP_COMPOSE_03__directive_whitespace_expand,[],True,LF_CSP_COMPOSE_03__directive_whitespace_expand__repair__paired_negative,"[""csp_conjunctive_policy_composition_blocks_required_script""]"
[],False,False,False,True,"[""csp_conjunctive_policy_composition_blocks_required_script""]",LF_CSP_COMPOSE_04,[],True,LF_CSP_COMPOSE_04__repair__paired_negative,"[""csp_conjunctive_policy_composition_blocks_required_script""]"
[],False,False,False,True,"[""csp_conjunctive_policy_composition_blocks_required_script""]",LF_CSP_COMPOSE_04__header_name_casefold,[],True,LF_CSP_COMPOSE_04__header_name_casefold__repair__paired_negative,"[""csp_conjunctive_policy_composition_blocks_required_script""]"
[],False,False,False,True,"[""csp_conjunctive_policy_composition_blocks_required_script""]",LF_CSP_COMPOSE_04__header_order_reverse,[],True,LF_CSP_COMPOSE_04__header_order_reverse__repair__paired_negative,"[""csp_conjunctive_policy_composition_blocks_required_script""]"
[],False,False,False,True,"[""csp_conjunctive_policy_composition_blocks_required_script""]",LF_CSP_COMPOSE_04__directive_whitespace_expand,[],True,LF_CSP_COMPOSE_04__directive_whitespace_expand__repair__paired_negative,"[""csp_conjunctive_policy_composition_blocks_required_script""]"
[],False,False,False,True,"[""csp_conjunctive_policy_composition_blocks_required_script""]",LF_CSP_COMPOSE_05,[],True,LF_CSP_COMPOSE_05__repair__paired_negative,"[""csp_conjunctive_policy_composition_blocks_required_script""]"
[],False,False,False,True,"[""csp_conjunctive_policy_composition_blocks_required_script""]",LF_CSP_COMPOSE_05__header_name_casefold,[],True,LF_CSP_COMPOSE_05__header_name_casefold__repair__paired_negative,"[""csp_conjunctive_policy_composition_blocks_required_script""]"
[],False,False,False,True,"[""csp_conjunctive_policy_composition_blocks_required_script""]",LF_CSP_COMPOSE_05__header_order_reverse,[],True,LF_CSP_COMPOSE_05__header_order_reverse__repair__paired_negative,"[""csp_conjunctive_policy_composition_blocks_required_script""]"
[],False,False,False,True,"[""csp_conjunctive_policy_composition_blocks_required_script""]",LF_CSP_COMPOSE_05__directive_whitespace_expand,[],True,LF_CSP_COMPOSE_05__directive_whitespace_expand__repair__paired_negative,"[""csp_conjunctive_policy_composition_blocks_required_script""]"
[],False,False,False,True,"[""csp_conjunctive_policy_composition_blocks_required_script""]",LF_CSP_COMPOSE_06,[],True,LF_CSP_COMPOSE_06__repair__paired_negative,"[""csp_conjunctive_policy_composition_blocks_required_script""]"
[],False,False,False,True,"[""csp_conjunctive_policy_composition_blocks_required_script""]",LF_CSP_COMPOSE_06__header_name_casefold,[],True,LF_CSP_COMPOSE_06__header_name_casefold__repair__paired_negative,"[""csp_conjunctive_policy_composition_blocks_required_script""]"
[],False,False,False,True,"[""csp_conjunctive_policy_composition_blocks_required_script""]",LF_CSP_COMPOSE_06__header_order_reverse,[],True,LF_CSP_COMPOSE_06__header_order_reverse__repair__paired_negative,"[""csp_conjunctive_policy_composition_blocks_required_script""]"
[],False,False,False,True,"[""csp_conjunctive_policy_composition_blocks_required_script""]",LF_CSP_COMPOSE_06__directive_whitespace_expand,[],True,LF_CSP_COMPOSE_06__directive_whitespace_expand__repair__paired_negative,"[""csp_conjunctive_policy_composition_blocks_required_script""]"
[],False,False,False,True,"[""csp_conjunctive_policy_composition_blocks_required_script""]",LF_CSP_COMPOSE_07,[],True,LF_CSP_COMPOSE_07__repair__paired_negative,"[""csp_conjunctive_policy_composition_blocks_required_script""]"
[],False,False,False,True,"[""csp_conjunctive_policy_composition_blocks_required_script""]",LF_CSP_COMPOSE_07__header_name_casefold,[],True,LF_CSP_COMPOSE_07__header_name_casefold__repair__paired_negative,"[""csp_conjunctive_policy_composition_blocks_required_script""]"
[],False,False,False,True,"[""csp_conjunctive_policy_composition_blocks_required_script""]",LF_CSP_COMPOSE_07__header_order_reverse,[],True,LF_CSP_COMPOSE_07__header_order_reverse__repair__paired_negative,"[""csp_conjunctive_policy_composition_blocks_required_script""]"
[],False,False,False,True,"[""csp_conjunctive_policy_composition_blocks_required_script""]",LF_CSP_COMPOSE_07__directive_whitespace_expand,[],True,LF_CSP_COMPOSE_07__directive_whitespace_expand__repair__paired_negative,"[""csp_conjunctive_policy_composition_blocks_required_script""]"
[],False,False,False,True,"[""csp_conjunctive_policy_composition_blocks_required_script""]",LF_CSP_COMPOSE_08,[],True,LF_CSP_COMPOSE_08__repair__paired_negative,"[""csp_conjunctive_policy_composition_blocks_required_script""]"
[],False,False,False,True,"[""csp_conjunctive_policy_composition_blocks_required_script""]",LF_CSP_COMPOSE_08__header_name_casefold,[],True,LF_CSP_COMPOSE_08__header_name_casefold__repair__paired_negative,"[""csp_conjunctive_policy_composition_blocks_required_script""]"
[],False,False,False,True,"[""csp_conjunctive_policy_composition_blocks_required_script""]",LF_CSP_COMPOSE_08__header_order_reverse,[],True,LF_CSP_COMPOSE_08__header_order_reverse__repair__paired_negative,"[""csp_conjunctive_policy_composition_blocks_required_script""]"
[],False,False,False,True,"[""csp_conjunctive_policy_composition_blocks_required_script""]",LF_CSP_COMPOSE_08__directive_whitespace_expand,[],True,LF_CSP_COMPOSE_08__directive_whitespace_expand__repair__paired_negative,"[""csp_conjunctive_policy_composition_blocks_required_script""]"
[],False,False,False,True,"[""layered_header_override_drops_enforcement""]",LF_LAYER_DROP_01,[],True,LF_LAYER_DROP_01__repair__paired_negative,"[""layered_header_override_drops_enforcement""]"
[],False,False,False,True,"[""layered_header_override_drops_enforcement""]",LF_LAYER_DROP_01__header_name_casefold,[],True,LF_LAYER_DROP_01__header_name_casefold__repair__paired_negative,"[""layered_header_override_drops_enforcement""]"
[],False,False,False,True,"[""layered_header_override_drops_enforcement""]",LF_LAYER_DROP_01__header_order_reverse,[],True,LF_LAYER_DROP_01__header_order_reverse__repair__paired_negative,"[""layered_header_override_drops_enforcement""]"
[],False,False,False,True,"[""layered_header_override_drops_enforcement""]",LF_LAYER_DROP_01__directive_whitespace_expand,[],True,LF_LAYER_DROP_01__directive_whitespace_expand__repair__paired_negative,"[""layered_header_override_drops_enforcement""]"
[],False,False,False,True,"[""layered_header_override_drops_enforcement""]",LF_LAYER_DROP_02,[],True,LF_LAYER_DROP_02__repair__paired_negative,"[""layered_header_override_drops_enforcement""]"
[],False,False,False,True,"[""layered_header_override_drops_enforcement""]",LF_LAYER_DROP_02__header_name_casefold,[],True,LF_LAYER_DROP_02__header_name_casefold__repair__paired_negative,"[""layered_header_override_drops_enforcement""]"
[],False,False,False,True,"[""layered_header_override_drops_enforcement""]",LF_LAYER_DROP_02__header_order_reverse,[],True,LF_LAYER_DROP_02__header_order_reverse__repair__paired_negative,"[""layered_header_override_drops_enforcement""]"
[],False,False,False,True,"[""layered_header_override_drops_enforcement""]",LF_LAYER_DROP_02__directive_whitespace_expand,[],True,LF_LAYER_DROP_02__directive_whitespace_expand__repair__paired_negative,"[""layered_header_override_drops_enforcement""]"
[],False,False,False,True,"[""layered_header_override_drops_enforcement""]",LF_LAYER_DROP_03,[],True,LF_LAYER_DROP_03__repair__paired_negative,"[""layered_header_override_drops_enforcement""]"
[],False,False,False,True,"[""layered_header_override_drops_enforcement""]",LF_LAYER_DROP_03__header_name_casefold,[],True,LF_LAYER_DROP_03__header_name_casefold__repair__paired_negative,"[""layered_header_override_drops_enforcement""]"
[],False,False,False,True,"[""layered_header_override_drops_enforcement""]",LF_LAYER_DROP_03__header_order_reverse,[],True,LF_LAYER_DROP_03__header_order_reverse__repair__paired_negative,"[""layered_header_override_drops_enforcement""]"
[],False,False,False,True,"[""layered_header_override_drops_enforcement""]",LF_LAYER_DROP_03__directive_whitespace_expand,[],True,LF_LAYER_DROP_03__directive_whitespace_expand__repair__paired_negative,"[""layered_header_override_drops_enforcement""]"
[],False,False,False,True,"[""layered_header_override_drops_enforcement""]",LF_LAYER_DROP_04,[],True,LF_LAYER_DROP_04__repair__paired_negative,"[""layered_header_override_drops_enforcement""]"
[],False,False,False,True,"[""layered_header_override_drops_enforcement""]",LF_LAYER_DROP_04__header_name_casefold,[],True,LF_LAYER_DROP_04__header_name_casefold__repair__paired_negative,"[""layered_header_override_drops_enforcement""]"
[],False,False,False,True,"[""layered_header_override_drops_enforcement""]",LF_LAYER_DROP_04__header_order_reverse,[],True,LF_LAYER_DROP_04__header_order_reverse__repair__paired_negative,"[""layered_header_override_drops_enforcement""]"
[],False,False,False,True,"[""layered_header_override_drops_enforcement""]",LF_LAYER_DROP_04__directive_whitespace_expand,[],True,LF_LAYER_DROP_04__directive_whitespace_expand__repair__paired_negative,"[""layered_header_override_drops_enforcement""]"
[],False,False,False,True,"[""layered_header_override_drops_enforcement""]",LF_LAYER_DROP_05,[],True,LF_LAYER_DROP_05__repair__paired_negative,"[""layered_header_override_drops_enforcement""]"
[],False,False,False,True,"[""layered_header_override_drops_enforcement""]",LF_LAYER_DROP_05__header_name_casefold,[],True,LF_LAYER_DROP_05__header_name_casefold__repair__paired_negative,"[""layered_header_override_drops_enforcement""]"
[],False,False,False,True,"[""layered_header_override_drops_enforcement""]",LF_LAYER_DROP_05__header_order_reverse,[],True,LF_LAYER_DROP_05__header_order_reverse__repair__paired_negative,"[""layered_header_override_drops_enforcement""]"
[],False,False,False,True,"[""layered_header_override_drops_enforcement""]",LF_LAYER_DROP_05__directive_whitespace_expand,[],True,LF_LAYER_DROP_05__directive_whitespace_expand__repair__paired_negative,"[""layered_header_override_drops_enforcement""]"
[],False,False,False,True,"[""layered_header_override_drops_enforcement""]",LF_LAYER_DROP_06,[],True,LF_LAYER_DROP_06__repair__paired_negative,"[""layered_header_override_drops_enforcement""]"
[],False,False,False,True,"[""layered_header_override_drops_enforcement""]",LF_LAYER_DROP_06__header_name_casefold,[],True,LF_LAYER_DROP_06__header_name_casefold__repair__paired_negative,"[""layered_header_override_drops_enforcement""]"
[],False,False,False,True,"[""layered_header_override_drops_enforcement""]",LF_LAYER_DROP_06__header_order_reverse,[],True,LF_LAYER_DROP_06__header_order_reverse__repair__paired_negative,"[""layered_header_override_drops_enforcement""]"
[],False,False,False,True,"[""layered_header_override_drops_enforcement""]",LF_LAYER_DROP_06__directive_whitespace_expand,[],True,LF_LAYER_DROP_06__directive_whitespace_expand__repair__paired_negative,"[""layered_header_override_drops_enforcement""]"
[],False,True,False,False,"[""cors_dynamic_origin_missing_vary""]",LF_CORS_VARY_01,[],True,LF_CORS_VARY_01__repair__paired_negative,"[""cors_dynamic_origin_missing_vary""]"
[],False,True,False,False,"[""cors_dynamic_origin_missing_vary""]",LF_CORS_VARY_01__header_name_casefold,[],True,LF_CORS_VARY_01__header_name_casefold__repair__paired_negative,"[""cors_dynamic_origin_missing_vary""]"
[],False,True,False,False,"[""cors_dynamic_origin_missing_vary""]",LF_CORS_VARY_01__header_order_reverse,[],True,LF_CORS_VARY_01__header_order_reverse__repair__paired_negative,"[""cors_dynamic_origin_missing_vary""]"
[],False,True,False,False,"[""cors_dynamic_origin_missing_vary""]",LF_CORS_VARY_01__directive_whitespace_expand,[],True,LF_CORS_VARY_01__directive_whitespace_expand__repair__paired_negative,"[""cors_dynamic_origin_missing_vary""]"
[],False,True,False,False,"[""cors_dynamic_origin_missing_vary""]",LF_CORS_VARY_02,[],True,LF_CORS_VARY_02__repair__paired_negative,"[""cors_dynamic_origin_missing_vary""]"
[],False,True,False,False,"[""cors_dynamic_origin_missing_vary""]",LF_CORS_VARY_02__header_name_casefold,[],True,LF_CORS_VARY_02__header_name_casefold__repair__paired_negative,"[""cors_dynamic_origin_missing_vary""]"
[],False,True,False,False,"[""cors_dynamic_origin_missing_vary""]",LF_CORS_VARY_02__header_order_reverse,[],True,LF_CORS_VARY_02__header_order_reverse__repair__paired_negative,"[""cors_dynamic_origin_missing_vary""]"
[],False,True,False,False,"[""cors_dynamic_origin_missing_vary""]",LF_CORS_VARY_02__directive_whitespace_expand,[],True,LF_CORS_VARY_02__directive_whitespace_expand__repair__paired_negative,"[""cors_dynamic_origin_missing_vary""]"
[],False,True,False,False,"[""cors_dynamic_origin_missing_vary""]",LF_CORS_VARY_03,[],True,LF_CORS_VARY_03__repair__paired_negative,"[""cors_dynamic_origin_missing_vary""]"
[],False,True,False,False,"[""cors_dynamic_origin_missing_vary""]",LF_CORS_VARY_03__header_name_casefold,[],True,LF_CORS_VARY_03__header_name_casefold__repair__paired_negative,"[""cors_dynamic_origin_missing_vary""]"
[],False,True,False,False,"[""cors_dynamic_origin_missing_vary""]",LF_CORS_VARY_03__header_order_reverse,[],True,LF_CORS_VARY_03__header_order_reverse__repair__paired_negative,"[""cors_dynamic_origin_missing_vary""]"
[],False,True,False,False,"[""cors_dynamic_origin_missing_vary""]",LF_CORS_VARY_03__directive_whitespace_expand,[],True,LF_CORS_VARY_03__directive_whitespace_expand__repair__paired_negative,"[""cors_dynamic_origin_missing_vary""]"
[],False,True,False,False,"[""cors_dynamic_origin_missing_vary""]",LF_CORS_VARY_04,[],True,LF_CORS_VARY_04__repair__paired_negative,"[""cors_dynamic_origin_missing_vary""]"
[],False,True,False,False,"[""cors_dynamic_origin_missing_vary""]",LF_CORS_VARY_04__header_name_casefold,[],True,LF_CORS_VARY_04__header_name_casefold__repair__paired_negative,"[""cors_dynamic_origin_missing_vary""]"
[],False,True,False,False,"[""cors_dynamic_origin_missing_vary""]",LF_CORS_VARY_04__header_order_reverse,[],True,LF_CORS_VARY_04__header_order_reverse__repair__paired_negative,"[""cors_dynamic_origin_missing_vary""]"
[],False,True,False,False,"[""cors_dynamic_origin_missing_vary""]",LF_CORS_VARY_04__directive_whitespace_expand,[],True,LF_CORS_VARY_04__directive_whitespace_expand__repair__paired_negative,"[""cors_dynamic_origin_missing_vary""]"
[],False,True,False,False,"[""cors_dynamic_origin_missing_vary""]",LF_CORS_VARY_05,[],True,LF_CORS_VARY_05__repair__paired_negative,"[""cors_dynamic_origin_missing_vary""]"
[],False,True,False,False,"[""cors_dynamic_origin_missing_vary""]",LF_CORS_VARY_05__header_name_casefold,[],True,LF_CORS_VARY_05__header_name_casefold__repair__paired_negative,"[""cors_dynamic_origin_missing_vary""]"
[],False,True,False,False,"[""cors_dynamic_origin_missing_vary""]",LF_CORS_VARY_05__header_order_reverse,[],True,LF_CORS_VARY_05__header_order_reverse__repair__paired_negative,"[""cors_dynamic_origin_missing_vary""]"
[],False,True,False,False,"[""cors_dynamic_origin_missing_vary""]",LF_CORS_VARY_05__directive_whitespace_expand,[],True,LF_CORS_VARY_05__directive_whitespace_expand__repair__paired_negative,"[""cors_dynamic_origin_missing_vary""]"
[],False,True,False,False,"[""cors_dynamic_origin_missing_vary""]",LF_CORS_VARY_06,[],True,LF_CORS_VARY_06__repair__paired_negative,"[""cors_dynamic_origin_missing_vary""]"
[],False,True,False,False,"[""cors_dynamic_origin_missing_vary""]",LF_CORS_VARY_06__header_name_casefold,[],True,LF_CORS_VARY_06__header_name_casefold__repair__paired_negative,"[""cors_dynamic_origin_missing_vary""]"
[],False,True,False,False,"[""cors_dynamic_origin_missing_vary""]",LF_CORS_VARY_06__header_order_reverse,[],True,LF_CORS_VARY_06__header_order_reverse__repair__paired_negative,"[""cors_dynamic_origin_missing_vary""]"
[],False,True,False,False,"[""cors_dynamic_origin_missing_vary""]",LF_CORS_VARY_06__directive_whitespace_expand,[],True,LF_CORS_VARY_06__directive_whitespace_expand__repair__paired_negative,"[""cors_dynamic_origin_missing_vary""]"
[],False,True,False,False,"[""hsts_subdomain_scope_not_covered""]",LF_HSTS_SUBDOMAIN_01,[],True,LF_HSTS_SUBDOMAIN_01__repair__paired_negative,"[""hsts_subdomain_scope_not_covered""]"
[],False,True,False,False,"[""hsts_subdomain_scope_not_covered""]",LF_HSTS_SUBDOMAIN_01__header_name_casefold,[],True,LF_HSTS_SUBDOMAIN_01__header_name_casefold__repair__paired_negative,"[""hsts_subdomain_scope_not_covered""]"
[],False,True,False,False,"[""hsts_subdomain_scope_not_covered""]",LF_HSTS_SUBDOMAIN_01__header_order_reverse,[],True,LF_HSTS_SUBDOMAIN_01__header_order_reverse__repair__paired_negative,"[""hsts_subdomain_scope_not_covered""]"
[],False,True,False,False,"[""hsts_subdomain_scope_not_covered""]",LF_HSTS_SUBDOMAIN_01__directive_whitespace_expand,[],True,LF_HSTS_SUBDOMAIN_01__directive_whitespace_expand__repair__paired_negative,"[""hsts_subdomain_scope_not_covered""]"
[],False,True,False,False,"[""hsts_subdomain_scope_not_covered""]",LF_HSTS_SUBDOMAIN_02,[],True,LF_HSTS_SUBDOMAIN_02__repair__paired_negative,"[""hsts_subdomain_scope_not_covered""]"
[],False,True,False,False,"[""hsts_subdomain_scope_not_covered""]",LF_HSTS_SUBDOMAIN_02__header_name_casefold,[],True,LF_HSTS_SUBDOMAIN_02__header_name_casefold__repair__paired_negative,"[""hsts_subdomain_scope_not_covered""]"
[],False,True,False,False,"[""hsts_subdomain_scope_not_covered""]",LF_HSTS_SUBDOMAIN_02__header_order_reverse,[],True,LF_HSTS_SUBDOMAIN_02__header_order_reverse__repair__paired_negative,"[""hsts_subdomain_scope_not_covered""]"
[],False,True,False,False,"[""hsts_subdomain_scope_not_covered""]",LF_HSTS_SUBDOMAIN_02__directive_whitespace_expand,[],True,LF_HSTS_SUBDOMAIN_02__directive_whitespace_expand__repair__paired_negative,"[""hsts_subdomain_scope_not_covered""]"
[],False,True,False,False,"[""hsts_subdomain_scope_not_covered""]",LF_HSTS_SUBDOMAIN_03,[],True,LF_HSTS_SUBDOMAIN_03__repair__paired_negative,"[""hsts_subdomain_scope_not_covered""]"
[],False,True,False,False,"[""hsts_subdomain_scope_not_covered""]",LF_HSTS_SUBDOMAIN_03__header_name_casefold,[],True,LF_HSTS_SUBDOMAIN_03__header_name_casefold__repair__paired_negative,"[""hsts_subdomain_scope_not_covered""]"
[],False,True,False,False,"[""hsts_subdomain_scope_not_covered""]",LF_HSTS_SUBDOMAIN_03__header_order_reverse,[],True,LF_HSTS_SUBDOMAIN_03__header_order_reverse__repair__paired_negative,"[""hsts_subdomain_scope_not_covered""]"
[],False,True,False,False,"[""hsts_subdomain_scope_not_covered""]",LF_HSTS_SUBDOMAIN_03__directive_whitespace_expand,[],True,LF_HSTS_SUBDOMAIN_03__directive_whitespace_expand__repair__paired_negative,"[""hsts_subdomain_scope_not_covered""]"
[],False,True,False,False,"[""hsts_subdomain_scope_not_covered""]",LF_HSTS_SUBDOMAIN_04,[],True,LF_HSTS_SUBDOMAIN_04__repair__paired_negative,"[""hsts_subdomain_scope_not_covered""]"
[],False,True,False,False,"[""hsts_subdomain_scope_not_covered""]",LF_HSTS_SUBDOMAIN_04__header_name_casefold,[],True,LF_HSTS_SUBDOMAIN_04__header_name_casefold__repair__paired_negative,"[""hsts_subdomain_scope_not_covered""]"
[],False,True,False,False,"[""hsts_subdomain_scope_not_covered""]",LF_HSTS_SUBDOMAIN_04__header_order_reverse,[],True,LF_HSTS_SUBDOMAIN_04__header_order_reverse__repair__paired_negative,"[""hsts_subdomain_scope_not_covered""]"
[],False,True,False,False,"[""hsts_subdomain_scope_not_covered""]",LF_HSTS_SUBDOMAIN_04__directive_whitespace_expand,[],True,LF_HSTS_SUBDOMAIN_04__directive_whitespace_expand__repair__paired_negative,"[""hsts_subdomain_scope_not_covered""]"
[],False,True,False,False,"[""hsts_subdomain_scope_not_covered""]",LF_HSTS_SUBDOMAIN_05,[],True,LF_HSTS_SUBDOMAIN_05__repair__paired_negative,"[""hsts_subdomain_scope_not_covered""]"
[],False,True,False,False,"[""hsts_subdomain_scope_not_covered""]",LF_HSTS_SUBDOMAIN_05__header_name_casefold,[],True,LF_HSTS_SUBDOMAIN_05__header_name_casefold__repair__paired_negative,"[""hsts_subdomain_scope_not_covered""]"
[],False,True,False,False,"[""hsts_subdomain_scope_not_covered""]",LF_HSTS_SUBDOMAIN_05__header_order_reverse,[],True,LF_HSTS_SUBDOMAIN_05__header_order_reverse__repair__paired_negative,"[""hsts_subdomain_scope_not_covered""]"
[],False,True,False,False,"[""hsts_subdomain_scope_not_covered""]",LF_HSTS_SUBDOMAIN_05__directive_whitespace_expand,[],True,LF_HSTS_SUBDOMAIN_05__directive_whitespace_expand__repair__paired_negative,"[""hsts_subdomain_scope_not_covered""]"
[],False,True,False,False,"[""hsts_subdomain_scope_not_covered""]",LF_HSTS_SUBDOMAIN_06,[],True,LF_HSTS_SUBDOMAIN_06__repair__paired_negative,"[""hsts_subdomain_scope_not_covered""]"
[],False,True,False,False,"[""hsts_subdomain_scope_not_covered""]",LF_HSTS_SUBDOMAIN_06__header_name_casefold,[],True,LF_HSTS_SUBDOMAIN_06__header_name_casefold__repair__paired_negative,"[""hsts_subdomain_scope_not_covered""]"
[],False,True,False,False,"[""hsts_subdomain_scope_not_covered""]",LF_HSTS_SUBDOMAIN_06__header_order_reverse,[],True,LF_HSTS_SUBDOMAIN_06__header_order_reverse__repair__paired_negative,"[""hsts_subdomain_scope_not_covered""]"
[],False,True,False,False,"[""hsts_subdomain_scope_not_covered""]",LF_HSTS_SUBDOMAIN_06__directive_whitespace_expand,[],True,LF_HSTS_SUBDOMAIN_06__directive_whitespace_expand__repair__paired_negative,"[""hsts_subdomain_scope_not_covered""]"
[],False,True,False,False,"[""csp_multiple_policy_overblocks_trusted_script""]",AM1_CSP_MULTI_OVERBLOCK_01,[],True,AM1_CSP_MULTI_OVERBLOCK_01__repair__paired_negative,"[""csp_multiple_policy_overblocks_trusted_script""]"
[],False,True,False,False,"[""csp_multiple_policy_overblocks_trusted_script""]",AM1_CSP_MULTI_OVERBLOCK_02,[],True,AM1_CSP_MULTI_OVERBLOCK_02__repair__paired_negative,"[""csp_multiple_policy_overblocks_trusted_script""]"
[],False,True,False,False,"[""csp_multiple_policy_overblocks_trusted_script""]",AM1_CSP_MULTI_OVERBLOCK_03,[],True,AM1_CSP_MULTI_OVERBLOCK_03__repair__paired_negative,"[""csp_multiple_policy_overblocks_trusted_script""]"
[],False,True,False,False,"[""csp_multiple_policy_overblocks_trusted_script""]",AM1_CSP_MULTI_OVERBLOCK_04,[],True,AM1_CSP_MULTI_OVERBLOCK_04__repair__paired_negative,"[""csp_multiple_policy_overblocks_trusted_script""]"
[],False,True,False,False,"[""csp_multiple_policy_overblocks_trusted_script""]",AM1_CSP_MULTI_OVERBLOCK_05,[],True,AM1_CSP_MULTI_OVERBLOCK_05__repair__paired_negative,"[""csp_multiple_policy_overblocks_trusted_script""]"
[],False,True,False,False,"[""csp_multiple_policy_overblocks_trusted_script""]",AM1_CSP_MULTI_OVERBLOCK_06,[],True,AM1_CSP_MULTI_OVERBLOCK_06__repair__paired_negative,"[""csp_multiple_policy_overblocks_trusted_script""]"
[],False,True,False,False,"[""csp_frame_ancestors_report_only_not_enforced""]",AM1_CSP_FRAME_RO_01,[],True,AM1_CSP_FRAME_RO_01__repair__paired_negative,"[""csp_frame_ancestors_report_only_not_enforced""]"
[],False,True,False,False,"[""csp_frame_ancestors_report_only_not_enforced""]",AM1_CSP_FRAME_RO_02,[],True,AM1_CSP_FRAME_RO_02__repair__paired_negative,"[""csp_frame_ancestors_report_only_not_enforced""]"
[],False,True,False,False,"[""csp_frame_ancestors_report_only_not_enforced""]",AM1_CSP_FRAME_RO_03,[],True,AM1_CSP_FRAME_RO_03__repair__paired_negative,"[""csp_frame_ancestors_report_only_not_enforced""]"
[],False,True,False,False,"[""csp_frame_ancestors_report_only_not_enforced""]",AM1_CSP_FRAME_RO_04,[],True,AM1_CSP_FRAME_RO_04__repair__paired_negative,"[""csp_frame_ancestors_report_only_not_enforced""]"
[],False,True,False,False,"[""csp_frame_ancestors_report_only_not_enforced""]",AM1_CSP_FRAME_RO_05,[],True,AM1_CSP_FRAME_RO_05__repair__paired_negative,"[""csp_frame_ancestors_report_only_not_enforced""]"
[],False,True,False,False,"[""csp_frame_ancestors_report_only_not_enforced""]",AM1_CSP_FRAME_RO_06,[],True,AM1_CSP_FRAME_RO_06__repair__paired_negative,"[""csp_frame_ancestors_report_only_not_enforced""]"
[],False,True,False,False,"[""csp_frame_ancestors_meta_delivery_unsupported""]",AM1_CSP_FRAME_META_01,[],True,AM1_CSP_FRAME_META_01__repair__paired_negative,"[""csp_frame_ancestors_meta_delivery_unsupported""]"
[],False,True,False,False,"[""csp_frame_ancestors_meta_delivery_unsupported""]",AM1_CSP_FRAME_META_02,[],True,AM1_CSP_FRAME_META_02__repair__paired_negative,"[""csp_frame_ancestors_meta_delivery_unsupported""]"
[],False,True,False,False,"[""csp_frame_ancestors_meta_delivery_unsupported""]",AM1_CSP_FRAME_META_03,[],True,AM1_CSP_FRAME_META_03__repair__paired_negative,"[""csp_frame_ancestors_meta_delivery_unsupported""]"
[],False,True,False,False,"[""csp_frame_ancestors_meta_delivery_unsupported""]",AM1_CSP_FRAME_META_04,[],True,AM1_CSP_FRAME_META_04__repair__paired_negative,"[""csp_frame_ancestors_meta_delivery_unsupported""]"
[],False,True,False,False,"[""csp_frame_ancestors_meta_delivery_unsupported""]",AM1_CSP_FRAME_META_05,[],True,AM1_CSP_FRAME_META_05__repair__paired_negative,"[""csp_frame_ancestors_meta_delivery_unsupported""]"
[],False,True,False,False,"[""csp_frame_ancestors_meta_delivery_unsupported""]",AM1_CSP_FRAME_META_06,[],True,AM1_CSP_FRAME_META_06__repair__paired_negative,"[""csp_frame_ancestors_meta_delivery_unsupported""]"
[],False,True,False,False,"[""cors_duplicate_acao_not_shareable""]",AM1_CORS_DUP_ACAO_01,[],True,AM1_CORS_DUP_ACAO_01__repair__paired_negative,"[""cors_duplicate_acao_not_shareable""]"
[],False,True,False,False,"[""cors_duplicate_acao_not_shareable""]",AM1_CORS_DUP_ACAO_02,[],True,AM1_CORS_DUP_ACAO_02__repair__paired_negative,"[""cors_duplicate_acao_not_shareable""]"
[],False,True,False,False,"[""cors_duplicate_acao_not_shareable""]",AM1_CORS_DUP_ACAO_03,[],True,AM1_CORS_DUP_ACAO_03__repair__paired_negative,"[""cors_duplicate_acao_not_shareable""]"
[],False,True,False,False,"[""cors_duplicate_acao_not_shareable""]",AM1_CORS_DUP_ACAO_04,[],True,AM1_CORS_DUP_ACAO_04__repair__paired_negative,"[""cors_duplicate_acao_not_shareable""]"
[],False,True,False,False,"[""cors_duplicate_acao_not_shareable""]",AM1_CORS_DUP_ACAO_05,[],True,AM1_CORS_DUP_ACAO_05__repair__paired_negative,"[""cors_duplicate_acao_not_shareable""]"
[],False,True,False,False,"[""cors_duplicate_acao_not_shareable""]",AM1_CORS_DUP_ACAO_06,[],True,AM1_CORS_DUP_ACAO_06__repair__paired_negative,"[""cors_duplicate_acao_not_shareable""]"
[],False,True,False,False,"[""cors_acac_case_sensitive_not_shareable""]",AM1_CORS_ACAC_CASE_01,[],True,AM1_CORS_ACAC_CASE_01__repair__paired_negative,"[""cors_acac_case_sensitive_not_shareable""]"
[],False,True,False,False,"[""cors_acac_case_sensitive_not_shareable""]",AM1_CORS_ACAC_CASE_02,[],True,AM1_CORS_ACAC_CASE_02__repair__paired_negative,"[""cors_acac_case_sensitive_not_shareable""]"
[],False,True,False,False,"[""cors_acac_case_sensitive_not_shareable""]",AM1_CORS_ACAC_CASE_03,[],True,AM1_CORS_ACAC_CASE_03__repair__paired_negative,"[""cors_acac_case_sensitive_not_shareable""]"
[],False,True,False,False,"[""cors_acac_case_sensitive_not_shareable""]",AM1_CORS_ACAC_CASE_04,[],True,AM1_CORS_ACAC_CASE_04__repair__paired_negative,"[""cors_acac_case_sensitive_not_shareable""]"
[],False,True,False,False,"[""cors_acac_case_sensitive_not_shareable""]",AM1_CORS_ACAC_CASE_05,[],True,AM1_CORS_ACAC_CASE_05__repair__paired_negative,"[""cors_acac_case_sensitive_not_shareable""]"
[],False,True,False,False,"[""cors_acac_case_sensitive_not_shareable""]",AM1_CORS_ACAC_CASE_06,[],True,AM1_CORS_ACAC_CASE_06__repair__paired_negative,"[""cors_acac_case_sensitive_not_shareable""]"
[],False,True,False,False,"[""cors_dynamic_origin_without_vary""]",AM1_CORS_VARY_01,[],True,AM1_CORS_VARY_01__repair__paired_negative,"[""cors_dynamic_origin_without_vary""]"
[],False,True,False,False,"[""cors_dynamic_origin_without_vary""]",AM1_CORS_VARY_02,[],True,AM1_CORS_VARY_02__repair__paired_negative,"[""cors_dynamic_origin_without_vary""]"
[],False,True,False,False,"[""cors_dynamic_origin_without_vary""]",AM1_CORS_VARY_03,[],True,AM1_CORS_VARY_03__repair__paired_negative,"[""cors_dynamic_origin_without_vary""]"
[],False,True,False,False,"[""cors_dynamic_origin_without_vary""]",AM1_CORS_VARY_04,[],True,AM1_CORS_VARY_04__repair__paired_negative,"[""cors_dynamic_origin_without_vary""]"
[],False,True,False,False,"[""cors_dynamic_origin_without_vary""]",AM1_CORS_VARY_05,[],True,AM1_CORS_VARY_05__repair__paired_negative,"[""cors_dynamic_origin_without_vary""]"
[],False,True,False,False,"[""cors_dynamic_origin_without_vary""]",AM1_CORS_VARY_06,[],True,AM1_CORS_VARY_06__repair__paired_negative,"[""cors_dynamic_origin_without_vary""]"
[],False,True,False,False,"[""hsts_invalid_max_age_ignored""]",AM1_HSTS_INVALID_01,[],True,AM1_HSTS_INVALID_01__repair__paired_negative,"[""hsts_invalid_max_age_ignored""]"
[],False,True,False,False,"[""hsts_invalid_max_age_ignored""]",AM1_HSTS_INVALID_02,[],True,AM1_HSTS_INVALID_02__repair__paired_negative,"[""hsts_invalid_max_age_ignored""]"
[],False,True,False,False,"[""hsts_invalid_max_age_ignored""]",AM1_HSTS_INVALID_03,[],True,AM1_HSTS_INVALID_03__repair__paired_negative,"[""hsts_invalid_max_age_ignored""]"
[],False,True,False,False,"[""hsts_invalid_max_age_ignored""]",AM1_HSTS_INVALID_04,[],True,AM1_HSTS_INVALID_04__repair__paired_negative,"[""hsts_invalid_max_age_ignored""]"
[],False,True,False,False,"[""hsts_invalid_max_age_ignored""]",AM1_HSTS_INVALID_05,[],True,AM1_HSTS_INVALID_05__repair__paired_negative,"[""hsts_invalid_max_age_ignored""]"
[],False,True,False,False,"[""hsts_invalid_max_age_ignored""]",AM1_HSTS_INVALID_06,[],True,AM1_HSTS_INVALID_06__repair__paired_negative,"[""hsts_invalid_max_age_ignored""]"
[],False,True,False,False,"[""hsts_missing_include_subdomains""]",AM1_HSTS_SUBDOMAIN_01,[],True,AM1_HSTS_SUBDOMAIN_01__repair__paired_negative,"[""hsts_missing_include_subdomains""]"
[],False,True,False,False,"[""hsts_missing_include_subdomains""]",AM1_HSTS_SUBDOMAIN_02,[],True,AM1_HSTS_SUBDOMAIN_02__repair__paired_negative,"[""hsts_missing_include_subdomains""]"
[],False,True,False,False,"[""hsts_missing_include_subdomains""]",AM1_HSTS_SUBDOMAIN_03,[],True,AM1_HSTS_SUBDOMAIN_03__repair__paired_negative,"[""hsts_missing_include_subdomains""]"
[],False,True,False,False,"[""hsts_missing_include_subdomains""]",AM1_HSTS_SUBDOMAIN_04,[],True,AM1_HSTS_SUBDOMAIN_04__repair__paired_negative,"[""hsts_missing_include_subdomains""]"
[],False,True,False,False,"[""hsts_missing_include_subdomains""]",AM1_HSTS_SUBDOMAIN_05,[],True,AM1_HSTS_SUBDOMAIN_05__repair__paired_negative,"[""hsts_missing_include_subdomains""]"
[],False,True,False,False,"[""hsts_missing_include_subdomains""]",AM1_HSTS_SUBDOMAIN_06,[],True,AM1_HSTS_SUBDOMAIN_06__repair__paired_negative,"[""hsts_missing_include_subdomains""]"
[],False,True,False,False,"[""hsts_preload_criteria_not_met""]",AM1_HSTS_PRELOAD_01,[],True,AM1_HSTS_PRELOAD_01__repair__paired_negative,"[""hsts_preload_criteria_not_met""]"
[],False,True,False,False,"[""hsts_preload_criteria_not_met""]",AM1_HSTS_PRELOAD_02,[],True,AM1_HSTS_PRELOAD_02__repair__paired_negative,"[""hsts_preload_criteria_not_met""]"
[],False,True,False,False,"[""hsts_preload_criteria_not_met""]",AM1_HSTS_PRELOAD_03,[],True,AM1_HSTS_PRELOAD_03__repair__paired_negative,"[""hsts_preload_criteria_not_met""]"
[],False,True,False,False,"[""hsts_preload_criteria_not_met""]",AM1_HSTS_PRELOAD_04,[],True,AM1_HSTS_PRELOAD_04__repair__paired_negative,"[""hsts_preload_criteria_not_met""]"
[],False,True,False,False,"[""hsts_preload_criteria_not_met""]",AM1_HSTS_PRELOAD_05,[],True,AM1_HSTS_PRELOAD_05__repair__paired_negative,"[""hsts_preload_criteria_not_met""]"
[],False,True,False,False,"[""hsts_preload_criteria_not_met""]",AM1_HSTS_PRELOAD_06,[],True,AM1_HSTS_PRELOAD_06__repair__paired_negative,"[""hsts_preload_criteria_not_met""]"
[],False,True,False,False,"[""corp_same_site_allows_cross_origin_same_site""]",AM1_CORP_SAMESITE_01,[],True,AM1_CORP_SAMESITE_01__repair__paired_negative,"[""corp_same_site_allows_cross_origin_same_site""]"
[],False,True,False,False,"[""corp_same_site_allows_cross_origin_same_site""]",AM1_CORP_SAMESITE_02,[],True,AM1_CORP_SAMESITE_02__repair__paired_negative,"[""corp_same_site_allows_cross_origin_same_site""]"
[],False,True,False,False,"[""corp_same_site_allows_cross_origin_same_site""]",AM1_CORP_SAMESITE_03,[],True,AM1_CORP_SAMESITE_03__repair__paired_negative,"[""corp_same_site_allows_cross_origin_same_site""]"
[],False,True,False,False,"[""corp_same_site_allows_cross_origin_same_site""]",AM1_CORP_SAMESITE_04,[],True,AM1_CORP_SAMESITE_04__repair__paired_negative,"[""corp_same_site_allows_cross_origin_same_site""]"
[],False,True,False,False,"[""corp_same_site_allows_cross_origin_same_site""]",AM1_CORP_SAMESITE_05,[],True,AM1_CORP_SAMESITE_05__repair__paired_negative,"[""corp_same_site_allows_cross_origin_same_site""]"
[],False,True,False,False,"[""corp_same_site_allows_cross_origin_same_site""]",AM1_CORP_SAMESITE_06,[],True,AM1_CORP_SAMESITE_06__repair__paired_negative,"[""corp_same_site_allows_cross_origin_same_site""]"
[],False,True,False,False,"[""permissions_policy_feature_overallowed""]",AM1_PERM_OVERALLOW_01,[],True,AM1_PERM_OVERALLOW_01__repair__paired_negative,"[""permissions_policy_feature_overallowed""]"
[],False,True,False,False,"[""permissions_policy_feature_overallowed""]",AM1_PERM_OVERALLOW_02,[],True,AM1_PERM_OVERALLOW_02__repair__paired_negative,"[""permissions_policy_feature_overallowed""]"
[],False,True,False,False,"[""permissions_policy_feature_overallowed""]",AM1_PERM_OVERALLOW_03,[],True,AM1_PERM_OVERALLOW_03__repair__paired_negative,"[""permissions_policy_feature_overallowed""]"
[],False,True,False,False,"[""permissions_policy_feature_overallowed""]",AM1_PERM_OVERALLOW_04,[],True,AM1_PERM_OVERALLOW_04__repair__paired_negative,"[""permissions_policy_feature_overallowed""]"
[],False,True,False,False,"[""permissions_policy_feature_overallowed""]",AM1_PERM_OVERALLOW_05,[],True,AM1_PERM_OVERALLOW_05__repair__paired_negative,"[""permissions_policy_feature_overallowed""]"
[],False,True,False,False,"[""permissions_policy_feature_overallowed""]",AM1_PERM_OVERALLOW_06,[],True,AM1_PERM_OVERALLOW_06__repair__paired_negative,"[""permissions_policy_feature_overallowed""]"
