positive_fixture_id,repair_fixture_id,target_issue,semantic_edit_distance,positive_issues,repair_issues,same_source_claims,same_intent,same_policy_family,status
LF_CSP_RO_01,LF_CSP_RO_01__repair__paired_negative,csp_report_only_not_enforced,2,csp_report_only_not_enforced,none,true,true,true,pass
LF_CSP_RO_01__header_name_casefold,LF_CSP_RO_01__header_name_casefold__repair__paired_negative,csp_report_only_not_enforced,2,csp_report_only_not_enforced,none,true,true,true,pass
LF_CSP_RO_01__header_order_reverse,LF_CSP_RO_01__header_order_reverse__repair__paired_negative,csp_report_only_not_enforced,2,csp_report_only_not_enforced,none,true,true,true,pass
LF_CSP_RO_01__directive_whitespace_expand,LF_CSP_RO_01__directive_whitespace_expand__repair__paired_negative,csp_report_only_not_enforced,2,csp_report_only_not_enforced,none,true,true,true,pass
LF_CSP_RO_02,LF_CSP_RO_02__repair__paired_negative,csp_report_only_not_enforced,2,csp_report_only_not_enforced,none,true,true,true,pass
LF_CSP_RO_02__header_name_casefold,LF_CSP_RO_02__header_name_casefold__repair__paired_negative,csp_report_only_not_enforced,2,csp_report_only_not_enforced,none,true,true,true,pass
LF_CSP_RO_02__header_order_reverse,LF_CSP_RO_02__header_order_reverse__repair__paired_negative,csp_report_only_not_enforced,2,csp_report_only_not_enforced,none,true,true,true,pass
LF_CSP_RO_02__directive_whitespace_expand,LF_CSP_RO_02__directive_whitespace_expand__repair__paired_negative,csp_report_only_not_enforced,2,csp_report_only_not_enforced,none,true,true,true,pass
LF_CSP_RO_03,LF_CSP_RO_03__repair__paired_negative,csp_report_only_not_enforced,2,csp_report_only_not_enforced,none,true,true,true,pass
LF_CSP_RO_03__header_name_casefold,LF_CSP_RO_03__header_name_casefold__repair__paired_negative,csp_report_only_not_enforced,2,csp_report_only_not_enforced,none,true,true,true,pass
LF_CSP_RO_03__header_order_reverse,LF_CSP_RO_03__header_order_reverse__repair__paired_negative,csp_report_only_not_enforced,2,csp_report_only_not_enforced,none,true,true,true,pass
LF_CSP_RO_03__directive_whitespace_expand,LF_CSP_RO_03__directive_whitespace_expand__repair__paired_negative,csp_report_only_not_enforced,2,csp_report_only_not_enforced,none,true,true,true,pass
LF_CSP_RO_04,LF_CSP_RO_04__repair__paired_negative,csp_report_only_not_enforced,2,csp_report_only_not_enforced,none,true,true,true,pass
LF_CSP_RO_04__header_name_casefold,LF_CSP_RO_04__header_name_casefold__repair__paired_negative,csp_report_only_not_enforced,2,csp_report_only_not_enforced,none,true,true,true,pass
LF_CSP_RO_04__header_order_reverse,LF_CSP_RO_04__header_order_reverse__repair__paired_negative,csp_report_only_not_enforced,2,csp_report_only_not_enforced,none,true,true,true,pass
LF_CSP_RO_04__directive_whitespace_expand,LF_CSP_RO_04__directive_whitespace_expand__repair__paired_negative,csp_report_only_not_enforced,2,csp_report_only_not_enforced,none,true,true,true,pass
LF_CSP_RO_05,LF_CSP_RO_05__repair__paired_negative,csp_report_only_not_enforced,2,csp_report_only_not_enforced,none,true,true,true,pass
LF_CSP_RO_05__header_name_casefold,LF_CSP_RO_05__header_name_casefold__repair__paired_negative,csp_report_only_not_enforced,2,csp_report_only_not_enforced,none,true,true,true,pass
LF_CSP_RO_05__header_order_reverse,LF_CSP_RO_05__header_order_reverse__repair__paired_negative,csp_report_only_not_enforced,2,csp_report_only_not_enforced,none,true,true,true,pass
LF_CSP_RO_05__directive_whitespace_expand,LF_CSP_RO_05__directive_whitespace_expand__repair__paired_negative,csp_report_only_not_enforced,2,csp_report_only_not_enforced,none,true,true,true,pass
LF_CSP_RO_06,LF_CSP_RO_06__repair__paired_negative,csp_report_only_not_enforced,2,csp_report_only_not_enforced,none,true,true,true,pass
LF_CSP_RO_06__header_name_casefold,LF_CSP_RO_06__header_name_casefold__repair__paired_negative,csp_report_only_not_enforced,2,csp_report_only_not_enforced,none,true,true,true,pass
LF_CSP_RO_06__header_order_reverse,LF_CSP_RO_06__header_order_reverse__repair__paired_negative,csp_report_only_not_enforced,2,csp_report_only_not_enforced,none,true,true,true,pass
LF_CSP_RO_06__directive_whitespace_expand,LF_CSP_RO_06__directive_whitespace_expand__repair__paired_negative,csp_report_only_not_enforced,2,csp_report_only_not_enforced,none,true,true,true,pass
LF_CSP_FB_01,LF_CSP_FB_01__repair__paired_negative,csp_effective_script_allowance,2,csp_effective_script_allowance,none,true,true,true,pass
LF_CSP_FB_01__header_name_casefold,LF_CSP_FB_01__header_name_casefold__repair__paired_negative,csp_effective_script_allowance,2,csp_effective_script_allowance,none,true,true,true,pass
LF_CSP_FB_01__header_order_reverse,LF_CSP_FB_01__header_order_reverse__repair__paired_negative,csp_effective_script_allowance,2,csp_effective_script_allowance,none,true,true,true,pass
LF_CSP_FB_01__directive_whitespace_expand,LF_CSP_FB_01__directive_whitespace_expand__repair__paired_negative,csp_effective_script_allowance,2,csp_effective_script_allowance,none,true,true,true,pass
LF_CSP_FB_02,LF_CSP_FB_02__repair__paired_negative,csp_effective_script_allowance,2,csp_effective_script_allowance,none,true,true,true,pass
LF_CSP_FB_02__header_name_casefold,LF_CSP_FB_02__header_name_casefold__repair__paired_negative,csp_effective_script_allowance,2,csp_effective_script_allowance,none,true,true,true,pass
LF_CSP_FB_02__header_order_reverse,LF_CSP_FB_02__header_order_reverse__repair__paired_negative,csp_effective_script_allowance,2,csp_effective_script_allowance,none,true,true,true,pass
LF_CSP_FB_02__directive_whitespace_expand,LF_CSP_FB_02__directive_whitespace_expand__repair__paired_negative,csp_effective_script_allowance,2,csp_effective_script_allowance,none,true,true,true,pass
LF_CSP_FB_03,LF_CSP_FB_03__repair__paired_negative,csp_effective_script_allowance,2,csp_effective_script_allowance,none,true,true,true,pass
LF_CSP_FB_03__header_name_casefold,LF_CSP_FB_03__header_name_casefold__repair__paired_negative,csp_effective_script_allowance,2,csp_effective_script_allowance,none,true,true,true,pass
LF_CSP_FB_03__header_order_reverse,LF_CSP_FB_03__header_order_reverse__repair__paired_negative,csp_effective_script_allowance,2,csp_effective_script_allowance,none,true,true,true,pass
LF_CSP_FB_03__directive_whitespace_expand,LF_CSP_FB_03__directive_whitespace_expand__repair__paired_negative,csp_effective_script_allowance,2,csp_effective_script_allowance,none,true,true,true,pass
LF_CSP_FB_04,LF_CSP_FB_04__repair__paired_negative,csp_effective_script_allowance,2,csp_effective_script_allowance,none,true,true,true,pass
LF_CSP_FB_04__header_name_casefold,LF_CSP_FB_04__header_name_casefold__repair__paired_negative,csp_effective_script_allowance,2,csp_effective_script_allowance,none,true,true,true,pass
LF_CSP_FB_04__header_order_reverse,LF_CSP_FB_04__header_order_reverse__repair__paired_negative,csp_effective_script_allowance,2,csp_effective_script_allowance,none,true,true,true,pass
LF_CSP_FB_04__directive_whitespace_expand,LF_CSP_FB_04__directive_whitespace_expand__repair__paired_negative,csp_effective_script_allowance,2,csp_effective_script_allowance,none,true,true,true,pass
LF_CSP_FB_05,LF_CSP_FB_05__repair__paired_negative,csp_effective_script_allowance,2,csp_effective_script_allowance,none,true,true,true,pass
LF_CSP_FB_05__header_name_casefold,LF_CSP_FB_05__header_name_casefold__repair__paired_negative,csp_effective_script_allowance,2,csp_effective_script_allowance,none,true,true,true,pass
LF_CSP_FB_05__header_order_reverse,LF_CSP_FB_05__header_order_reverse__repair__paired_negative,csp_effective_script_allowance,2,csp_effective_script_allowance,none,true,true,true,pass
LF_CSP_FB_05__directive_whitespace_expand,LF_CSP_FB_05__directive_whitespace_expand__repair__paired_negative,csp_effective_script_allowance,2,csp_effective_script_allowance,none,true,true,true,pass
LF_CSP_FB_06,LF_CSP_FB_06__repair__paired_negative,csp_effective_script_allowance,2,csp_effective_script_allowance,none,true,true,true,pass
LF_CSP_FB_06__header_name_casefold,LF_CSP_FB_06__header_name_casefold__repair__paired_negative,csp_effective_script_allowance,2,csp_effective_script_allowance,none,true,true,true,pass
LF_CSP_FB_06__header_order_reverse,LF_CSP_FB_06__header_order_reverse__repair__paired_negative,csp_effective_script_allowance,2,csp_effective_script_allowance,none,true,true,true,pass
LF_CSP_FB_06__directive_whitespace_expand,LF_CSP_FB_06__directive_whitespace_expand__repair__paired_negative,csp_effective_script_allowance,2,csp_effective_script_allowance,none,true,true,true,pass
LF_CSP_FB_07,LF_CSP_FB_07__repair__paired_negative,csp_effective_script_allowance,2,csp_effective_script_allowance,none,true,true,true,pass
LF_CSP_FB_07__header_name_casefold,LF_CSP_FB_07__header_name_casefold__repair__paired_negative,csp_effective_script_allowance,2,csp_effective_script_allowance,none,true,true,true,pass
LF_CSP_FB_07__header_order_reverse,LF_CSP_FB_07__header_order_reverse__repair__paired_negative,csp_effective_script_allowance,2,csp_effective_script_allowance,none,true,true,true,pass
LF_CSP_FB_07__directive_whitespace_expand,LF_CSP_FB_07__directive_whitespace_expand__repair__paired_negative,csp_effective_script_allowance,2,csp_effective_script_allowance,none,true,true,true,pass
LF_CSP_FB_08,LF_CSP_FB_08__repair__paired_negative,csp_effective_script_allowance,2,csp_effective_script_allowance,none,true,true,true,pass
LF_CSP_FB_08__header_name_casefold,LF_CSP_FB_08__header_name_casefold__repair__paired_negative,csp_effective_script_allowance,2,csp_effective_script_allowance,none,true,true,true,pass
LF_CSP_FB_08__header_order_reverse,LF_CSP_FB_08__header_order_reverse__repair__paired_negative,csp_effective_script_allowance,2,csp_effective_script_allowance,none,true,true,true,pass
LF_CSP_FB_08__directive_whitespace_expand,LF_CSP_FB_08__directive_whitespace_expand__repair__paired_negative,csp_effective_script_allowance,2,csp_effective_script_allowance,none,true,true,true,pass
LF_CSP_NONCE_01,LF_CSP_NONCE_01__repair__paired_negative,nonce_csp_static_render_incompatibility,4,nonce_csp_static_render_incompatibility,none,true,true,true,pass
LF_CSP_NONCE_01__header_name_casefold,LF_CSP_NONCE_01__header_name_casefold__repair__paired_negative,nonce_csp_static_render_incompatibility,4,nonce_csp_static_render_incompatibility,none,true,true,true,pass
LF_CSP_NONCE_01__header_order_reverse,LF_CSP_NONCE_01__header_order_reverse__repair__paired_negative,nonce_csp_static_render_incompatibility,4,nonce_csp_static_render_incompatibility,none,true,true,true,pass
LF_CSP_NONCE_01__directive_whitespace_expand,LF_CSP_NONCE_01__directive_whitespace_expand__repair__paired_negative,nonce_csp_static_render_incompatibility,4,nonce_csp_static_render_incompatibility,none,true,true,true,pass
LF_CSP_NONCE_02,LF_CSP_NONCE_02__repair__paired_negative,nonce_csp_static_render_incompatibility,4,nonce_csp_static_render_incompatibility,none,true,true,true,pass
LF_CSP_NONCE_02__header_name_casefold,LF_CSP_NONCE_02__header_name_casefold__repair__paired_negative,nonce_csp_static_render_incompatibility,4,nonce_csp_static_render_incompatibility,none,true,true,true,pass
LF_CSP_NONCE_02__header_order_reverse,LF_CSP_NONCE_02__header_order_reverse__repair__paired_negative,nonce_csp_static_render_incompatibility,4,nonce_csp_static_render_incompatibility,none,true,true,true,pass
LF_CSP_NONCE_02__directive_whitespace_expand,LF_CSP_NONCE_02__directive_whitespace_expand__repair__paired_negative,nonce_csp_static_render_incompatibility,4,nonce_csp_static_render_incompatibility,none,true,true,true,pass
LF_CSP_NONCE_03,LF_CSP_NONCE_03__repair__paired_negative,nonce_csp_static_render_incompatibility,4,nonce_csp_static_render_incompatibility,none,true,true,true,pass
LF_CSP_NONCE_03__header_name_casefold,LF_CSP_NONCE_03__header_name_casefold__repair__paired_negative,nonce_csp_static_render_incompatibility,4,nonce_csp_static_render_incompatibility,none,true,true,true,pass
LF_CSP_NONCE_03__header_order_reverse,LF_CSP_NONCE_03__header_order_reverse__repair__paired_negative,nonce_csp_static_render_incompatibility,4,nonce_csp_static_render_incompatibility,none,true,true,true,pass
LF_CSP_NONCE_03__directive_whitespace_expand,LF_CSP_NONCE_03__directive_whitespace_expand__repair__paired_negative,nonce_csp_static_render_incompatibility,4,nonce_csp_static_render_incompatibility,none,true,true,true,pass
LF_CSP_NONCE_04,LF_CSP_NONCE_04__repair__paired_negative,nonce_csp_static_render_incompatibility,4,nonce_csp_static_render_incompatibility,none,true,true,true,pass
LF_CSP_NONCE_04__header_name_casefold,LF_CSP_NONCE_04__header_name_casefold__repair__paired_negative,nonce_csp_static_render_incompatibility,4,nonce_csp_static_render_incompatibility,none,true,true,true,pass
LF_CSP_NONCE_04__header_order_reverse,LF_CSP_NONCE_04__header_order_reverse__repair__paired_negative,nonce_csp_static_render_incompatibility,4,nonce_csp_static_render_incompatibility,none,true,true,true,pass
LF_CSP_NONCE_04__directive_whitespace_expand,LF_CSP_NONCE_04__directive_whitespace_expand__repair__paired_negative,nonce_csp_static_render_incompatibility,4,nonce_csp_static_render_incompatibility,none,true,true,true,pass
LF_CSP_NONCE_05,LF_CSP_NONCE_05__repair__paired_negative,nonce_csp_static_render_incompatibility,4,nonce_csp_static_render_incompatibility,none,true,true,true,pass
LF_CSP_NONCE_05__header_name_casefold,LF_CSP_NONCE_05__header_name_casefold__repair__paired_negative,nonce_csp_static_render_incompatibility,4,nonce_csp_static_render_incompatibility,none,true,true,true,pass
LF_CSP_NONCE_05__header_order_reverse,LF_CSP_NONCE_05__header_order_reverse__repair__paired_negative,nonce_csp_static_render_incompatibility,4,nonce_csp_static_render_incompatibility,none,true,true,true,pass
LF_CSP_NONCE_05__directive_whitespace_expand,LF_CSP_NONCE_05__directive_whitespace_expand__repair__paired_negative,nonce_csp_static_render_incompatibility,4,nonce_csp_static_render_incompatibility,none,true,true,true,pass
LF_CSP_NONCE_06,LF_CSP_NONCE_06__repair__paired_negative,nonce_csp_static_render_incompatibility,4,nonce_csp_static_render_incompatibility,none,true,true,true,pass
LF_CSP_NONCE_06__header_name_casefold,LF_CSP_NONCE_06__header_name_casefold__repair__paired_negative,nonce_csp_static_render_incompatibility,4,nonce_csp_static_render_incompatibility,none,true,true,true,pass
LF_CSP_NONCE_06__header_order_reverse,LF_CSP_NONCE_06__header_order_reverse__repair__paired_negative,nonce_csp_static_render_incompatibility,4,nonce_csp_static_render_incompatibility,none,true,true,true,pass
LF_CSP_NONCE_06__directive_whitespace_expand,LF_CSP_NONCE_06__directive_whitespace_expand__repair__paired_negative,nonce_csp_static_render_incompatibility,4,nonce_csp_static_render_incompatibility,none,true,true,true,pass
LF_CORS_WC_01,LF_CORS_WC_01__repair__paired_negative,cors_intended_credentialed_share_blocked,2,cors_intended_credentialed_share_blocked,none,true,true,true,pass
LF_CORS_WC_01__header_name_casefold,LF_CORS_WC_01__header_name_casefold__repair__paired_negative,cors_intended_credentialed_share_blocked,2,cors_intended_credentialed_share_blocked,none,true,true,true,pass
LF_CORS_WC_01__header_order_reverse,LF_CORS_WC_01__header_order_reverse__repair__paired_negative,cors_intended_credentialed_share_blocked,2,cors_intended_credentialed_share_blocked,none,true,true,true,pass
LF_CORS_WC_01__directive_whitespace_expand,LF_CORS_WC_01__directive_whitespace_expand__repair__paired_negative,cors_intended_credentialed_share_blocked,2,cors_intended_credentialed_share_blocked,none,true,true,true,pass
LF_CORS_WC_02,LF_CORS_WC_02__repair__paired_negative,cors_intended_credentialed_share_blocked,2,cors_intended_credentialed_share_blocked,none,true,true,true,pass
LF_CORS_WC_02__header_name_casefold,LF_CORS_WC_02__header_name_casefold__repair__paired_negative,cors_intended_credentialed_share_blocked,2,cors_intended_credentialed_share_blocked,none,true,true,true,pass
LF_CORS_WC_02__header_order_reverse,LF_CORS_WC_02__header_order_reverse__repair__paired_negative,cors_intended_credentialed_share_blocked,2,cors_intended_credentialed_share_blocked,none,true,true,true,pass
LF_CORS_WC_02__directive_whitespace_expand,LF_CORS_WC_02__directive_whitespace_expand__repair__paired_negative,cors_intended_credentialed_share_blocked,2,cors_intended_credentialed_share_blocked,none,true,true,true,pass
LF_CORS_WC_03,LF_CORS_WC_03__repair__paired_negative,cors_intended_credentialed_share_blocked,2,cors_intended_credentialed_share_blocked,none,true,true,true,pass
LF_CORS_WC_03__header_name_casefold,LF_CORS_WC_03__header_name_casefold__repair__paired_negative,cors_intended_credentialed_share_blocked,2,cors_intended_credentialed_share_blocked,none,true,true,true,pass
LF_CORS_WC_03__header_order_reverse,LF_CORS_WC_03__header_order_reverse__repair__paired_negative,cors_intended_credentialed_share_blocked,2,cors_intended_credentialed_share_blocked,none,true,true,true,pass
LF_CORS_WC_03__directive_whitespace_expand,LF_CORS_WC_03__directive_whitespace_expand__repair__paired_negative,cors_intended_credentialed_share_blocked,2,cors_intended_credentialed_share_blocked,none,true,true,true,pass
LF_CORS_WC_04,LF_CORS_WC_04__repair__paired_negative,cors_intended_credentialed_share_blocked,2,cors_intended_credentialed_share_blocked,none,true,true,true,pass
LF_CORS_WC_04__header_name_casefold,LF_CORS_WC_04__header_name_casefold__repair__paired_negative,cors_intended_credentialed_share_blocked,2,cors_intended_credentialed_share_blocked,none,true,true,true,pass
LF_CORS_WC_04__header_order_reverse,LF_CORS_WC_04__header_order_reverse__repair__paired_negative,cors_intended_credentialed_share_blocked,2,cors_intended_credentialed_share_blocked,none,true,true,true,pass
LF_CORS_WC_04__directive_whitespace_expand,LF_CORS_WC_04__directive_whitespace_expand__repair__paired_negative,cors_intended_credentialed_share_blocked,2,cors_intended_credentialed_share_blocked,none,true,true,true,pass
LF_CORS_WC_05,LF_CORS_WC_05__repair__paired_negative,cors_intended_credentialed_share_blocked,2,cors_intended_credentialed_share_blocked,none,true,true,true,pass
LF_CORS_WC_05__header_name_casefold,LF_CORS_WC_05__header_name_casefold__repair__paired_negative,cors_intended_credentialed_share_blocked,2,cors_intended_credentialed_share_blocked,none,true,true,true,pass
LF_CORS_WC_05__header_order_reverse,LF_CORS_WC_05__header_order_reverse__repair__paired_negative,cors_intended_credentialed_share_blocked,2,cors_intended_credentialed_share_blocked,none,true,true,true,pass
LF_CORS_WC_05__directive_whitespace_expand,LF_CORS_WC_05__directive_whitespace_expand__repair__paired_negative,cors_intended_credentialed_share_blocked,2,cors_intended_credentialed_share_blocked,none,true,true,true,pass
LF_CORS_WC_06,LF_CORS_WC_06__repair__paired_negative,cors_intended_credentialed_share_blocked,2,cors_intended_credentialed_share_blocked,none,true,true,true,pass
LF_CORS_WC_06__header_name_casefold,LF_CORS_WC_06__header_name_casefold__repair__paired_negative,cors_intended_credentialed_share_blocked,2,cors_intended_credentialed_share_blocked,none,true,true,true,pass
LF_CORS_WC_06__header_order_reverse,LF_CORS_WC_06__header_order_reverse__repair__paired_negative,cors_intended_credentialed_share_blocked,2,cors_intended_credentialed_share_blocked,none,true,true,true,pass
LF_CORS_WC_06__directive_whitespace_expand,LF_CORS_WC_06__directive_whitespace_expand__repair__paired_negative,cors_intended_credentialed_share_blocked,2,cors_intended_credentialed_share_blocked,none,true,true,true,pass
LF_CORS_REFLECT_01,LF_CORS_REFLECT_01__repair__paired_negative,cors_reflected_origin_with_credentials,2,cors_reflected_origin_with_credentials,none,true,true,true,pass
LF_CORS_REFLECT_01__header_name_casefold,LF_CORS_REFLECT_01__header_name_casefold__repair__paired_negative,cors_reflected_origin_with_credentials,2,cors_reflected_origin_with_credentials,none,true,true,true,pass
LF_CORS_REFLECT_01__header_order_reverse,LF_CORS_REFLECT_01__header_order_reverse__repair__paired_negative,cors_reflected_origin_with_credentials,2,cors_reflected_origin_with_credentials,none,true,true,true,pass
LF_CORS_REFLECT_01__directive_whitespace_expand,LF_CORS_REFLECT_01__directive_whitespace_expand__repair__paired_negative,cors_reflected_origin_with_credentials,2,cors_reflected_origin_with_credentials,none,true,true,true,pass
LF_CORS_REFLECT_02,LF_CORS_REFLECT_02__repair__paired_negative,cors_reflected_origin_with_credentials,2,cors_reflected_origin_with_credentials,none,true,true,true,pass
LF_CORS_REFLECT_02__header_name_casefold,LF_CORS_REFLECT_02__header_name_casefold__repair__paired_negative,cors_reflected_origin_with_credentials,2,cors_reflected_origin_with_credentials,none,true,true,true,pass
LF_CORS_REFLECT_02__header_order_reverse,LF_CORS_REFLECT_02__header_order_reverse__repair__paired_negative,cors_reflected_origin_with_credentials,2,cors_reflected_origin_with_credentials,none,true,true,true,pass
LF_CORS_REFLECT_02__directive_whitespace_expand,LF_CORS_REFLECT_02__directive_whitespace_expand__repair__paired_negative,cors_reflected_origin_with_credentials,2,cors_reflected_origin_with_credentials,none,true,true,true,pass
LF_CORS_REFLECT_03,LF_CORS_REFLECT_03__repair__paired_negative,cors_reflected_origin_with_credentials,2,cors_reflected_origin_with_credentials,none,true,true,true,pass
LF_CORS_REFLECT_03__header_name_casefold,LF_CORS_REFLECT_03__header_name_casefold__repair__paired_negative,cors_reflected_origin_with_credentials,2,cors_reflected_origin_with_credentials,none,true,true,true,pass
LF_CORS_REFLECT_03__header_order_reverse,LF_CORS_REFLECT_03__header_order_reverse__repair__paired_negative,cors_reflected_origin_with_credentials,2,cors_reflected_origin_with_credentials,none,true,true,true,pass
LF_CORS_REFLECT_03__directive_whitespace_expand,LF_CORS_REFLECT_03__directive_whitespace_expand__repair__paired_negative,cors_reflected_origin_with_credentials,2,cors_reflected_origin_with_credentials,none,true,true,true,pass
LF_CORS_REFLECT_04,LF_CORS_REFLECT_04__repair__paired_negative,cors_reflected_origin_with_credentials,2,cors_reflected_origin_with_credentials,none,true,true,true,pass
LF_CORS_REFLECT_04__header_name_casefold,LF_CORS_REFLECT_04__header_name_casefold__repair__paired_negative,cors_reflected_origin_with_credentials,2,cors_reflected_origin_with_credentials,none,true,true,true,pass
LF_CORS_REFLECT_04__header_order_reverse,LF_CORS_REFLECT_04__header_order_reverse__repair__paired_negative,cors_reflected_origin_with_credentials,2,cors_reflected_origin_with_credentials,none,true,true,true,pass
LF_CORS_REFLECT_04__directive_whitespace_expand,LF_CORS_REFLECT_04__directive_whitespace_expand__repair__paired_negative,cors_reflected_origin_with_credentials,2,cors_reflected_origin_with_credentials,none,true,true,true,pass
LF_CORS_REFLECT_05,LF_CORS_REFLECT_05__repair__paired_negative,cors_reflected_origin_with_credentials,2,cors_reflected_origin_with_credentials,none,true,true,true,pass
LF_CORS_REFLECT_05__header_name_casefold,LF_CORS_REFLECT_05__header_name_casefold__repair__paired_negative,cors_reflected_origin_with_credentials,2,cors_reflected_origin_with_credentials,none,true,true,true,pass
LF_CORS_REFLECT_05__header_order_reverse,LF_CORS_REFLECT_05__header_order_reverse__repair__paired_negative,cors_reflected_origin_with_credentials,2,cors_reflected_origin_with_credentials,none,true,true,true,pass
LF_CORS_REFLECT_05__directive_whitespace_expand,LF_CORS_REFLECT_05__directive_whitespace_expand__repair__paired_negative,cors_reflected_origin_with_credentials,2,cors_reflected_origin_with_credentials,none,true,true,true,pass
LF_CORS_REFLECT_06,LF_CORS_REFLECT_06__repair__paired_negative,cors_reflected_origin_with_credentials,2,cors_reflected_origin_with_credentials,none,true,true,true,pass
LF_CORS_REFLECT_06__header_name_casefold,LF_CORS_REFLECT_06__header_name_casefold__repair__paired_negative,cors_reflected_origin_with_credentials,2,cors_reflected_origin_with_credentials,none,true,true,true,pass
LF_CORS_REFLECT_06__header_order_reverse,LF_CORS_REFLECT_06__header_order_reverse__repair__paired_negative,cors_reflected_origin_with_credentials,2,cors_reflected_origin_with_credentials,none,true,true,true,pass
LF_CORS_REFLECT_06__directive_whitespace_expand,LF_CORS_REFLECT_06__directive_whitespace_expand__repair__paired_negative,cors_reflected_origin_with_credentials,2,cors_reflected_origin_with_credentials,none,true,true,true,pass
LF_HSTS_HTTP_01,LF_HSTS_HTTP_01__repair__paired_negative,hsts_header_not_honored_over_http,2,hsts_header_not_honored_over_http,none,true,true,true,pass
LF_HSTS_HTTP_01__header_name_casefold,LF_HSTS_HTTP_01__header_name_casefold__repair__paired_negative,hsts_header_not_honored_over_http,2,hsts_header_not_honored_over_http,none,true,true,true,pass
LF_HSTS_HTTP_01__header_order_reverse,LF_HSTS_HTTP_01__header_order_reverse__repair__paired_negative,hsts_header_not_honored_over_http,2,hsts_header_not_honored_over_http,none,true,true,true,pass
LF_HSTS_HTTP_01__directive_whitespace_expand,LF_HSTS_HTTP_01__directive_whitespace_expand__repair__paired_negative,hsts_header_not_honored_over_http,2,hsts_header_not_honored_over_http,none,true,true,true,pass
LF_HSTS_HTTP_02,LF_HSTS_HTTP_02__repair__paired_negative,hsts_header_not_honored_over_http,2,hsts_header_not_honored_over_http,none,true,true,true,pass
LF_HSTS_HTTP_02__header_name_casefold,LF_HSTS_HTTP_02__header_name_casefold__repair__paired_negative,hsts_header_not_honored_over_http,2,hsts_header_not_honored_over_http,none,true,true,true,pass
LF_HSTS_HTTP_02__header_order_reverse,LF_HSTS_HTTP_02__header_order_reverse__repair__paired_negative,hsts_header_not_honored_over_http,2,hsts_header_not_honored_over_http,none,true,true,true,pass
LF_HSTS_HTTP_02__directive_whitespace_expand,LF_HSTS_HTTP_02__directive_whitespace_expand__repair__paired_negative,hsts_header_not_honored_over_http,2,hsts_header_not_honored_over_http,none,true,true,true,pass
LF_HSTS_HTTP_03,LF_HSTS_HTTP_03__repair__paired_negative,hsts_header_not_honored_over_http,2,hsts_header_not_honored_over_http,none,true,true,true,pass
LF_HSTS_HTTP_03__header_name_casefold,LF_HSTS_HTTP_03__header_name_casefold__repair__paired_negative,hsts_header_not_honored_over_http,2,hsts_header_not_honored_over_http,none,true,true,true,pass
LF_HSTS_HTTP_03__header_order_reverse,LF_HSTS_HTTP_03__header_order_reverse__repair__paired_negative,hsts_header_not_honored_over_http,2,hsts_header_not_honored_over_http,none,true,true,true,pass
LF_HSTS_HTTP_03__directive_whitespace_expand,LF_HSTS_HTTP_03__directive_whitespace_expand__repair__paired_negative,hsts_header_not_honored_over_http,2,hsts_header_not_honored_over_http,none,true,true,true,pass
LF_HSTS_HTTP_04,LF_HSTS_HTTP_04__repair__paired_negative,hsts_header_not_honored_over_http,2,hsts_header_not_honored_over_http,none,true,true,true,pass
LF_HSTS_HTTP_04__header_name_casefold,LF_HSTS_HTTP_04__header_name_casefold__repair__paired_negative,hsts_header_not_honored_over_http,2,hsts_header_not_honored_over_http,none,true,true,true,pass
LF_HSTS_HTTP_04__header_order_reverse,LF_HSTS_HTTP_04__header_order_reverse__repair__paired_negative,hsts_header_not_honored_over_http,2,hsts_header_not_honored_over_http,none,true,true,true,pass
LF_HSTS_HTTP_04__directive_whitespace_expand,LF_HSTS_HTTP_04__directive_whitespace_expand__repair__paired_negative,hsts_header_not_honored_over_http,2,hsts_header_not_honored_over_http,none,true,true,true,pass
LF_HSTS_HTTP_05,LF_HSTS_HTTP_05__repair__paired_negative,hsts_header_not_honored_over_http,2,hsts_header_not_honored_over_http,none,true,true,true,pass
LF_HSTS_HTTP_05__header_name_casefold,LF_HSTS_HTTP_05__header_name_casefold__repair__paired_negative,hsts_header_not_honored_over_http,2,hsts_header_not_honored_over_http,none,true,true,true,pass
LF_HSTS_HTTP_05__header_order_reverse,LF_HSTS_HTTP_05__header_order_reverse__repair__paired_negative,hsts_header_not_honored_over_http,2,hsts_header_not_honored_over_http,none,true,true,true,pass
LF_HSTS_HTTP_05__directive_whitespace_expand,LF_HSTS_HTTP_05__directive_whitespace_expand__repair__paired_negative,hsts_header_not_honored_over_http,2,hsts_header_not_honored_over_http,none,true,true,true,pass
LF_HSTS_HTTP_06,LF_HSTS_HTTP_06__repair__paired_negative,hsts_header_not_honored_over_http,2,hsts_header_not_honored_over_http,none,true,true,true,pass
LF_HSTS_HTTP_06__header_name_casefold,LF_HSTS_HTTP_06__header_name_casefold__repair__paired_negative,hsts_header_not_honored_over_http,2,hsts_header_not_honored_over_http,none,true,true,true,pass
LF_HSTS_HTTP_06__header_order_reverse,LF_HSTS_HTTP_06__header_order_reverse__repair__paired_negative,hsts_header_not_honored_over_http,2,hsts_header_not_honored_over_http,none,true,true,true,pass
LF_HSTS_HTTP_06__directive_whitespace_expand,LF_HSTS_HTTP_06__directive_whitespace_expand__repair__paired_negative,hsts_header_not_honored_over_http,2,hsts_header_not_honored_over_http,none,true,true,true,pass
LF_HSTS_ZERO_01,LF_HSTS_ZERO_01__repair__paired_negative,hsts_policy_cleared_by_zero_max_age,2,hsts_policy_cleared_by_zero_max_age,none,true,true,true,pass
LF_HSTS_ZERO_01__header_name_casefold,LF_HSTS_ZERO_01__header_name_casefold__repair__paired_negative,hsts_policy_cleared_by_zero_max_age,2,hsts_policy_cleared_by_zero_max_age,none,true,true,true,pass
LF_HSTS_ZERO_01__header_order_reverse,LF_HSTS_ZERO_01__header_order_reverse__repair__paired_negative,hsts_policy_cleared_by_zero_max_age,2,hsts_policy_cleared_by_zero_max_age,none,true,true,true,pass
LF_HSTS_ZERO_01__directive_whitespace_expand,LF_HSTS_ZERO_01__directive_whitespace_expand__repair__paired_negative,hsts_policy_cleared_by_zero_max_age,2,hsts_policy_cleared_by_zero_max_age,none,true,true,true,pass
LF_HSTS_ZERO_02,LF_HSTS_ZERO_02__repair__paired_negative,hsts_policy_cleared_by_zero_max_age,2,hsts_policy_cleared_by_zero_max_age,none,true,true,true,pass
LF_HSTS_ZERO_02__header_name_casefold,LF_HSTS_ZERO_02__header_name_casefold__repair__paired_negative,hsts_policy_cleared_by_zero_max_age,2,hsts_policy_cleared_by_zero_max_age,none,true,true,true,pass
LF_HSTS_ZERO_02__header_order_reverse,LF_HSTS_ZERO_02__header_order_reverse__repair__paired_negative,hsts_policy_cleared_by_zero_max_age,2,hsts_policy_cleared_by_zero_max_age,none,true,true,true,pass
LF_HSTS_ZERO_02__directive_whitespace_expand,LF_HSTS_ZERO_02__directive_whitespace_expand__repair__paired_negative,hsts_policy_cleared_by_zero_max_age,2,hsts_policy_cleared_by_zero_max_age,none,true,true,true,pass
LF_HSTS_ZERO_03,LF_HSTS_ZERO_03__repair__paired_negative,hsts_policy_cleared_by_zero_max_age,2,hsts_policy_cleared_by_zero_max_age,none,true,true,true,pass
LF_HSTS_ZERO_03__header_name_casefold,LF_HSTS_ZERO_03__header_name_casefold__repair__paired_negative,hsts_policy_cleared_by_zero_max_age,2,hsts_policy_cleared_by_zero_max_age,none,true,true,true,pass
LF_HSTS_ZERO_03__header_order_reverse,LF_HSTS_ZERO_03__header_order_reverse__repair__paired_negative,hsts_policy_cleared_by_zero_max_age,2,hsts_policy_cleared_by_zero_max_age,none,true,true,true,pass
LF_HSTS_ZERO_03__directive_whitespace_expand,LF_HSTS_ZERO_03__directive_whitespace_expand__repair__paired_negative,hsts_policy_cleared_by_zero_max_age,2,hsts_policy_cleared_by_zero_max_age,none,true,true,true,pass
LF_HSTS_ZERO_04,LF_HSTS_ZERO_04__repair__paired_negative,hsts_policy_cleared_by_zero_max_age,2,hsts_policy_cleared_by_zero_max_age,none,true,true,true,pass
LF_HSTS_ZERO_04__header_name_casefold,LF_HSTS_ZERO_04__header_name_casefold__repair__paired_negative,hsts_policy_cleared_by_zero_max_age,2,hsts_policy_cleared_by_zero_max_age,none,true,true,true,pass
LF_HSTS_ZERO_04__header_order_reverse,LF_HSTS_ZERO_04__header_order_reverse__repair__paired_negative,hsts_policy_cleared_by_zero_max_age,2,hsts_policy_cleared_by_zero_max_age,none,true,true,true,pass
LF_HSTS_ZERO_04__directive_whitespace_expand,LF_HSTS_ZERO_04__directive_whitespace_expand__repair__paired_negative,hsts_policy_cleared_by_zero_max_age,2,hsts_policy_cleared_by_zero_max_age,none,true,true,true,pass
LF_HSTS_ZERO_05,LF_HSTS_ZERO_05__repair__paired_negative,hsts_policy_cleared_by_zero_max_age,2,hsts_policy_cleared_by_zero_max_age,none,true,true,true,pass
LF_HSTS_ZERO_05__header_name_casefold,LF_HSTS_ZERO_05__header_name_casefold__repair__paired_negative,hsts_policy_cleared_by_zero_max_age,2,hsts_policy_cleared_by_zero_max_age,none,true,true,true,pass
LF_HSTS_ZERO_05__header_order_reverse,LF_HSTS_ZERO_05__header_order_reverse__repair__paired_negative,hsts_policy_cleared_by_zero_max_age,2,hsts_policy_cleared_by_zero_max_age,none,true,true,true,pass
LF_HSTS_ZERO_05__directive_whitespace_expand,LF_HSTS_ZERO_05__directive_whitespace_expand__repair__paired_negative,hsts_policy_cleared_by_zero_max_age,2,hsts_policy_cleared_by_zero_max_age,none,true,true,true,pass
LF_HSTS_ZERO_06,LF_HSTS_ZERO_06__repair__paired_negative,hsts_policy_cleared_by_zero_max_age,2,hsts_policy_cleared_by_zero_max_age,none,true,true,true,pass
LF_HSTS_ZERO_06__header_name_casefold,LF_HSTS_ZERO_06__header_name_casefold__repair__paired_negative,hsts_policy_cleared_by_zero_max_age,2,hsts_policy_cleared_by_zero_max_age,none,true,true,true,pass
LF_HSTS_ZERO_06__header_order_reverse,LF_HSTS_ZERO_06__header_order_reverse__repair__paired_negative,hsts_policy_cleared_by_zero_max_age,2,hsts_policy_cleared_by_zero_max_age,none,true,true,true,pass
LF_HSTS_ZERO_06__directive_whitespace_expand,LF_HSTS_ZERO_06__directive_whitespace_expand__repair__paired_negative,hsts_policy_cleared_by_zero_max_age,2,hsts_policy_cleared_by_zero_max_age,none,true,true,true,pass
LF_COEP_01,LF_COEP_01__repair__paired_negative,coep_require_corp_blocks_cross_origin_resource,1,coep_require_corp_blocks_cross_origin_resource,none,true,true,true,pass
LF_COEP_01__header_name_casefold,LF_COEP_01__header_name_casefold__repair__paired_negative,coep_require_corp_blocks_cross_origin_resource,1,coep_require_corp_blocks_cross_origin_resource,none,true,true,true,pass
LF_COEP_01__header_order_reverse,LF_COEP_01__header_order_reverse__repair__paired_negative,coep_require_corp_blocks_cross_origin_resource,1,coep_require_corp_blocks_cross_origin_resource,none,true,true,true,pass
LF_COEP_01__directive_whitespace_expand,LF_COEP_01__directive_whitespace_expand__repair__paired_negative,coep_require_corp_blocks_cross_origin_resource,1,coep_require_corp_blocks_cross_origin_resource,none,true,true,true,pass
LF_COEP_02,LF_COEP_02__repair__paired_negative,coep_require_corp_blocks_cross_origin_resource,1,coep_require_corp_blocks_cross_origin_resource,none,true,true,true,pass
LF_COEP_02__header_name_casefold,LF_COEP_02__header_name_casefold__repair__paired_negative,coep_require_corp_blocks_cross_origin_resource,1,coep_require_corp_blocks_cross_origin_resource,none,true,true,true,pass
LF_COEP_02__header_order_reverse,LF_COEP_02__header_order_reverse__repair__paired_negative,coep_require_corp_blocks_cross_origin_resource,1,coep_require_corp_blocks_cross_origin_resource,none,true,true,true,pass
LF_COEP_02__directive_whitespace_expand,LF_COEP_02__directive_whitespace_expand__repair__paired_negative,coep_require_corp_blocks_cross_origin_resource,1,coep_require_corp_blocks_cross_origin_resource,none,true,true,true,pass
LF_COEP_03,LF_COEP_03__repair__paired_negative,coep_require_corp_blocks_cross_origin_resource,1,coep_require_corp_blocks_cross_origin_resource,none,true,true,true,pass
LF_COEP_03__header_name_casefold,LF_COEP_03__header_name_casefold__repair__paired_negative,coep_require_corp_blocks_cross_origin_resource,1,coep_require_corp_blocks_cross_origin_resource,none,true,true,true,pass
LF_COEP_03__header_order_reverse,LF_COEP_03__header_order_reverse__repair__paired_negative,coep_require_corp_blocks_cross_origin_resource,1,coep_require_corp_blocks_cross_origin_resource,none,true,true,true,pass
LF_COEP_03__directive_whitespace_expand,LF_COEP_03__directive_whitespace_expand__repair__paired_negative,coep_require_corp_blocks_cross_origin_resource,1,coep_require_corp_blocks_cross_origin_resource,none,true,true,true,pass
LF_COEP_04,LF_COEP_04__repair__paired_negative,coep_require_corp_blocks_cross_origin_resource,1,coep_require_corp_blocks_cross_origin_resource,none,true,true,true,pass
LF_COEP_04__header_name_casefold,LF_COEP_04__header_name_casefold__repair__paired_negative,coep_require_corp_blocks_cross_origin_resource,1,coep_require_corp_blocks_cross_origin_resource,none,true,true,true,pass
LF_COEP_04__header_order_reverse,LF_COEP_04__header_order_reverse__repair__paired_negative,coep_require_corp_blocks_cross_origin_resource,1,coep_require_corp_blocks_cross_origin_resource,none,true,true,true,pass
LF_COEP_04__directive_whitespace_expand,LF_COEP_04__directive_whitespace_expand__repair__paired_negative,coep_require_corp_blocks_cross_origin_resource,1,coep_require_corp_blocks_cross_origin_resource,none,true,true,true,pass
LF_COEP_05,LF_COEP_05__repair__paired_negative,coep_require_corp_blocks_cross_origin_resource,1,coep_require_corp_blocks_cross_origin_resource,none,true,true,true,pass
LF_COEP_05__header_name_casefold,LF_COEP_05__header_name_casefold__repair__paired_negative,coep_require_corp_blocks_cross_origin_resource,1,coep_require_corp_blocks_cross_origin_resource,none,true,true,true,pass
LF_COEP_05__header_order_reverse,LF_COEP_05__header_order_reverse__repair__paired_negative,coep_require_corp_blocks_cross_origin_resource,1,coep_require_corp_blocks_cross_origin_resource,none,true,true,true,pass
LF_COEP_05__directive_whitespace_expand,LF_COEP_05__directive_whitespace_expand__repair__paired_negative,coep_require_corp_blocks_cross_origin_resource,1,coep_require_corp_blocks_cross_origin_resource,none,true,true,true,pass
LF_COEP_06,LF_COEP_06__repair__paired_negative,coep_require_corp_blocks_cross_origin_resource,1,coep_require_corp_blocks_cross_origin_resource,none,true,true,true,pass
LF_COEP_06__header_name_casefold,LF_COEP_06__header_name_casefold__repair__paired_negative,coep_require_corp_blocks_cross_origin_resource,1,coep_require_corp_blocks_cross_origin_resource,none,true,true,true,pass
LF_COEP_06__header_order_reverse,LF_COEP_06__header_order_reverse__repair__paired_negative,coep_require_corp_blocks_cross_origin_resource,1,coep_require_corp_blocks_cross_origin_resource,none,true,true,true,pass
LF_COEP_06__directive_whitespace_expand,LF_COEP_06__directive_whitespace_expand__repair__paired_negative,coep_require_corp_blocks_cross_origin_resource,1,coep_require_corp_blocks_cross_origin_resource,none,true,true,true,pass
LF_COOP_ISO_01,LF_COOP_ISO_01__repair__paired_negative,cross_origin_isolation_incomplete,1,cross_origin_isolation_incomplete,none,true,true,true,pass
LF_COOP_ISO_01__header_name_casefold,LF_COOP_ISO_01__header_name_casefold__repair__paired_negative,cross_origin_isolation_incomplete,1,cross_origin_isolation_incomplete,none,true,true,true,pass
LF_COOP_ISO_01__header_order_reverse,LF_COOP_ISO_01__header_order_reverse__repair__paired_negative,cross_origin_isolation_incomplete,1,cross_origin_isolation_incomplete,none,true,true,true,pass
LF_COOP_ISO_01__directive_whitespace_expand,LF_COOP_ISO_01__directive_whitespace_expand__repair__paired_negative,cross_origin_isolation_incomplete,1,cross_origin_isolation_incomplete,none,true,true,true,pass
LF_COOP_ISO_02,LF_COOP_ISO_02__repair__paired_negative,cross_origin_isolation_incomplete,2,cross_origin_isolation_incomplete,none,true,true,true,pass
LF_COOP_ISO_02__header_name_casefold,LF_COOP_ISO_02__header_name_casefold__repair__paired_negative,cross_origin_isolation_incomplete,2,cross_origin_isolation_incomplete,none,true,true,true,pass
LF_COOP_ISO_02__header_order_reverse,LF_COOP_ISO_02__header_order_reverse__repair__paired_negative,cross_origin_isolation_incomplete,2,cross_origin_isolation_incomplete,none,true,true,true,pass
LF_COOP_ISO_02__directive_whitespace_expand,LF_COOP_ISO_02__directive_whitespace_expand__repair__paired_negative,cross_origin_isolation_incomplete,2,cross_origin_isolation_incomplete,none,true,true,true,pass
LF_COOP_ISO_03,LF_COOP_ISO_03__repair__paired_negative,cross_origin_isolation_incomplete,1,cross_origin_isolation_incomplete,none,true,true,true,pass
LF_COOP_ISO_03__header_name_casefold,LF_COOP_ISO_03__header_name_casefold__repair__paired_negative,cross_origin_isolation_incomplete,1,cross_origin_isolation_incomplete,none,true,true,true,pass
LF_COOP_ISO_03__header_order_reverse,LF_COOP_ISO_03__header_order_reverse__repair__paired_negative,cross_origin_isolation_incomplete,1,cross_origin_isolation_incomplete,none,true,true,true,pass
LF_COOP_ISO_03__directive_whitespace_expand,LF_COOP_ISO_03__directive_whitespace_expand__repair__paired_negative,cross_origin_isolation_incomplete,1,cross_origin_isolation_incomplete,none,true,true,true,pass
LF_COOP_ISO_04,LF_COOP_ISO_04__repair__paired_negative,cross_origin_isolation_incomplete,2,cross_origin_isolation_incomplete,none,true,true,true,pass
LF_COOP_ISO_04__header_name_casefold,LF_COOP_ISO_04__header_name_casefold__repair__paired_negative,cross_origin_isolation_incomplete,2,cross_origin_isolation_incomplete,none,true,true,true,pass
LF_COOP_ISO_04__header_order_reverse,LF_COOP_ISO_04__header_order_reverse__repair__paired_negative,cross_origin_isolation_incomplete,2,cross_origin_isolation_incomplete,none,true,true,true,pass
LF_COOP_ISO_04__directive_whitespace_expand,LF_COOP_ISO_04__directive_whitespace_expand__repair__paired_negative,cross_origin_isolation_incomplete,2,cross_origin_isolation_incomplete,none,true,true,true,pass
LF_COOP_ISO_05,LF_COOP_ISO_05__repair__paired_negative,cross_origin_isolation_incomplete,2,cross_origin_isolation_incomplete,none,true,true,true,pass
LF_COOP_ISO_05__header_name_casefold,LF_COOP_ISO_05__header_name_casefold__repair__paired_negative,cross_origin_isolation_incomplete,2,cross_origin_isolation_incomplete,none,true,true,true,pass
LF_COOP_ISO_05__header_order_reverse,LF_COOP_ISO_05__header_order_reverse__repair__paired_negative,cross_origin_isolation_incomplete,2,cross_origin_isolation_incomplete,none,true,true,true,pass
LF_COOP_ISO_05__directive_whitespace_expand,LF_COOP_ISO_05__directive_whitespace_expand__repair__paired_negative,cross_origin_isolation_incomplete,2,cross_origin_isolation_incomplete,none,true,true,true,pass
LF_COOP_ISO_06,LF_COOP_ISO_06__repair__paired_negative,cross_origin_isolation_incomplete,1,cross_origin_isolation_incomplete,none,true,true,true,pass
LF_COOP_ISO_06__header_name_casefold,LF_COOP_ISO_06__header_name_casefold__repair__paired_negative,cross_origin_isolation_incomplete,1,cross_origin_isolation_incomplete,none,true,true,true,pass
LF_COOP_ISO_06__header_order_reverse,LF_COOP_ISO_06__header_order_reverse__repair__paired_negative,cross_origin_isolation_incomplete,1,cross_origin_isolation_incomplete,none,true,true,true,pass
LF_COOP_ISO_06__directive_whitespace_expand,LF_COOP_ISO_06__directive_whitespace_expand__repair__paired_negative,cross_origin_isolation_incomplete,1,cross_origin_isolation_incomplete,none,true,true,true,pass
LF_PERM_DISABLED_01,LF_PERM_DISABLED_01__repair__paired_negative,permissions_policy_feature_disabled,1,permissions_policy_feature_disabled,none,true,true,true,pass
LF_PERM_DISABLED_01__header_name_casefold,LF_PERM_DISABLED_01__header_name_casefold__repair__paired_negative,permissions_policy_feature_disabled,1,permissions_policy_feature_disabled,none,true,true,true,pass
LF_PERM_DISABLED_01__header_order_reverse,LF_PERM_DISABLED_01__header_order_reverse__repair__paired_negative,permissions_policy_feature_disabled,1,permissions_policy_feature_disabled,none,true,true,true,pass
LF_PERM_DISABLED_01__directive_whitespace_expand,LF_PERM_DISABLED_01__directive_whitespace_expand__repair__paired_negative,permissions_policy_feature_disabled,1,permissions_policy_feature_disabled,none,true,true,true,pass
LF_PERM_DISABLED_02,LF_PERM_DISABLED_02__repair__paired_negative,permissions_policy_feature_disabled,1,permissions_policy_feature_disabled,none,true,true,true,pass
LF_PERM_DISABLED_02__header_name_casefold,LF_PERM_DISABLED_02__header_name_casefold__repair__paired_negative,permissions_policy_feature_disabled,1,permissions_policy_feature_disabled,none,true,true,true,pass
LF_PERM_DISABLED_02__header_order_reverse,LF_PERM_DISABLED_02__header_order_reverse__repair__paired_negative,permissions_policy_feature_disabled,1,permissions_policy_feature_disabled,none,true,true,true,pass
LF_PERM_DISABLED_02__directive_whitespace_expand,LF_PERM_DISABLED_02__directive_whitespace_expand__repair__paired_negative,permissions_policy_feature_disabled,1,permissions_policy_feature_disabled,none,true,true,true,pass
LF_PERM_DISABLED_03,LF_PERM_DISABLED_03__repair__paired_negative,permissions_policy_feature_disabled,1,permissions_policy_feature_disabled,none,true,true,true,pass
LF_PERM_DISABLED_03__header_name_casefold,LF_PERM_DISABLED_03__header_name_casefold__repair__paired_negative,permissions_policy_feature_disabled,1,permissions_policy_feature_disabled,none,true,true,true,pass
LF_PERM_DISABLED_03__header_order_reverse,LF_PERM_DISABLED_03__header_order_reverse__repair__paired_negative,permissions_policy_feature_disabled,1,permissions_policy_feature_disabled,none,true,true,true,pass
LF_PERM_DISABLED_03__directive_whitespace_expand,LF_PERM_DISABLED_03__directive_whitespace_expand__repair__paired_negative,permissions_policy_feature_disabled,1,permissions_policy_feature_disabled,none,true,true,true,pass
LF_PERM_DISABLED_04,LF_PERM_DISABLED_04__repair__paired_negative,permissions_policy_feature_disabled,1,permissions_policy_feature_disabled,none,true,true,true,pass
LF_PERM_DISABLED_04__header_name_casefold,LF_PERM_DISABLED_04__header_name_casefold__repair__paired_negative,permissions_policy_feature_disabled,1,permissions_policy_feature_disabled,none,true,true,true,pass
LF_PERM_DISABLED_04__header_order_reverse,LF_PERM_DISABLED_04__header_order_reverse__repair__paired_negative,permissions_policy_feature_disabled,1,permissions_policy_feature_disabled,none,true,true,true,pass
LF_PERM_DISABLED_04__directive_whitespace_expand,LF_PERM_DISABLED_04__directive_whitespace_expand__repair__paired_negative,permissions_policy_feature_disabled,1,permissions_policy_feature_disabled,none,true,true,true,pass
LF_PERM_DISABLED_05,LF_PERM_DISABLED_05__repair__paired_negative,permissions_policy_feature_disabled,1,permissions_policy_feature_disabled,none,true,true,true,pass
LF_PERM_DISABLED_05__header_name_casefold,LF_PERM_DISABLED_05__header_name_casefold__repair__paired_negative,permissions_policy_feature_disabled,1,permissions_policy_feature_disabled,none,true,true,true,pass
LF_PERM_DISABLED_05__header_order_reverse,LF_PERM_DISABLED_05__header_order_reverse__repair__paired_negative,permissions_policy_feature_disabled,1,permissions_policy_feature_disabled,none,true,true,true,pass
LF_PERM_DISABLED_05__directive_whitespace_expand,LF_PERM_DISABLED_05__directive_whitespace_expand__repair__paired_negative,permissions_policy_feature_disabled,1,permissions_policy_feature_disabled,none,true,true,true,pass
LF_PERM_DISABLED_06,LF_PERM_DISABLED_06__repair__paired_negative,permissions_policy_feature_disabled,1,permissions_policy_feature_disabled,none,true,true,true,pass
LF_PERM_DISABLED_06__header_name_casefold,LF_PERM_DISABLED_06__header_name_casefold__repair__paired_negative,permissions_policy_feature_disabled,1,permissions_policy_feature_disabled,none,true,true,true,pass
LF_PERM_DISABLED_06__header_order_reverse,LF_PERM_DISABLED_06__header_order_reverse__repair__paired_negative,permissions_policy_feature_disabled,1,permissions_policy_feature_disabled,none,true,true,true,pass
LF_PERM_DISABLED_06__directive_whitespace_expand,LF_PERM_DISABLED_06__directive_whitespace_expand__repair__paired_negative,permissions_policy_feature_disabled,1,permissions_policy_feature_disabled,none,true,true,true,pass
LF_CSP_COMPOSE_01,LF_CSP_COMPOSE_01__repair__paired_negative,csp_conjunctive_policy_composition_blocks_required_script,3,csp_conjunctive_policy_composition_blocks_required_script,none,true,true,true,pass
LF_CSP_COMPOSE_01__header_name_casefold,LF_CSP_COMPOSE_01__header_name_casefold__repair__paired_negative,csp_conjunctive_policy_composition_blocks_required_script,3,csp_conjunctive_policy_composition_blocks_required_script,none,true,true,true,pass
LF_CSP_COMPOSE_01__header_order_reverse,LF_CSP_COMPOSE_01__header_order_reverse__repair__paired_negative,csp_conjunctive_policy_composition_blocks_required_script,3,csp_conjunctive_policy_composition_blocks_required_script,none,true,true,true,pass
LF_CSP_COMPOSE_01__directive_whitespace_expand,LF_CSP_COMPOSE_01__directive_whitespace_expand__repair__paired_negative,csp_conjunctive_policy_composition_blocks_required_script,3,csp_conjunctive_policy_composition_blocks_required_script,none,true,true,true,pass
LF_CSP_COMPOSE_02,LF_CSP_COMPOSE_02__repair__paired_negative,csp_conjunctive_policy_composition_blocks_required_script,3,csp_conjunctive_policy_composition_blocks_required_script,none,true,true,true,pass
LF_CSP_COMPOSE_02__header_name_casefold,LF_CSP_COMPOSE_02__header_name_casefold__repair__paired_negative,csp_conjunctive_policy_composition_blocks_required_script,3,csp_conjunctive_policy_composition_blocks_required_script,none,true,true,true,pass
LF_CSP_COMPOSE_02__header_order_reverse,LF_CSP_COMPOSE_02__header_order_reverse__repair__paired_negative,csp_conjunctive_policy_composition_blocks_required_script,3,csp_conjunctive_policy_composition_blocks_required_script,none,true,true,true,pass
LF_CSP_COMPOSE_02__directive_whitespace_expand,LF_CSP_COMPOSE_02__directive_whitespace_expand__repair__paired_negative,csp_conjunctive_policy_composition_blocks_required_script,3,csp_conjunctive_policy_composition_blocks_required_script,none,true,true,true,pass
LF_CSP_COMPOSE_03,LF_CSP_COMPOSE_03__repair__paired_negative,csp_conjunctive_policy_composition_blocks_required_script,3,csp_conjunctive_policy_composition_blocks_required_script,none,true,true,true,pass
LF_CSP_COMPOSE_03__header_name_casefold,LF_CSP_COMPOSE_03__header_name_casefold__repair__paired_negative,csp_conjunctive_policy_composition_blocks_required_script,3,csp_conjunctive_policy_composition_blocks_required_script,none,true,true,true,pass
LF_CSP_COMPOSE_03__header_order_reverse,LF_CSP_COMPOSE_03__header_order_reverse__repair__paired_negative,csp_conjunctive_policy_composition_blocks_required_script,3,csp_conjunctive_policy_composition_blocks_required_script,none,true,true,true,pass
LF_CSP_COMPOSE_03__directive_whitespace_expand,LF_CSP_COMPOSE_03__directive_whitespace_expand__repair__paired_negative,csp_conjunctive_policy_composition_blocks_required_script,3,csp_conjunctive_policy_composition_blocks_required_script,none,true,true,true,pass
LF_CSP_COMPOSE_04,LF_CSP_COMPOSE_04__repair__paired_negative,csp_conjunctive_policy_composition_blocks_required_script,3,csp_conjunctive_policy_composition_blocks_required_script,none,true,true,true,pass
LF_CSP_COMPOSE_04__header_name_casefold,LF_CSP_COMPOSE_04__header_name_casefold__repair__paired_negative,csp_conjunctive_policy_composition_blocks_required_script,3,csp_conjunctive_policy_composition_blocks_required_script,none,true,true,true,pass
LF_CSP_COMPOSE_04__header_order_reverse,LF_CSP_COMPOSE_04__header_order_reverse__repair__paired_negative,csp_conjunctive_policy_composition_blocks_required_script,3,csp_conjunctive_policy_composition_blocks_required_script,none,true,true,true,pass
LF_CSP_COMPOSE_04__directive_whitespace_expand,LF_CSP_COMPOSE_04__directive_whitespace_expand__repair__paired_negative,csp_conjunctive_policy_composition_blocks_required_script,3,csp_conjunctive_policy_composition_blocks_required_script,none,true,true,true,pass
LF_CSP_COMPOSE_05,LF_CSP_COMPOSE_05__repair__paired_negative,csp_conjunctive_policy_composition_blocks_required_script,3,csp_conjunctive_policy_composition_blocks_required_script,none,true,true,true,pass
LF_CSP_COMPOSE_05__header_name_casefold,LF_CSP_COMPOSE_05__header_name_casefold__repair__paired_negative,csp_conjunctive_policy_composition_blocks_required_script,3,csp_conjunctive_policy_composition_blocks_required_script,none,true,true,true,pass
LF_CSP_COMPOSE_05__header_order_reverse,LF_CSP_COMPOSE_05__header_order_reverse__repair__paired_negative,csp_conjunctive_policy_composition_blocks_required_script,3,csp_conjunctive_policy_composition_blocks_required_script,none,true,true,true,pass
LF_CSP_COMPOSE_05__directive_whitespace_expand,LF_CSP_COMPOSE_05__directive_whitespace_expand__repair__paired_negative,csp_conjunctive_policy_composition_blocks_required_script,3,csp_conjunctive_policy_composition_blocks_required_script,none,true,true,true,pass
LF_CSP_COMPOSE_06,LF_CSP_COMPOSE_06__repair__paired_negative,csp_conjunctive_policy_composition_blocks_required_script,3,csp_conjunctive_policy_composition_blocks_required_script,none,true,true,true,pass
LF_CSP_COMPOSE_06__header_name_casefold,LF_CSP_COMPOSE_06__header_name_casefold__repair__paired_negative,csp_conjunctive_policy_composition_blocks_required_script,3,csp_conjunctive_policy_composition_blocks_required_script,none,true,true,true,pass
LF_CSP_COMPOSE_06__header_order_reverse,LF_CSP_COMPOSE_06__header_order_reverse__repair__paired_negative,csp_conjunctive_policy_composition_blocks_required_script,3,csp_conjunctive_policy_composition_blocks_required_script,none,true,true,true,pass
LF_CSP_COMPOSE_06__directive_whitespace_expand,LF_CSP_COMPOSE_06__directive_whitespace_expand__repair__paired_negative,csp_conjunctive_policy_composition_blocks_required_script,3,csp_conjunctive_policy_composition_blocks_required_script,none,true,true,true,pass
LF_CSP_COMPOSE_07,LF_CSP_COMPOSE_07__repair__paired_negative,csp_conjunctive_policy_composition_blocks_required_script,3,csp_conjunctive_policy_composition_blocks_required_script,none,true,true,true,pass
LF_CSP_COMPOSE_07__header_name_casefold,LF_CSP_COMPOSE_07__header_name_casefold__repair__paired_negative,csp_conjunctive_policy_composition_blocks_required_script,3,csp_conjunctive_policy_composition_blocks_required_script,none,true,true,true,pass
LF_CSP_COMPOSE_07__header_order_reverse,LF_CSP_COMPOSE_07__header_order_reverse__repair__paired_negative,csp_conjunctive_policy_composition_blocks_required_script,3,csp_conjunctive_policy_composition_blocks_required_script,none,true,true,true,pass
LF_CSP_COMPOSE_07__directive_whitespace_expand,LF_CSP_COMPOSE_07__directive_whitespace_expand__repair__paired_negative,csp_conjunctive_policy_composition_blocks_required_script,3,csp_conjunctive_policy_composition_blocks_required_script,none,true,true,true,pass
LF_CSP_COMPOSE_08,LF_CSP_COMPOSE_08__repair__paired_negative,csp_conjunctive_policy_composition_blocks_required_script,3,csp_conjunctive_policy_composition_blocks_required_script,none,true,true,true,pass
LF_CSP_COMPOSE_08__header_name_casefold,LF_CSP_COMPOSE_08__header_name_casefold__repair__paired_negative,csp_conjunctive_policy_composition_blocks_required_script,3,csp_conjunctive_policy_composition_blocks_required_script,none,true,true,true,pass
LF_CSP_COMPOSE_08__header_order_reverse,LF_CSP_COMPOSE_08__header_order_reverse__repair__paired_negative,csp_conjunctive_policy_composition_blocks_required_script,3,csp_conjunctive_policy_composition_blocks_required_script,none,true,true,true,pass
LF_CSP_COMPOSE_08__directive_whitespace_expand,LF_CSP_COMPOSE_08__directive_whitespace_expand__repair__paired_negative,csp_conjunctive_policy_composition_blocks_required_script,3,csp_conjunctive_policy_composition_blocks_required_script,none,true,true,true,pass
LF_LAYER_DROP_01,LF_LAYER_DROP_01__repair__paired_negative,layered_header_override_drops_enforcement,2,layered_header_override_drops_enforcement,none,true,true,true,pass
LF_LAYER_DROP_01__header_name_casefold,LF_LAYER_DROP_01__header_name_casefold__repair__paired_negative,layered_header_override_drops_enforcement,2,layered_header_override_drops_enforcement,none,true,true,true,pass
LF_LAYER_DROP_01__header_order_reverse,LF_LAYER_DROP_01__header_order_reverse__repair__paired_negative,layered_header_override_drops_enforcement,2,layered_header_override_drops_enforcement,none,true,true,true,pass
LF_LAYER_DROP_01__directive_whitespace_expand,LF_LAYER_DROP_01__directive_whitespace_expand__repair__paired_negative,layered_header_override_drops_enforcement,2,layered_header_override_drops_enforcement,none,true,true,true,pass
LF_LAYER_DROP_02,LF_LAYER_DROP_02__repair__paired_negative,layered_header_override_drops_enforcement,2,layered_header_override_drops_enforcement,none,true,true,true,pass
LF_LAYER_DROP_02__header_name_casefold,LF_LAYER_DROP_02__header_name_casefold__repair__paired_negative,layered_header_override_drops_enforcement,2,layered_header_override_drops_enforcement,none,true,true,true,pass
LF_LAYER_DROP_02__header_order_reverse,LF_LAYER_DROP_02__header_order_reverse__repair__paired_negative,layered_header_override_drops_enforcement,2,layered_header_override_drops_enforcement,none,true,true,true,pass
LF_LAYER_DROP_02__directive_whitespace_expand,LF_LAYER_DROP_02__directive_whitespace_expand__repair__paired_negative,layered_header_override_drops_enforcement,2,layered_header_override_drops_enforcement,none,true,true,true,pass
LF_LAYER_DROP_03,LF_LAYER_DROP_03__repair__paired_negative,layered_header_override_drops_enforcement,2,layered_header_override_drops_enforcement,none,true,true,true,pass
LF_LAYER_DROP_03__header_name_casefold,LF_LAYER_DROP_03__header_name_casefold__repair__paired_negative,layered_header_override_drops_enforcement,2,layered_header_override_drops_enforcement,none,true,true,true,pass
LF_LAYER_DROP_03__header_order_reverse,LF_LAYER_DROP_03__header_order_reverse__repair__paired_negative,layered_header_override_drops_enforcement,2,layered_header_override_drops_enforcement,none,true,true,true,pass
LF_LAYER_DROP_03__directive_whitespace_expand,LF_LAYER_DROP_03__directive_whitespace_expand__repair__paired_negative,layered_header_override_drops_enforcement,2,layered_header_override_drops_enforcement,none,true,true,true,pass
LF_LAYER_DROP_04,LF_LAYER_DROP_04__repair__paired_negative,layered_header_override_drops_enforcement,2,layered_header_override_drops_enforcement,none,true,true,true,pass
LF_LAYER_DROP_04__header_name_casefold,LF_LAYER_DROP_04__header_name_casefold__repair__paired_negative,layered_header_override_drops_enforcement,2,layered_header_override_drops_enforcement,none,true,true,true,pass
LF_LAYER_DROP_04__header_order_reverse,LF_LAYER_DROP_04__header_order_reverse__repair__paired_negative,layered_header_override_drops_enforcement,2,layered_header_override_drops_enforcement,none,true,true,true,pass
LF_LAYER_DROP_04__directive_whitespace_expand,LF_LAYER_DROP_04__directive_whitespace_expand__repair__paired_negative,layered_header_override_drops_enforcement,2,layered_header_override_drops_enforcement,none,true,true,true,pass
LF_LAYER_DROP_05,LF_LAYER_DROP_05__repair__paired_negative,layered_header_override_drops_enforcement,2,layered_header_override_drops_enforcement,none,true,true,true,pass
LF_LAYER_DROP_05__header_name_casefold,LF_LAYER_DROP_05__header_name_casefold__repair__paired_negative,layered_header_override_drops_enforcement,2,layered_header_override_drops_enforcement,none,true,true,true,pass
LF_LAYER_DROP_05__header_order_reverse,LF_LAYER_DROP_05__header_order_reverse__repair__paired_negative,layered_header_override_drops_enforcement,2,layered_header_override_drops_enforcement,none,true,true,true,pass
LF_LAYER_DROP_05__directive_whitespace_expand,LF_LAYER_DROP_05__directive_whitespace_expand__repair__paired_negative,layered_header_override_drops_enforcement,2,layered_header_override_drops_enforcement,none,true,true,true,pass
LF_LAYER_DROP_06,LF_LAYER_DROP_06__repair__paired_negative,layered_header_override_drops_enforcement,2,layered_header_override_drops_enforcement,none,true,true,true,pass
LF_LAYER_DROP_06__header_name_casefold,LF_LAYER_DROP_06__header_name_casefold__repair__paired_negative,layered_header_override_drops_enforcement,2,layered_header_override_drops_enforcement,none,true,true,true,pass
LF_LAYER_DROP_06__header_order_reverse,LF_LAYER_DROP_06__header_order_reverse__repair__paired_negative,layered_header_override_drops_enforcement,2,layered_header_override_drops_enforcement,none,true,true,true,pass
LF_LAYER_DROP_06__directive_whitespace_expand,LF_LAYER_DROP_06__directive_whitespace_expand__repair__paired_negative,layered_header_override_drops_enforcement,2,layered_header_override_drops_enforcement,none,true,true,true,pass
LF_CORS_VARY_01,LF_CORS_VARY_01__repair__paired_negative,cors_dynamic_origin_missing_vary,1,cors_dynamic_origin_missing_vary,none,true,true,true,pass
LF_CORS_VARY_01__header_name_casefold,LF_CORS_VARY_01__header_name_casefold__repair__paired_negative,cors_dynamic_origin_missing_vary,1,cors_dynamic_origin_missing_vary,none,true,true,true,pass
LF_CORS_VARY_01__header_order_reverse,LF_CORS_VARY_01__header_order_reverse__repair__paired_negative,cors_dynamic_origin_missing_vary,1,cors_dynamic_origin_missing_vary,none,true,true,true,pass
LF_CORS_VARY_01__directive_whitespace_expand,LF_CORS_VARY_01__directive_whitespace_expand__repair__paired_negative,cors_dynamic_origin_missing_vary,1,cors_dynamic_origin_missing_vary,none,true,true,true,pass
LF_CORS_VARY_02,LF_CORS_VARY_02__repair__paired_negative,cors_dynamic_origin_missing_vary,1,cors_dynamic_origin_missing_vary,none,true,true,true,pass
LF_CORS_VARY_02__header_name_casefold,LF_CORS_VARY_02__header_name_casefold__repair__paired_negative,cors_dynamic_origin_missing_vary,1,cors_dynamic_origin_missing_vary,none,true,true,true,pass
LF_CORS_VARY_02__header_order_reverse,LF_CORS_VARY_02__header_order_reverse__repair__paired_negative,cors_dynamic_origin_missing_vary,1,cors_dynamic_origin_missing_vary,none,true,true,true,pass
LF_CORS_VARY_02__directive_whitespace_expand,LF_CORS_VARY_02__directive_whitespace_expand__repair__paired_negative,cors_dynamic_origin_missing_vary,1,cors_dynamic_origin_missing_vary,none,true,true,true,pass
LF_CORS_VARY_03,LF_CORS_VARY_03__repair__paired_negative,cors_dynamic_origin_missing_vary,1,cors_dynamic_origin_missing_vary,none,true,true,true,pass
LF_CORS_VARY_03__header_name_casefold,LF_CORS_VARY_03__header_name_casefold__repair__paired_negative,cors_dynamic_origin_missing_vary,1,cors_dynamic_origin_missing_vary,none,true,true,true,pass
LF_CORS_VARY_03__header_order_reverse,LF_CORS_VARY_03__header_order_reverse__repair__paired_negative,cors_dynamic_origin_missing_vary,1,cors_dynamic_origin_missing_vary,none,true,true,true,pass
LF_CORS_VARY_03__directive_whitespace_expand,LF_CORS_VARY_03__directive_whitespace_expand__repair__paired_negative,cors_dynamic_origin_missing_vary,1,cors_dynamic_origin_missing_vary,none,true,true,true,pass
LF_CORS_VARY_04,LF_CORS_VARY_04__repair__paired_negative,cors_dynamic_origin_missing_vary,1,cors_dynamic_origin_missing_vary,none,true,true,true,pass
LF_CORS_VARY_04__header_name_casefold,LF_CORS_VARY_04__header_name_casefold__repair__paired_negative,cors_dynamic_origin_missing_vary,1,cors_dynamic_origin_missing_vary,none,true,true,true,pass
LF_CORS_VARY_04__header_order_reverse,LF_CORS_VARY_04__header_order_reverse__repair__paired_negative,cors_dynamic_origin_missing_vary,1,cors_dynamic_origin_missing_vary,none,true,true,true,pass
LF_CORS_VARY_04__directive_whitespace_expand,LF_CORS_VARY_04__directive_whitespace_expand__repair__paired_negative,cors_dynamic_origin_missing_vary,1,cors_dynamic_origin_missing_vary,none,true,true,true,pass
LF_CORS_VARY_05,LF_CORS_VARY_05__repair__paired_negative,cors_dynamic_origin_missing_vary,1,cors_dynamic_origin_missing_vary,none,true,true,true,pass
LF_CORS_VARY_05__header_name_casefold,LF_CORS_VARY_05__header_name_casefold__repair__paired_negative,cors_dynamic_origin_missing_vary,1,cors_dynamic_origin_missing_vary,none,true,true,true,pass
LF_CORS_VARY_05__header_order_reverse,LF_CORS_VARY_05__header_order_reverse__repair__paired_negative,cors_dynamic_origin_missing_vary,1,cors_dynamic_origin_missing_vary,none,true,true,true,pass
LF_CORS_VARY_05__directive_whitespace_expand,LF_CORS_VARY_05__directive_whitespace_expand__repair__paired_negative,cors_dynamic_origin_missing_vary,1,cors_dynamic_origin_missing_vary,none,true,true,true,pass
LF_CORS_VARY_06,LF_CORS_VARY_06__repair__paired_negative,cors_dynamic_origin_missing_vary,1,cors_dynamic_origin_missing_vary,none,true,true,true,pass
LF_CORS_VARY_06__header_name_casefold,LF_CORS_VARY_06__header_name_casefold__repair__paired_negative,cors_dynamic_origin_missing_vary,1,cors_dynamic_origin_missing_vary,none,true,true,true,pass
LF_CORS_VARY_06__header_order_reverse,LF_CORS_VARY_06__header_order_reverse__repair__paired_negative,cors_dynamic_origin_missing_vary,1,cors_dynamic_origin_missing_vary,none,true,true,true,pass
LF_CORS_VARY_06__directive_whitespace_expand,LF_CORS_VARY_06__directive_whitespace_expand__repair__paired_negative,cors_dynamic_origin_missing_vary,1,cors_dynamic_origin_missing_vary,none,true,true,true,pass
LF_HSTS_SUBDOMAIN_01,LF_HSTS_SUBDOMAIN_01__repair__paired_negative,hsts_subdomain_scope_not_covered,2,hsts_subdomain_scope_not_covered,none,true,true,true,pass
LF_HSTS_SUBDOMAIN_01__header_name_casefold,LF_HSTS_SUBDOMAIN_01__header_name_casefold__repair__paired_negative,hsts_subdomain_scope_not_covered,2,hsts_subdomain_scope_not_covered,none,true,true,true,pass
LF_HSTS_SUBDOMAIN_01__header_order_reverse,LF_HSTS_SUBDOMAIN_01__header_order_reverse__repair__paired_negative,hsts_subdomain_scope_not_covered,2,hsts_subdomain_scope_not_covered,none,true,true,true,pass
LF_HSTS_SUBDOMAIN_01__directive_whitespace_expand,LF_HSTS_SUBDOMAIN_01__directive_whitespace_expand__repair__paired_negative,hsts_subdomain_scope_not_covered,2,hsts_subdomain_scope_not_covered,none,true,true,true,pass
LF_HSTS_SUBDOMAIN_02,LF_HSTS_SUBDOMAIN_02__repair__paired_negative,hsts_subdomain_scope_not_covered,2,hsts_subdomain_scope_not_covered,none,true,true,true,pass
LF_HSTS_SUBDOMAIN_02__header_name_casefold,LF_HSTS_SUBDOMAIN_02__header_name_casefold__repair__paired_negative,hsts_subdomain_scope_not_covered,2,hsts_subdomain_scope_not_covered,none,true,true,true,pass
LF_HSTS_SUBDOMAIN_02__header_order_reverse,LF_HSTS_SUBDOMAIN_02__header_order_reverse__repair__paired_negative,hsts_subdomain_scope_not_covered,2,hsts_subdomain_scope_not_covered,none,true,true,true,pass
LF_HSTS_SUBDOMAIN_02__directive_whitespace_expand,LF_HSTS_SUBDOMAIN_02__directive_whitespace_expand__repair__paired_negative,hsts_subdomain_scope_not_covered,2,hsts_subdomain_scope_not_covered,none,true,true,true,pass
LF_HSTS_SUBDOMAIN_03,LF_HSTS_SUBDOMAIN_03__repair__paired_negative,hsts_subdomain_scope_not_covered,2,hsts_subdomain_scope_not_covered,none,true,true,true,pass
LF_HSTS_SUBDOMAIN_03__header_name_casefold,LF_HSTS_SUBDOMAIN_03__header_name_casefold__repair__paired_negative,hsts_subdomain_scope_not_covered,2,hsts_subdomain_scope_not_covered,none,true,true,true,pass
LF_HSTS_SUBDOMAIN_03__header_order_reverse,LF_HSTS_SUBDOMAIN_03__header_order_reverse__repair__paired_negative,hsts_subdomain_scope_not_covered,2,hsts_subdomain_scope_not_covered,none,true,true,true,pass
LF_HSTS_SUBDOMAIN_03__directive_whitespace_expand,LF_HSTS_SUBDOMAIN_03__directive_whitespace_expand__repair__paired_negative,hsts_subdomain_scope_not_covered,2,hsts_subdomain_scope_not_covered,none,true,true,true,pass
LF_HSTS_SUBDOMAIN_04,LF_HSTS_SUBDOMAIN_04__repair__paired_negative,hsts_subdomain_scope_not_covered,2,hsts_subdomain_scope_not_covered,none,true,true,true,pass
LF_HSTS_SUBDOMAIN_04__header_name_casefold,LF_HSTS_SUBDOMAIN_04__header_name_casefold__repair__paired_negative,hsts_subdomain_scope_not_covered,2,hsts_subdomain_scope_not_covered,none,true,true,true,pass
LF_HSTS_SUBDOMAIN_04__header_order_reverse,LF_HSTS_SUBDOMAIN_04__header_order_reverse__repair__paired_negative,hsts_subdomain_scope_not_covered,2,hsts_subdomain_scope_not_covered,none,true,true,true,pass
LF_HSTS_SUBDOMAIN_04__directive_whitespace_expand,LF_HSTS_SUBDOMAIN_04__directive_whitespace_expand__repair__paired_negative,hsts_subdomain_scope_not_covered,2,hsts_subdomain_scope_not_covered,none,true,true,true,pass
LF_HSTS_SUBDOMAIN_05,LF_HSTS_SUBDOMAIN_05__repair__paired_negative,hsts_subdomain_scope_not_covered,2,hsts_subdomain_scope_not_covered,none,true,true,true,pass
LF_HSTS_SUBDOMAIN_05__header_name_casefold,LF_HSTS_SUBDOMAIN_05__header_name_casefold__repair__paired_negative,hsts_subdomain_scope_not_covered,2,hsts_subdomain_scope_not_covered,none,true,true,true,pass
LF_HSTS_SUBDOMAIN_05__header_order_reverse,LF_HSTS_SUBDOMAIN_05__header_order_reverse__repair__paired_negative,hsts_subdomain_scope_not_covered,2,hsts_subdomain_scope_not_covered,none,true,true,true,pass
LF_HSTS_SUBDOMAIN_05__directive_whitespace_expand,LF_HSTS_SUBDOMAIN_05__directive_whitespace_expand__repair__paired_negative,hsts_subdomain_scope_not_covered,2,hsts_subdomain_scope_not_covered,none,true,true,true,pass
LF_HSTS_SUBDOMAIN_06,LF_HSTS_SUBDOMAIN_06__repair__paired_negative,hsts_subdomain_scope_not_covered,2,hsts_subdomain_scope_not_covered,none,true,true,true,pass
LF_HSTS_SUBDOMAIN_06__header_name_casefold,LF_HSTS_SUBDOMAIN_06__header_name_casefold__repair__paired_negative,hsts_subdomain_scope_not_covered,2,hsts_subdomain_scope_not_covered,none,true,true,true,pass
LF_HSTS_SUBDOMAIN_06__header_order_reverse,LF_HSTS_SUBDOMAIN_06__header_order_reverse__repair__paired_negative,hsts_subdomain_scope_not_covered,2,hsts_subdomain_scope_not_covered,none,true,true,true,pass
LF_HSTS_SUBDOMAIN_06__directive_whitespace_expand,LF_HSTS_SUBDOMAIN_06__directive_whitespace_expand__repair__paired_negative,hsts_subdomain_scope_not_covered,2,hsts_subdomain_scope_not_covered,none,true,true,true,pass
AM1_CSP_MULTI_OVERBLOCK_01,AM1_CSP_MULTI_OVERBLOCK_01__repair__paired_negative,csp_multiple_policy_overblocks_trusted_script,2,csp_multiple_policy_overblocks_trusted_script,none,true,true,true,pass
AM1_CSP_MULTI_OVERBLOCK_02,AM1_CSP_MULTI_OVERBLOCK_02__repair__paired_negative,csp_multiple_policy_overblocks_trusted_script,2,csp_multiple_policy_overblocks_trusted_script,none,true,true,true,pass
AM1_CSP_MULTI_OVERBLOCK_03,AM1_CSP_MULTI_OVERBLOCK_03__repair__paired_negative,csp_multiple_policy_overblocks_trusted_script,2,csp_multiple_policy_overblocks_trusted_script,none,true,true,true,pass
AM1_CSP_MULTI_OVERBLOCK_04,AM1_CSP_MULTI_OVERBLOCK_04__repair__paired_negative,csp_multiple_policy_overblocks_trusted_script,2,csp_multiple_policy_overblocks_trusted_script,none,true,true,true,pass
AM1_CSP_MULTI_OVERBLOCK_05,AM1_CSP_MULTI_OVERBLOCK_05__repair__paired_negative,csp_multiple_policy_overblocks_trusted_script,2,csp_multiple_policy_overblocks_trusted_script,none,true,true,true,pass
AM1_CSP_MULTI_OVERBLOCK_06,AM1_CSP_MULTI_OVERBLOCK_06__repair__paired_negative,csp_multiple_policy_overblocks_trusted_script,2,csp_multiple_policy_overblocks_trusted_script,none,true,true,true,pass
AM1_CSP_FRAME_RO_01,AM1_CSP_FRAME_RO_01__repair__paired_negative,csp_frame_ancestors_report_only_not_enforced,2,csp_frame_ancestors_report_only_not_enforced,none,true,true,true,pass
AM1_CSP_FRAME_RO_02,AM1_CSP_FRAME_RO_02__repair__paired_negative,csp_frame_ancestors_report_only_not_enforced,2,csp_frame_ancestors_report_only_not_enforced,none,true,true,true,pass
AM1_CSP_FRAME_RO_03,AM1_CSP_FRAME_RO_03__repair__paired_negative,csp_frame_ancestors_report_only_not_enforced,2,csp_frame_ancestors_report_only_not_enforced,none,true,true,true,pass
AM1_CSP_FRAME_RO_04,AM1_CSP_FRAME_RO_04__repair__paired_negative,csp_frame_ancestors_report_only_not_enforced,2,csp_frame_ancestors_report_only_not_enforced,none,true,true,true,pass
AM1_CSP_FRAME_RO_05,AM1_CSP_FRAME_RO_05__repair__paired_negative,csp_frame_ancestors_report_only_not_enforced,2,csp_frame_ancestors_report_only_not_enforced,none,true,true,true,pass
AM1_CSP_FRAME_RO_06,AM1_CSP_FRAME_RO_06__repair__paired_negative,csp_frame_ancestors_report_only_not_enforced,2,csp_frame_ancestors_report_only_not_enforced,none,true,true,true,pass
AM1_CSP_FRAME_META_01,AM1_CSP_FRAME_META_01__repair__paired_negative,csp_frame_ancestors_meta_delivery_unsupported,2,csp_frame_ancestors_meta_delivery_unsupported,none,true,true,true,pass
AM1_CSP_FRAME_META_02,AM1_CSP_FRAME_META_02__repair__paired_negative,csp_frame_ancestors_meta_delivery_unsupported,2,csp_frame_ancestors_meta_delivery_unsupported,none,true,true,true,pass
AM1_CSP_FRAME_META_03,AM1_CSP_FRAME_META_03__repair__paired_negative,csp_frame_ancestors_meta_delivery_unsupported,2,csp_frame_ancestors_meta_delivery_unsupported,none,true,true,true,pass
AM1_CSP_FRAME_META_04,AM1_CSP_FRAME_META_04__repair__paired_negative,csp_frame_ancestors_meta_delivery_unsupported,2,csp_frame_ancestors_meta_delivery_unsupported,none,true,true,true,pass
AM1_CSP_FRAME_META_05,AM1_CSP_FRAME_META_05__repair__paired_negative,csp_frame_ancestors_meta_delivery_unsupported,2,csp_frame_ancestors_meta_delivery_unsupported,none,true,true,true,pass
AM1_CSP_FRAME_META_06,AM1_CSP_FRAME_META_06__repair__paired_negative,csp_frame_ancestors_meta_delivery_unsupported,2,csp_frame_ancestors_meta_delivery_unsupported,none,true,true,true,pass
AM1_CORS_DUP_ACAO_01,AM1_CORS_DUP_ACAO_01__repair__paired_negative,cors_duplicate_acao_not_shareable,1,cors_duplicate_acao_not_shareable,none,true,true,true,pass
AM1_CORS_DUP_ACAO_02,AM1_CORS_DUP_ACAO_02__repair__paired_negative,cors_duplicate_acao_not_shareable,1,cors_duplicate_acao_not_shareable,none,true,true,true,pass
AM1_CORS_DUP_ACAO_03,AM1_CORS_DUP_ACAO_03__repair__paired_negative,cors_duplicate_acao_not_shareable,1,cors_duplicate_acao_not_shareable,none,true,true,true,pass
AM1_CORS_DUP_ACAO_04,AM1_CORS_DUP_ACAO_04__repair__paired_negative,cors_duplicate_acao_not_shareable,1,cors_duplicate_acao_not_shareable,none,true,true,true,pass
AM1_CORS_DUP_ACAO_05,AM1_CORS_DUP_ACAO_05__repair__paired_negative,cors_duplicate_acao_not_shareable,1,cors_duplicate_acao_not_shareable,none,true,true,true,pass
AM1_CORS_DUP_ACAO_06,AM1_CORS_DUP_ACAO_06__repair__paired_negative,cors_duplicate_acao_not_shareable,1,cors_duplicate_acao_not_shareable,none,true,true,true,pass
AM1_CORS_ACAC_CASE_01,AM1_CORS_ACAC_CASE_01__repair__paired_negative,cors_acac_case_sensitive_not_shareable,2,cors_acac_case_sensitive_not_shareable,none,true,true,true,pass
AM1_CORS_ACAC_CASE_02,AM1_CORS_ACAC_CASE_02__repair__paired_negative,cors_acac_case_sensitive_not_shareable,2,cors_acac_case_sensitive_not_shareable,none,true,true,true,pass
AM1_CORS_ACAC_CASE_03,AM1_CORS_ACAC_CASE_03__repair__paired_negative,cors_acac_case_sensitive_not_shareable,2,cors_acac_case_sensitive_not_shareable,none,true,true,true,pass
AM1_CORS_ACAC_CASE_04,AM1_CORS_ACAC_CASE_04__repair__paired_negative,cors_acac_case_sensitive_not_shareable,2,cors_acac_case_sensitive_not_shareable,none,true,true,true,pass
AM1_CORS_ACAC_CASE_05,AM1_CORS_ACAC_CASE_05__repair__paired_negative,cors_acac_case_sensitive_not_shareable,2,cors_acac_case_sensitive_not_shareable,none,true,true,true,pass
AM1_CORS_ACAC_CASE_06,AM1_CORS_ACAC_CASE_06__repair__paired_negative,cors_acac_case_sensitive_not_shareable,2,cors_acac_case_sensitive_not_shareable,none,true,true,true,pass
AM1_CORS_VARY_01,AM1_CORS_VARY_01__repair__paired_negative,cors_dynamic_origin_without_vary,1,cors_dynamic_origin_without_vary,none,true,true,true,pass
AM1_CORS_VARY_02,AM1_CORS_VARY_02__repair__paired_negative,cors_dynamic_origin_without_vary,1,cors_dynamic_origin_without_vary,none,true,true,true,pass
AM1_CORS_VARY_03,AM1_CORS_VARY_03__repair__paired_negative,cors_dynamic_origin_without_vary,1,cors_dynamic_origin_without_vary,none,true,true,true,pass
AM1_CORS_VARY_04,AM1_CORS_VARY_04__repair__paired_negative,cors_dynamic_origin_without_vary,1,cors_dynamic_origin_without_vary,none,true,true,true,pass
AM1_CORS_VARY_05,AM1_CORS_VARY_05__repair__paired_negative,cors_dynamic_origin_without_vary,1,cors_dynamic_origin_without_vary,none,true,true,true,pass
AM1_CORS_VARY_06,AM1_CORS_VARY_06__repair__paired_negative,cors_dynamic_origin_without_vary,1,cors_dynamic_origin_without_vary,none,true,true,true,pass
AM1_HSTS_INVALID_01,AM1_HSTS_INVALID_01__repair__paired_negative,hsts_invalid_max_age_ignored,2,hsts_invalid_max_age_ignored,none,true,true,true,pass
AM1_HSTS_INVALID_02,AM1_HSTS_INVALID_02__repair__paired_negative,hsts_invalid_max_age_ignored,2,hsts_invalid_max_age_ignored,none,true,true,true,pass
AM1_HSTS_INVALID_03,AM1_HSTS_INVALID_03__repair__paired_negative,hsts_invalid_max_age_ignored,2,hsts_invalid_max_age_ignored,none,true,true,true,pass
AM1_HSTS_INVALID_04,AM1_HSTS_INVALID_04__repair__paired_negative,hsts_invalid_max_age_ignored,2,hsts_invalid_max_age_ignored,none,true,true,true,pass
AM1_HSTS_INVALID_05,AM1_HSTS_INVALID_05__repair__paired_negative,hsts_invalid_max_age_ignored,2,hsts_invalid_max_age_ignored,none,true,true,true,pass
AM1_HSTS_INVALID_06,AM1_HSTS_INVALID_06__repair__paired_negative,hsts_invalid_max_age_ignored,2,hsts_invalid_max_age_ignored,none,true,true,true,pass
AM1_HSTS_SUBDOMAIN_01,AM1_HSTS_SUBDOMAIN_01__repair__paired_negative,hsts_missing_include_subdomains,2,hsts_missing_include_subdomains,none,true,true,true,pass
AM1_HSTS_SUBDOMAIN_02,AM1_HSTS_SUBDOMAIN_02__repair__paired_negative,hsts_missing_include_subdomains,2,hsts_missing_include_subdomains,none,true,true,true,pass
AM1_HSTS_SUBDOMAIN_03,AM1_HSTS_SUBDOMAIN_03__repair__paired_negative,hsts_missing_include_subdomains,2,hsts_missing_include_subdomains,none,true,true,true,pass
AM1_HSTS_SUBDOMAIN_04,AM1_HSTS_SUBDOMAIN_04__repair__paired_negative,hsts_missing_include_subdomains,2,hsts_missing_include_subdomains,none,true,true,true,pass
AM1_HSTS_SUBDOMAIN_05,AM1_HSTS_SUBDOMAIN_05__repair__paired_negative,hsts_missing_include_subdomains,2,hsts_missing_include_subdomains,none,true,true,true,pass
AM1_HSTS_SUBDOMAIN_06,AM1_HSTS_SUBDOMAIN_06__repair__paired_negative,hsts_missing_include_subdomains,2,hsts_missing_include_subdomains,none,true,true,true,pass
AM1_HSTS_PRELOAD_01,AM1_HSTS_PRELOAD_01__repair__paired_negative,hsts_preload_criteria_not_met,2,hsts_preload_criteria_not_met,none,true,true,true,pass
AM1_HSTS_PRELOAD_02,AM1_HSTS_PRELOAD_02__repair__paired_negative,hsts_preload_criteria_not_met,2,hsts_preload_criteria_not_met,none,true,true,true,pass
AM1_HSTS_PRELOAD_03,AM1_HSTS_PRELOAD_03__repair__paired_negative,hsts_preload_criteria_not_met,2,hsts_preload_criteria_not_met,none,true,true,true,pass
AM1_HSTS_PRELOAD_04,AM1_HSTS_PRELOAD_04__repair__paired_negative,hsts_preload_criteria_not_met,2,hsts_preload_criteria_not_met,none,true,true,true,pass
AM1_HSTS_PRELOAD_05,AM1_HSTS_PRELOAD_05__repair__paired_negative,hsts_preload_criteria_not_met,2,hsts_preload_criteria_not_met,none,true,true,true,pass
AM1_HSTS_PRELOAD_06,AM1_HSTS_PRELOAD_06__repair__paired_negative,hsts_preload_criteria_not_met,2,hsts_preload_criteria_not_met,none,true,true,true,pass
AM1_CORP_SAMESITE_01,AM1_CORP_SAMESITE_01__repair__paired_negative,corp_same_site_allows_cross_origin_same_site,2,corp_same_site_allows_cross_origin_same_site,none,true,true,true,pass
AM1_CORP_SAMESITE_02,AM1_CORP_SAMESITE_02__repair__paired_negative,corp_same_site_allows_cross_origin_same_site,2,corp_same_site_allows_cross_origin_same_site,none,true,true,true,pass
AM1_CORP_SAMESITE_03,AM1_CORP_SAMESITE_03__repair__paired_negative,corp_same_site_allows_cross_origin_same_site,2,corp_same_site_allows_cross_origin_same_site,none,true,true,true,pass
AM1_CORP_SAMESITE_04,AM1_CORP_SAMESITE_04__repair__paired_negative,corp_same_site_allows_cross_origin_same_site,2,corp_same_site_allows_cross_origin_same_site,none,true,true,true,pass
AM1_CORP_SAMESITE_05,AM1_CORP_SAMESITE_05__repair__paired_negative,corp_same_site_allows_cross_origin_same_site,2,corp_same_site_allows_cross_origin_same_site,none,true,true,true,pass
AM1_CORP_SAMESITE_06,AM1_CORP_SAMESITE_06__repair__paired_negative,corp_same_site_allows_cross_origin_same_site,2,corp_same_site_allows_cross_origin_same_site,none,true,true,true,pass
AM1_PERM_OVERALLOW_01,AM1_PERM_OVERALLOW_01__repair__paired_negative,permissions_policy_feature_overallowed,2,permissions_policy_feature_overallowed,none,true,true,true,pass
AM1_PERM_OVERALLOW_02,AM1_PERM_OVERALLOW_02__repair__paired_negative,permissions_policy_feature_overallowed,2,permissions_policy_feature_overallowed,none,true,true,true,pass
AM1_PERM_OVERALLOW_03,AM1_PERM_OVERALLOW_03__repair__paired_negative,permissions_policy_feature_overallowed,2,permissions_policy_feature_overallowed,none,true,true,true,pass
AM1_PERM_OVERALLOW_04,AM1_PERM_OVERALLOW_04__repair__paired_negative,permissions_policy_feature_overallowed,2,permissions_policy_feature_overallowed,none,true,true,true,pass
AM1_PERM_OVERALLOW_05,AM1_PERM_OVERALLOW_05__repair__paired_negative,permissions_policy_feature_overallowed,2,permissions_policy_feature_overallowed,none,true,true,true,pass
AM1_PERM_OVERALLOW_06,AM1_PERM_OVERALLOW_06__repair__paired_negative,permissions_policy_feature_overallowed,2,permissions_policy_feature_overallowed,none,true,true,true,pass
