fixture_id,policy_family,source_id,expected_issue,actual_issues,status,finding_count
LF_CSP_RO_01,CSP,CL_CSP_01,csp_report_only_not_enforced,csp_report_only_not_enforced,pass,1
LF_CSP_RO_01__header_name_casefold,CSP,CL_CSP_01,csp_report_only_not_enforced,csp_report_only_not_enforced,pass,1
LF_CSP_RO_01__header_order_reverse,CSP,CL_CSP_01,csp_report_only_not_enforced,csp_report_only_not_enforced,pass,1
LF_CSP_RO_01__directive_whitespace_expand,CSP,CL_CSP_01,csp_report_only_not_enforced,csp_report_only_not_enforced,pass,1
LF_CSP_RO_02,CSP,CL_CSP_01,csp_report_only_not_enforced,csp_report_only_not_enforced,pass,1
LF_CSP_RO_02__header_name_casefold,CSP,CL_CSP_01,csp_report_only_not_enforced,csp_report_only_not_enforced,pass,1
LF_CSP_RO_02__header_order_reverse,CSP,CL_CSP_01,csp_report_only_not_enforced,csp_report_only_not_enforced,pass,1
LF_CSP_RO_02__directive_whitespace_expand,CSP,CL_CSP_01,csp_report_only_not_enforced,csp_report_only_not_enforced,pass,1
LF_CSP_RO_03,CSP,CL_CSP_01,csp_report_only_not_enforced,csp_report_only_not_enforced,pass,1
LF_CSP_RO_03__header_name_casefold,CSP,CL_CSP_01,csp_report_only_not_enforced,csp_report_only_not_enforced,pass,1
LF_CSP_RO_03__header_order_reverse,CSP,CL_CSP_01,csp_report_only_not_enforced,csp_report_only_not_enforced,pass,1
LF_CSP_RO_03__directive_whitespace_expand,CSP,CL_CSP_01,csp_report_only_not_enforced,csp_report_only_not_enforced,pass,1
LF_CSP_RO_04,CSP,CL_CSP_01,csp_report_only_not_enforced,csp_report_only_not_enforced,pass,1
LF_CSP_RO_04__header_name_casefold,CSP,CL_CSP_01,csp_report_only_not_enforced,csp_report_only_not_enforced,pass,1
LF_CSP_RO_04__header_order_reverse,CSP,CL_CSP_01,csp_report_only_not_enforced,csp_report_only_not_enforced,pass,1
LF_CSP_RO_04__directive_whitespace_expand,CSP,CL_CSP_01,csp_report_only_not_enforced,csp_report_only_not_enforced,pass,1
LF_CSP_RO_05,CSP,CL_CSP_01,csp_report_only_not_enforced,csp_report_only_not_enforced,pass,1
LF_CSP_RO_05__header_name_casefold,CSP,CL_CSP_01,csp_report_only_not_enforced,csp_report_only_not_enforced,pass,1
LF_CSP_RO_05__header_order_reverse,CSP,CL_CSP_01,csp_report_only_not_enforced,csp_report_only_not_enforced,pass,1
LF_CSP_RO_05__directive_whitespace_expand,CSP,CL_CSP_01,csp_report_only_not_enforced,csp_report_only_not_enforced,pass,1
LF_CSP_RO_06,CSP,CL_CSP_01,csp_report_only_not_enforced,csp_report_only_not_enforced,pass,1
LF_CSP_RO_06__header_name_casefold,CSP,CL_CSP_01,csp_report_only_not_enforced,csp_report_only_not_enforced,pass,1
LF_CSP_RO_06__header_order_reverse,CSP,CL_CSP_01,csp_report_only_not_enforced,csp_report_only_not_enforced,pass,1
LF_CSP_RO_06__directive_whitespace_expand,CSP,CL_CSP_01,csp_report_only_not_enforced,csp_report_only_not_enforced,pass,1
LF_CSP_FB_01,CSP,CL_CSP_02,csp_effective_script_allowance,csp_effective_script_allowance,pass,1
LF_CSP_FB_01__header_name_casefold,CSP,CL_CSP_02,csp_effective_script_allowance,csp_effective_script_allowance,pass,1
LF_CSP_FB_01__header_order_reverse,CSP,CL_CSP_02,csp_effective_script_allowance,csp_effective_script_allowance,pass,1
LF_CSP_FB_01__directive_whitespace_expand,CSP,CL_CSP_02,csp_effective_script_allowance,csp_effective_script_allowance,pass,1
LF_CSP_FB_02,CSP,CL_CSP_02,csp_effective_script_allowance,csp_effective_script_allowance,pass,1
LF_CSP_FB_02__header_name_casefold,CSP,CL_CSP_02,csp_effective_script_allowance,csp_effective_script_allowance,pass,1
LF_CSP_FB_02__header_order_reverse,CSP,CL_CSP_02,csp_effective_script_allowance,csp_effective_script_allowance,pass,1
LF_CSP_FB_02__directive_whitespace_expand,CSP,CL_CSP_02,csp_effective_script_allowance,csp_effective_script_allowance,pass,1
LF_CSP_FB_03,CSP,CL_CSP_02,csp_effective_script_allowance,csp_effective_script_allowance,pass,1
LF_CSP_FB_03__header_name_casefold,CSP,CL_CSP_02,csp_effective_script_allowance,csp_effective_script_allowance,pass,1
LF_CSP_FB_03__header_order_reverse,CSP,CL_CSP_02,csp_effective_script_allowance,csp_effective_script_allowance,pass,1
LF_CSP_FB_03__directive_whitespace_expand,CSP,CL_CSP_02,csp_effective_script_allowance,csp_effective_script_allowance,pass,1
LF_CSP_FB_04,CSP,CL_CSP_02,csp_effective_script_allowance,csp_effective_script_allowance,pass,1
LF_CSP_FB_04__header_name_casefold,CSP,CL_CSP_02,csp_effective_script_allowance,csp_effective_script_allowance,pass,1
LF_CSP_FB_04__header_order_reverse,CSP,CL_CSP_02,csp_effective_script_allowance,csp_effective_script_allowance,pass,1
LF_CSP_FB_04__directive_whitespace_expand,CSP,CL_CSP_02,csp_effective_script_allowance,csp_effective_script_allowance,pass,1
LF_CSP_FB_05,CSP,CL_CSP_02,csp_effective_script_allowance,csp_effective_script_allowance,pass,1
LF_CSP_FB_05__header_name_casefold,CSP,CL_CSP_02,csp_effective_script_allowance,csp_effective_script_allowance,pass,1
LF_CSP_FB_05__header_order_reverse,CSP,CL_CSP_02,csp_effective_script_allowance,csp_effective_script_allowance,pass,1
LF_CSP_FB_05__directive_whitespace_expand,CSP,CL_CSP_02,csp_effective_script_allowance,csp_effective_script_allowance,pass,1
LF_CSP_FB_06,CSP,CL_CSP_02,csp_effective_script_allowance,csp_effective_script_allowance,pass,1
LF_CSP_FB_06__header_name_casefold,CSP,CL_CSP_02,csp_effective_script_allowance,csp_effective_script_allowance,pass,1
LF_CSP_FB_06__header_order_reverse,CSP,CL_CSP_02,csp_effective_script_allowance,csp_effective_script_allowance,pass,1
LF_CSP_FB_06__directive_whitespace_expand,CSP,CL_CSP_02,csp_effective_script_allowance,csp_effective_script_allowance,pass,1
LF_CSP_FB_07,CSP,CL_CSP_02,csp_effective_script_allowance,csp_effective_script_allowance,pass,1
LF_CSP_FB_07__header_name_casefold,CSP,CL_CSP_02,csp_effective_script_allowance,csp_effective_script_allowance,pass,1
LF_CSP_FB_07__header_order_reverse,CSP,CL_CSP_02,csp_effective_script_allowance,csp_effective_script_allowance,pass,1
LF_CSP_FB_07__directive_whitespace_expand,CSP,CL_CSP_02,csp_effective_script_allowance,csp_effective_script_allowance,pass,1
LF_CSP_FB_08,CSP,CL_CSP_02,csp_effective_script_allowance,csp_effective_script_allowance,pass,1
LF_CSP_FB_08__header_name_casefold,CSP,CL_CSP_02,csp_effective_script_allowance,csp_effective_script_allowance,pass,1
LF_CSP_FB_08__header_order_reverse,CSP,CL_CSP_02,csp_effective_script_allowance,csp_effective_script_allowance,pass,1
LF_CSP_FB_08__directive_whitespace_expand,CSP,CL_CSP_02,csp_effective_script_allowance,csp_effective_script_allowance,pass,1
LF_CSP_NONCE_01,CSP/framework,CL_CSP_06,nonce_csp_static_render_incompatibility,nonce_csp_static_render_incompatibility,pass,1
LF_CSP_NONCE_01__header_name_casefold,CSP/framework,CL_CSP_06,nonce_csp_static_render_incompatibility,nonce_csp_static_render_incompatibility,pass,1
LF_CSP_NONCE_01__header_order_reverse,CSP/framework,CL_CSP_06,nonce_csp_static_render_incompatibility,nonce_csp_static_render_incompatibility,pass,1
LF_CSP_NONCE_01__directive_whitespace_expand,CSP/framework,CL_CSP_06,nonce_csp_static_render_incompatibility,nonce_csp_static_render_incompatibility,pass,1
LF_CSP_NONCE_02,CSP/framework,CL_CSP_06,nonce_csp_static_render_incompatibility,nonce_csp_static_render_incompatibility,pass,1
LF_CSP_NONCE_02__header_name_casefold,CSP/framework,CL_CSP_06,nonce_csp_static_render_incompatibility,nonce_csp_static_render_incompatibility,pass,1
LF_CSP_NONCE_02__header_order_reverse,CSP/framework,CL_CSP_06,nonce_csp_static_render_incompatibility,nonce_csp_static_render_incompatibility,pass,1
LF_CSP_NONCE_02__directive_whitespace_expand,CSP/framework,CL_CSP_06,nonce_csp_static_render_incompatibility,nonce_csp_static_render_incompatibility,pass,1
LF_CSP_NONCE_03,CSP/framework,CL_CSP_06,nonce_csp_static_render_incompatibility,nonce_csp_static_render_incompatibility,pass,1
LF_CSP_NONCE_03__header_name_casefold,CSP/framework,CL_CSP_06,nonce_csp_static_render_incompatibility,nonce_csp_static_render_incompatibility,pass,1
LF_CSP_NONCE_03__header_order_reverse,CSP/framework,CL_CSP_06,nonce_csp_static_render_incompatibility,nonce_csp_static_render_incompatibility,pass,1
LF_CSP_NONCE_03__directive_whitespace_expand,CSP/framework,CL_CSP_06,nonce_csp_static_render_incompatibility,nonce_csp_static_render_incompatibility,pass,1
LF_CSP_NONCE_04,CSP/framework,CL_CSP_06,nonce_csp_static_render_incompatibility,nonce_csp_static_render_incompatibility,pass,1
LF_CSP_NONCE_04__header_name_casefold,CSP/framework,CL_CSP_06,nonce_csp_static_render_incompatibility,nonce_csp_static_render_incompatibility,pass,1
LF_CSP_NONCE_04__header_order_reverse,CSP/framework,CL_CSP_06,nonce_csp_static_render_incompatibility,nonce_csp_static_render_incompatibility,pass,1
LF_CSP_NONCE_04__directive_whitespace_expand,CSP/framework,CL_CSP_06,nonce_csp_static_render_incompatibility,nonce_csp_static_render_incompatibility,pass,1
LF_CSP_NONCE_05,CSP/framework,CL_CSP_06,nonce_csp_static_render_incompatibility,nonce_csp_static_render_incompatibility,pass,1
LF_CSP_NONCE_05__header_name_casefold,CSP/framework,CL_CSP_06,nonce_csp_static_render_incompatibility,nonce_csp_static_render_incompatibility,pass,1
LF_CSP_NONCE_05__header_order_reverse,CSP/framework,CL_CSP_06,nonce_csp_static_render_incompatibility,nonce_csp_static_render_incompatibility,pass,1
LF_CSP_NONCE_05__directive_whitespace_expand,CSP/framework,CL_CSP_06,nonce_csp_static_render_incompatibility,nonce_csp_static_render_incompatibility,pass,1
LF_CSP_NONCE_06,CSP/framework,CL_CSP_06,nonce_csp_static_render_incompatibility,nonce_csp_static_render_incompatibility,pass,1
LF_CSP_NONCE_06__header_name_casefold,CSP/framework,CL_CSP_06,nonce_csp_static_render_incompatibility,nonce_csp_static_render_incompatibility,pass,1
LF_CSP_NONCE_06__header_order_reverse,CSP/framework,CL_CSP_06,nonce_csp_static_render_incompatibility,nonce_csp_static_render_incompatibility,pass,1
LF_CSP_NONCE_06__directive_whitespace_expand,CSP/framework,CL_CSP_06,nonce_csp_static_render_incompatibility,nonce_csp_static_render_incompatibility,pass,1
LF_CORS_WC_01,CORS,CL_CORS_01,cors_intended_credentialed_share_blocked,cors_intended_credentialed_share_blocked,pass,1
LF_CORS_WC_01__header_name_casefold,CORS,CL_CORS_01,cors_intended_credentialed_share_blocked,cors_intended_credentialed_share_blocked,pass,1
LF_CORS_WC_01__header_order_reverse,CORS,CL_CORS_01,cors_intended_credentialed_share_blocked,cors_intended_credentialed_share_blocked,pass,1
LF_CORS_WC_01__directive_whitespace_expand,CORS,CL_CORS_01,cors_intended_credentialed_share_blocked,cors_intended_credentialed_share_blocked,pass,1
LF_CORS_WC_02,CORS,CL_CORS_01,cors_intended_credentialed_share_blocked,cors_intended_credentialed_share_blocked,pass,1
LF_CORS_WC_02__header_name_casefold,CORS,CL_CORS_01,cors_intended_credentialed_share_blocked,cors_intended_credentialed_share_blocked,pass,1
LF_CORS_WC_02__header_order_reverse,CORS,CL_CORS_01,cors_intended_credentialed_share_blocked,cors_intended_credentialed_share_blocked,pass,1
LF_CORS_WC_02__directive_whitespace_expand,CORS,CL_CORS_01,cors_intended_credentialed_share_blocked,cors_intended_credentialed_share_blocked,pass,1
LF_CORS_WC_03,CORS,CL_CORS_01,cors_intended_credentialed_share_blocked,cors_intended_credentialed_share_blocked,pass,1
LF_CORS_WC_03__header_name_casefold,CORS,CL_CORS_01,cors_intended_credentialed_share_blocked,cors_intended_credentialed_share_blocked,pass,1
LF_CORS_WC_03__header_order_reverse,CORS,CL_CORS_01,cors_intended_credentialed_share_blocked,cors_intended_credentialed_share_blocked,pass,1
LF_CORS_WC_03__directive_whitespace_expand,CORS,CL_CORS_01,cors_intended_credentialed_share_blocked,cors_intended_credentialed_share_blocked,pass,1
LF_CORS_WC_04,CORS,CL_CORS_01,cors_intended_credentialed_share_blocked,cors_intended_credentialed_share_blocked,pass,1
LF_CORS_WC_04__header_name_casefold,CORS,CL_CORS_01,cors_intended_credentialed_share_blocked,cors_intended_credentialed_share_blocked,pass,1
LF_CORS_WC_04__header_order_reverse,CORS,CL_CORS_01,cors_intended_credentialed_share_blocked,cors_intended_credentialed_share_blocked,pass,1
LF_CORS_WC_04__directive_whitespace_expand,CORS,CL_CORS_01,cors_intended_credentialed_share_blocked,cors_intended_credentialed_share_blocked,pass,1
LF_CORS_WC_05,CORS,CL_CORS_01,cors_intended_credentialed_share_blocked,cors_intended_credentialed_share_blocked,pass,1
LF_CORS_WC_05__header_name_casefold,CORS,CL_CORS_01,cors_intended_credentialed_share_blocked,cors_intended_credentialed_share_blocked,pass,1
LF_CORS_WC_05__header_order_reverse,CORS,CL_CORS_01,cors_intended_credentialed_share_blocked,cors_intended_credentialed_share_blocked,pass,1
LF_CORS_WC_05__directive_whitespace_expand,CORS,CL_CORS_01,cors_intended_credentialed_share_blocked,cors_intended_credentialed_share_blocked,pass,1
LF_CORS_WC_06,CORS,CL_CORS_01,cors_intended_credentialed_share_blocked,cors_intended_credentialed_share_blocked,pass,1
LF_CORS_WC_06__header_name_casefold,CORS,CL_CORS_01,cors_intended_credentialed_share_blocked,cors_intended_credentialed_share_blocked,pass,1
LF_CORS_WC_06__header_order_reverse,CORS,CL_CORS_01,cors_intended_credentialed_share_blocked,cors_intended_credentialed_share_blocked,pass,1
LF_CORS_WC_06__directive_whitespace_expand,CORS,CL_CORS_01,cors_intended_credentialed_share_blocked,cors_intended_credentialed_share_blocked,pass,1
LF_CORS_REFLECT_01,CORS/framework,CL_EXPRESS_01,cors_reflected_origin_with_credentials,cors_reflected_origin_with_credentials,pass,1
LF_CORS_REFLECT_01__header_name_casefold,CORS/framework,CL_EXPRESS_01,cors_reflected_origin_with_credentials,cors_reflected_origin_with_credentials,pass,1
LF_CORS_REFLECT_01__header_order_reverse,CORS/framework,CL_EXPRESS_01,cors_reflected_origin_with_credentials,cors_reflected_origin_with_credentials,pass,1
LF_CORS_REFLECT_01__directive_whitespace_expand,CORS/framework,CL_EXPRESS_01,cors_reflected_origin_with_credentials,cors_reflected_origin_with_credentials,pass,1
LF_CORS_REFLECT_02,CORS/framework,CL_EXPRESS_01,cors_reflected_origin_with_credentials,cors_reflected_origin_with_credentials,pass,1
LF_CORS_REFLECT_02__header_name_casefold,CORS/framework,CL_EXPRESS_01,cors_reflected_origin_with_credentials,cors_reflected_origin_with_credentials,pass,1
LF_CORS_REFLECT_02__header_order_reverse,CORS/framework,CL_EXPRESS_01,cors_reflected_origin_with_credentials,cors_reflected_origin_with_credentials,pass,1
LF_CORS_REFLECT_02__directive_whitespace_expand,CORS/framework,CL_EXPRESS_01,cors_reflected_origin_with_credentials,cors_reflected_origin_with_credentials,pass,1
LF_CORS_REFLECT_03,CORS/framework,CL_EXPRESS_01,cors_reflected_origin_with_credentials,cors_reflected_origin_with_credentials,pass,1
LF_CORS_REFLECT_03__header_name_casefold,CORS/framework,CL_EXPRESS_01,cors_reflected_origin_with_credentials,cors_reflected_origin_with_credentials,pass,1
LF_CORS_REFLECT_03__header_order_reverse,CORS/framework,CL_EXPRESS_01,cors_reflected_origin_with_credentials,cors_reflected_origin_with_credentials,pass,1
LF_CORS_REFLECT_03__directive_whitespace_expand,CORS/framework,CL_EXPRESS_01,cors_reflected_origin_with_credentials,cors_reflected_origin_with_credentials,pass,1
LF_CORS_REFLECT_04,CORS/framework,CL_EXPRESS_01,cors_reflected_origin_with_credentials,cors_reflected_origin_with_credentials,pass,1
LF_CORS_REFLECT_04__header_name_casefold,CORS/framework,CL_EXPRESS_01,cors_reflected_origin_with_credentials,cors_reflected_origin_with_credentials,pass,1
LF_CORS_REFLECT_04__header_order_reverse,CORS/framework,CL_EXPRESS_01,cors_reflected_origin_with_credentials,cors_reflected_origin_with_credentials,pass,1
LF_CORS_REFLECT_04__directive_whitespace_expand,CORS/framework,CL_EXPRESS_01,cors_reflected_origin_with_credentials,cors_reflected_origin_with_credentials,pass,1
LF_CORS_REFLECT_05,CORS/framework,CL_EXPRESS_01,cors_reflected_origin_with_credentials,cors_reflected_origin_with_credentials,pass,1
LF_CORS_REFLECT_05__header_name_casefold,CORS/framework,CL_EXPRESS_01,cors_reflected_origin_with_credentials,cors_reflected_origin_with_credentials,pass,1
LF_CORS_REFLECT_05__header_order_reverse,CORS/framework,CL_EXPRESS_01,cors_reflected_origin_with_credentials,cors_reflected_origin_with_credentials,pass,1
LF_CORS_REFLECT_05__directive_whitespace_expand,CORS/framework,CL_EXPRESS_01,cors_reflected_origin_with_credentials,cors_reflected_origin_with_credentials,pass,1
LF_CORS_REFLECT_06,CORS/framework,CL_EXPRESS_01,cors_reflected_origin_with_credentials,cors_reflected_origin_with_credentials,pass,1
LF_CORS_REFLECT_06__header_name_casefold,CORS/framework,CL_EXPRESS_01,cors_reflected_origin_with_credentials,cors_reflected_origin_with_credentials,pass,1
LF_CORS_REFLECT_06__header_order_reverse,CORS/framework,CL_EXPRESS_01,cors_reflected_origin_with_credentials,cors_reflected_origin_with_credentials,pass,1
LF_CORS_REFLECT_06__directive_whitespace_expand,CORS/framework,CL_EXPRESS_01,cors_reflected_origin_with_credentials,cors_reflected_origin_with_credentials,pass,1
LF_HSTS_HTTP_01,HSTS,CL_HSTS_01,hsts_header_not_honored_over_http,hsts_header_not_honored_over_http,pass,1
LF_HSTS_HTTP_01__header_name_casefold,HSTS,CL_HSTS_01,hsts_header_not_honored_over_http,hsts_header_not_honored_over_http,pass,1
LF_HSTS_HTTP_01__header_order_reverse,HSTS,CL_HSTS_01,hsts_header_not_honored_over_http,hsts_header_not_honored_over_http,pass,1
LF_HSTS_HTTP_01__directive_whitespace_expand,HSTS,CL_HSTS_01,hsts_header_not_honored_over_http,hsts_header_not_honored_over_http,pass,1
LF_HSTS_HTTP_02,HSTS,CL_HSTS_01,hsts_header_not_honored_over_http,hsts_header_not_honored_over_http,pass,1
LF_HSTS_HTTP_02__header_name_casefold,HSTS,CL_HSTS_01,hsts_header_not_honored_over_http,hsts_header_not_honored_over_http,pass,1
LF_HSTS_HTTP_02__header_order_reverse,HSTS,CL_HSTS_01,hsts_header_not_honored_over_http,hsts_header_not_honored_over_http,pass,1
LF_HSTS_HTTP_02__directive_whitespace_expand,HSTS,CL_HSTS_01,hsts_header_not_honored_over_http,hsts_header_not_honored_over_http,pass,1
LF_HSTS_HTTP_03,HSTS,CL_HSTS_01,hsts_header_not_honored_over_http,hsts_header_not_honored_over_http,pass,1
LF_HSTS_HTTP_03__header_name_casefold,HSTS,CL_HSTS_01,hsts_header_not_honored_over_http,hsts_header_not_honored_over_http,pass,1
LF_HSTS_HTTP_03__header_order_reverse,HSTS,CL_HSTS_01,hsts_header_not_honored_over_http,hsts_header_not_honored_over_http,pass,1
LF_HSTS_HTTP_03__directive_whitespace_expand,HSTS,CL_HSTS_01,hsts_header_not_honored_over_http,hsts_header_not_honored_over_http,pass,1
LF_HSTS_HTTP_04,HSTS,CL_HSTS_01,hsts_header_not_honored_over_http,hsts_header_not_honored_over_http,pass,1
LF_HSTS_HTTP_04__header_name_casefold,HSTS,CL_HSTS_01,hsts_header_not_honored_over_http,hsts_header_not_honored_over_http,pass,1
LF_HSTS_HTTP_04__header_order_reverse,HSTS,CL_HSTS_01,hsts_header_not_honored_over_http,hsts_header_not_honored_over_http,pass,1
LF_HSTS_HTTP_04__directive_whitespace_expand,HSTS,CL_HSTS_01,hsts_header_not_honored_over_http,hsts_header_not_honored_over_http,pass,1
LF_HSTS_HTTP_05,HSTS,CL_HSTS_01,hsts_header_not_honored_over_http,hsts_header_not_honored_over_http,pass,1
LF_HSTS_HTTP_05__header_name_casefold,HSTS,CL_HSTS_01,hsts_header_not_honored_over_http,hsts_header_not_honored_over_http,pass,1
LF_HSTS_HTTP_05__header_order_reverse,HSTS,CL_HSTS_01,hsts_header_not_honored_over_http,hsts_header_not_honored_over_http,pass,1
LF_HSTS_HTTP_05__directive_whitespace_expand,HSTS,CL_HSTS_01,hsts_header_not_honored_over_http,hsts_header_not_honored_over_http,pass,1
LF_HSTS_HTTP_06,HSTS,CL_HSTS_01,hsts_header_not_honored_over_http,hsts_header_not_honored_over_http,pass,1
LF_HSTS_HTTP_06__header_name_casefold,HSTS,CL_HSTS_01,hsts_header_not_honored_over_http,hsts_header_not_honored_over_http,pass,1
LF_HSTS_HTTP_06__header_order_reverse,HSTS,CL_HSTS_01,hsts_header_not_honored_over_http,hsts_header_not_honored_over_http,pass,1
LF_HSTS_HTTP_06__directive_whitespace_expand,HSTS,CL_HSTS_01,hsts_header_not_honored_over_http,hsts_header_not_honored_over_http,pass,1
LF_HSTS_ZERO_01,HSTS,CL_HSTS_02,hsts_policy_cleared_by_zero_max_age,hsts_policy_cleared_by_zero_max_age,pass,1
LF_HSTS_ZERO_01__header_name_casefold,HSTS,CL_HSTS_02,hsts_policy_cleared_by_zero_max_age,hsts_policy_cleared_by_zero_max_age,pass,1
LF_HSTS_ZERO_01__header_order_reverse,HSTS,CL_HSTS_02,hsts_policy_cleared_by_zero_max_age,hsts_policy_cleared_by_zero_max_age,pass,1
LF_HSTS_ZERO_01__directive_whitespace_expand,HSTS,CL_HSTS_02,hsts_policy_cleared_by_zero_max_age,hsts_policy_cleared_by_zero_max_age,pass,1
LF_HSTS_ZERO_02,HSTS,CL_HSTS_02,hsts_policy_cleared_by_zero_max_age,hsts_policy_cleared_by_zero_max_age,pass,1
LF_HSTS_ZERO_02__header_name_casefold,HSTS,CL_HSTS_02,hsts_policy_cleared_by_zero_max_age,hsts_policy_cleared_by_zero_max_age,pass,1
LF_HSTS_ZERO_02__header_order_reverse,HSTS,CL_HSTS_02,hsts_policy_cleared_by_zero_max_age,hsts_policy_cleared_by_zero_max_age,pass,1
LF_HSTS_ZERO_02__directive_whitespace_expand,HSTS,CL_HSTS_02,hsts_policy_cleared_by_zero_max_age,hsts_policy_cleared_by_zero_max_age,pass,1
LF_HSTS_ZERO_03,HSTS,CL_HSTS_02,hsts_policy_cleared_by_zero_max_age,hsts_policy_cleared_by_zero_max_age,pass,1
LF_HSTS_ZERO_03__header_name_casefold,HSTS,CL_HSTS_02,hsts_policy_cleared_by_zero_max_age,hsts_policy_cleared_by_zero_max_age,pass,1
LF_HSTS_ZERO_03__header_order_reverse,HSTS,CL_HSTS_02,hsts_policy_cleared_by_zero_max_age,hsts_policy_cleared_by_zero_max_age,pass,1
LF_HSTS_ZERO_03__directive_whitespace_expand,HSTS,CL_HSTS_02,hsts_policy_cleared_by_zero_max_age,hsts_policy_cleared_by_zero_max_age,pass,1
LF_HSTS_ZERO_04,HSTS,CL_HSTS_02,hsts_policy_cleared_by_zero_max_age,hsts_policy_cleared_by_zero_max_age,pass,1
LF_HSTS_ZERO_04__header_name_casefold,HSTS,CL_HSTS_02,hsts_policy_cleared_by_zero_max_age,hsts_policy_cleared_by_zero_max_age,pass,1
LF_HSTS_ZERO_04__header_order_reverse,HSTS,CL_HSTS_02,hsts_policy_cleared_by_zero_max_age,hsts_policy_cleared_by_zero_max_age,pass,1
LF_HSTS_ZERO_04__directive_whitespace_expand,HSTS,CL_HSTS_02,hsts_policy_cleared_by_zero_max_age,hsts_policy_cleared_by_zero_max_age,pass,1
LF_HSTS_ZERO_05,HSTS,CL_HSTS_02,hsts_policy_cleared_by_zero_max_age,hsts_policy_cleared_by_zero_max_age,pass,1
LF_HSTS_ZERO_05__header_name_casefold,HSTS,CL_HSTS_02,hsts_policy_cleared_by_zero_max_age,hsts_policy_cleared_by_zero_max_age,pass,1
LF_HSTS_ZERO_05__header_order_reverse,HSTS,CL_HSTS_02,hsts_policy_cleared_by_zero_max_age,hsts_policy_cleared_by_zero_max_age,pass,1
LF_HSTS_ZERO_05__directive_whitespace_expand,HSTS,CL_HSTS_02,hsts_policy_cleared_by_zero_max_age,hsts_policy_cleared_by_zero_max_age,pass,1
LF_HSTS_ZERO_06,HSTS,CL_HSTS_02,hsts_policy_cleared_by_zero_max_age,hsts_policy_cleared_by_zero_max_age,pass,1
LF_HSTS_ZERO_06__header_name_casefold,HSTS,CL_HSTS_02,hsts_policy_cleared_by_zero_max_age,hsts_policy_cleared_by_zero_max_age,pass,1
LF_HSTS_ZERO_06__header_order_reverse,HSTS,CL_HSTS_02,hsts_policy_cleared_by_zero_max_age,hsts_policy_cleared_by_zero_max_age,pass,1
LF_HSTS_ZERO_06__directive_whitespace_expand,HSTS,CL_HSTS_02,hsts_policy_cleared_by_zero_max_age,hsts_policy_cleared_by_zero_max_age,pass,1
LF_COEP_01,COEP/CORP/CORS,CL_COEP_01,coep_require_corp_blocks_cross_origin_resource,coep_require_corp_blocks_cross_origin_resource,pass,1
LF_COEP_01__header_name_casefold,COEP/CORP/CORS,CL_COEP_01,coep_require_corp_blocks_cross_origin_resource,coep_require_corp_blocks_cross_origin_resource,pass,1
LF_COEP_01__header_order_reverse,COEP/CORP/CORS,CL_COEP_01,coep_require_corp_blocks_cross_origin_resource,coep_require_corp_blocks_cross_origin_resource,pass,1
LF_COEP_01__directive_whitespace_expand,COEP/CORP/CORS,CL_COEP_01,coep_require_corp_blocks_cross_origin_resource,coep_require_corp_blocks_cross_origin_resource,pass,1
LF_COEP_02,COEP/CORP/CORS,CL_COEP_01,coep_require_corp_blocks_cross_origin_resource,coep_require_corp_blocks_cross_origin_resource,pass,1
LF_COEP_02__header_name_casefold,COEP/CORP/CORS,CL_COEP_01,coep_require_corp_blocks_cross_origin_resource,coep_require_corp_blocks_cross_origin_resource,pass,1
LF_COEP_02__header_order_reverse,COEP/CORP/CORS,CL_COEP_01,coep_require_corp_blocks_cross_origin_resource,coep_require_corp_blocks_cross_origin_resource,pass,1
LF_COEP_02__directive_whitespace_expand,COEP/CORP/CORS,CL_COEP_01,coep_require_corp_blocks_cross_origin_resource,coep_require_corp_blocks_cross_origin_resource,pass,1
LF_COEP_03,COEP/CORP/CORS,CL_COEP_01,coep_require_corp_blocks_cross_origin_resource,coep_require_corp_blocks_cross_origin_resource,pass,1
LF_COEP_03__header_name_casefold,COEP/CORP/CORS,CL_COEP_01,coep_require_corp_blocks_cross_origin_resource,coep_require_corp_blocks_cross_origin_resource,pass,1
LF_COEP_03__header_order_reverse,COEP/CORP/CORS,CL_COEP_01,coep_require_corp_blocks_cross_origin_resource,coep_require_corp_blocks_cross_origin_resource,pass,1
LF_COEP_03__directive_whitespace_expand,COEP/CORP/CORS,CL_COEP_01,coep_require_corp_blocks_cross_origin_resource,coep_require_corp_blocks_cross_origin_resource,pass,1
LF_COEP_04,COEP/CORP/CORS,CL_COEP_01,coep_require_corp_blocks_cross_origin_resource,coep_require_corp_blocks_cross_origin_resource,pass,1
LF_COEP_04__header_name_casefold,COEP/CORP/CORS,CL_COEP_01,coep_require_corp_blocks_cross_origin_resource,coep_require_corp_blocks_cross_origin_resource,pass,1
LF_COEP_04__header_order_reverse,COEP/CORP/CORS,CL_COEP_01,coep_require_corp_blocks_cross_origin_resource,coep_require_corp_blocks_cross_origin_resource,pass,1
LF_COEP_04__directive_whitespace_expand,COEP/CORP/CORS,CL_COEP_01,coep_require_corp_blocks_cross_origin_resource,coep_require_corp_blocks_cross_origin_resource,pass,1
LF_COEP_05,COEP/CORP/CORS,CL_COEP_01,coep_require_corp_blocks_cross_origin_resource,coep_require_corp_blocks_cross_origin_resource,pass,1
LF_COEP_05__header_name_casefold,COEP/CORP/CORS,CL_COEP_01,coep_require_corp_blocks_cross_origin_resource,coep_require_corp_blocks_cross_origin_resource,pass,1
LF_COEP_05__header_order_reverse,COEP/CORP/CORS,CL_COEP_01,coep_require_corp_blocks_cross_origin_resource,coep_require_corp_blocks_cross_origin_resource,pass,1
LF_COEP_05__directive_whitespace_expand,COEP/CORP/CORS,CL_COEP_01,coep_require_corp_blocks_cross_origin_resource,coep_require_corp_blocks_cross_origin_resource,pass,1
LF_COEP_06,COEP/CORP/CORS,CL_COEP_01,coep_require_corp_blocks_cross_origin_resource,coep_require_corp_blocks_cross_origin_resource,pass,1
LF_COEP_06__header_name_casefold,COEP/CORP/CORS,CL_COEP_01,coep_require_corp_blocks_cross_origin_resource,coep_require_corp_blocks_cross_origin_resource,pass,1
LF_COEP_06__header_order_reverse,COEP/CORP/CORS,CL_COEP_01,coep_require_corp_blocks_cross_origin_resource,coep_require_corp_blocks_cross_origin_resource,pass,1
LF_COEP_06__directive_whitespace_expand,COEP/CORP/CORS,CL_COEP_01,coep_require_corp_blocks_cross_origin_resource,coep_require_corp_blocks_cross_origin_resource,pass,1
LF_COOP_ISO_01,COOP/COEP/Permissions-Policy,CL_COOP_01,cross_origin_isolation_incomplete,cross_origin_isolation_incomplete,pass,1
LF_COOP_ISO_01__header_name_casefold,COOP/COEP/Permissions-Policy,CL_COOP_01,cross_origin_isolation_incomplete,cross_origin_isolation_incomplete,pass,1
LF_COOP_ISO_01__header_order_reverse,COOP/COEP/Permissions-Policy,CL_COOP_01,cross_origin_isolation_incomplete,cross_origin_isolation_incomplete,pass,1
LF_COOP_ISO_01__directive_whitespace_expand,COOP/COEP/Permissions-Policy,CL_COOP_01,cross_origin_isolation_incomplete,cross_origin_isolation_incomplete,pass,1
LF_COOP_ISO_02,COOP/COEP/Permissions-Policy,CL_COOP_01,cross_origin_isolation_incomplete,cross_origin_isolation_incomplete,pass,1
LF_COOP_ISO_02__header_name_casefold,COOP/COEP/Permissions-Policy,CL_COOP_01,cross_origin_isolation_incomplete,cross_origin_isolation_incomplete,pass,1
LF_COOP_ISO_02__header_order_reverse,COOP/COEP/Permissions-Policy,CL_COOP_01,cross_origin_isolation_incomplete,cross_origin_isolation_incomplete,pass,1
LF_COOP_ISO_02__directive_whitespace_expand,COOP/COEP/Permissions-Policy,CL_COOP_01,cross_origin_isolation_incomplete,cross_origin_isolation_incomplete,pass,1
LF_COOP_ISO_03,COOP/COEP/Permissions-Policy,CL_COOP_01,cross_origin_isolation_incomplete,cross_origin_isolation_incomplete,pass,1
LF_COOP_ISO_03__header_name_casefold,COOP/COEP/Permissions-Policy,CL_COOP_01,cross_origin_isolation_incomplete,cross_origin_isolation_incomplete,pass,1
LF_COOP_ISO_03__header_order_reverse,COOP/COEP/Permissions-Policy,CL_COOP_01,cross_origin_isolation_incomplete,cross_origin_isolation_incomplete,pass,1
LF_COOP_ISO_03__directive_whitespace_expand,COOP/COEP/Permissions-Policy,CL_COOP_01,cross_origin_isolation_incomplete,cross_origin_isolation_incomplete,pass,1
LF_COOP_ISO_04,COOP/COEP/Permissions-Policy,CL_COOP_01,cross_origin_isolation_incomplete,cross_origin_isolation_incomplete,pass,1
LF_COOP_ISO_04__header_name_casefold,COOP/COEP/Permissions-Policy,CL_COOP_01,cross_origin_isolation_incomplete,cross_origin_isolation_incomplete,pass,1
LF_COOP_ISO_04__header_order_reverse,COOP/COEP/Permissions-Policy,CL_COOP_01,cross_origin_isolation_incomplete,cross_origin_isolation_incomplete,pass,1
LF_COOP_ISO_04__directive_whitespace_expand,COOP/COEP/Permissions-Policy,CL_COOP_01,cross_origin_isolation_incomplete,cross_origin_isolation_incomplete,pass,1
LF_COOP_ISO_05,COOP/COEP/Permissions-Policy,CL_COOP_01,cross_origin_isolation_incomplete,cross_origin_isolation_incomplete,pass,1
LF_COOP_ISO_05__header_name_casefold,COOP/COEP/Permissions-Policy,CL_COOP_01,cross_origin_isolation_incomplete,cross_origin_isolation_incomplete,pass,1
LF_COOP_ISO_05__header_order_reverse,COOP/COEP/Permissions-Policy,CL_COOP_01,cross_origin_isolation_incomplete,cross_origin_isolation_incomplete,pass,1
LF_COOP_ISO_05__directive_whitespace_expand,COOP/COEP/Permissions-Policy,CL_COOP_01,cross_origin_isolation_incomplete,cross_origin_isolation_incomplete,pass,1
LF_COOP_ISO_06,COOP/COEP/Permissions-Policy,CL_COOP_01,cross_origin_isolation_incomplete,cross_origin_isolation_incomplete,pass,1
LF_COOP_ISO_06__header_name_casefold,COOP/COEP/Permissions-Policy,CL_COOP_01,cross_origin_isolation_incomplete,cross_origin_isolation_incomplete,pass,1
LF_COOP_ISO_06__header_order_reverse,COOP/COEP/Permissions-Policy,CL_COOP_01,cross_origin_isolation_incomplete,cross_origin_isolation_incomplete,pass,1
LF_COOP_ISO_06__directive_whitespace_expand,COOP/COEP/Permissions-Policy,CL_COOP_01,cross_origin_isolation_incomplete,cross_origin_isolation_incomplete,pass,1
LF_PERM_DISABLED_01,Permissions-Policy,CL_PERM_01,permissions_policy_feature_disabled,permissions_policy_feature_disabled,pass,1
LF_PERM_DISABLED_01__header_name_casefold,Permissions-Policy,CL_PERM_01,permissions_policy_feature_disabled,permissions_policy_feature_disabled,pass,1
LF_PERM_DISABLED_01__header_order_reverse,Permissions-Policy,CL_PERM_01,permissions_policy_feature_disabled,permissions_policy_feature_disabled,pass,1
LF_PERM_DISABLED_01__directive_whitespace_expand,Permissions-Policy,CL_PERM_01,permissions_policy_feature_disabled,permissions_policy_feature_disabled,pass,1
LF_PERM_DISABLED_02,Permissions-Policy,CL_PERM_01,permissions_policy_feature_disabled,permissions_policy_feature_disabled,pass,1
LF_PERM_DISABLED_02__header_name_casefold,Permissions-Policy,CL_PERM_01,permissions_policy_feature_disabled,permissions_policy_feature_disabled,pass,1
LF_PERM_DISABLED_02__header_order_reverse,Permissions-Policy,CL_PERM_01,permissions_policy_feature_disabled,permissions_policy_feature_disabled,pass,1
LF_PERM_DISABLED_02__directive_whitespace_expand,Permissions-Policy,CL_PERM_01,permissions_policy_feature_disabled,permissions_policy_feature_disabled,pass,1
LF_PERM_DISABLED_03,Permissions-Policy,CL_PERM_01,permissions_policy_feature_disabled,permissions_policy_feature_disabled,pass,1
LF_PERM_DISABLED_03__header_name_casefold,Permissions-Policy,CL_PERM_01,permissions_policy_feature_disabled,permissions_policy_feature_disabled,pass,1
LF_PERM_DISABLED_03__header_order_reverse,Permissions-Policy,CL_PERM_01,permissions_policy_feature_disabled,permissions_policy_feature_disabled,pass,1
LF_PERM_DISABLED_03__directive_whitespace_expand,Permissions-Policy,CL_PERM_01,permissions_policy_feature_disabled,permissions_policy_feature_disabled,pass,1
LF_PERM_DISABLED_04,Permissions-Policy,CL_PERM_01,permissions_policy_feature_disabled,permissions_policy_feature_disabled,pass,1
LF_PERM_DISABLED_04__header_name_casefold,Permissions-Policy,CL_PERM_01,permissions_policy_feature_disabled,permissions_policy_feature_disabled,pass,1
LF_PERM_DISABLED_04__header_order_reverse,Permissions-Policy,CL_PERM_01,permissions_policy_feature_disabled,permissions_policy_feature_disabled,pass,1
LF_PERM_DISABLED_04__directive_whitespace_expand,Permissions-Policy,CL_PERM_01,permissions_policy_feature_disabled,permissions_policy_feature_disabled,pass,1
LF_PERM_DISABLED_05,Permissions-Policy,CL_PERM_01,permissions_policy_feature_disabled,permissions_policy_feature_disabled,pass,1
LF_PERM_DISABLED_05__header_name_casefold,Permissions-Policy,CL_PERM_01,permissions_policy_feature_disabled,permissions_policy_feature_disabled,pass,1
LF_PERM_DISABLED_05__header_order_reverse,Permissions-Policy,CL_PERM_01,permissions_policy_feature_disabled,permissions_policy_feature_disabled,pass,1
LF_PERM_DISABLED_05__directive_whitespace_expand,Permissions-Policy,CL_PERM_01,permissions_policy_feature_disabled,permissions_policy_feature_disabled,pass,1
LF_PERM_DISABLED_06,Permissions-Policy,CL_PERM_01,permissions_policy_feature_disabled,permissions_policy_feature_disabled,pass,1
LF_PERM_DISABLED_06__header_name_casefold,Permissions-Policy,CL_PERM_01,permissions_policy_feature_disabled,permissions_policy_feature_disabled,pass,1
LF_PERM_DISABLED_06__header_order_reverse,Permissions-Policy,CL_PERM_01,permissions_policy_feature_disabled,permissions_policy_feature_disabled,pass,1
LF_PERM_DISABLED_06__directive_whitespace_expand,Permissions-Policy,CL_PERM_01,permissions_policy_feature_disabled,permissions_policy_feature_disabled,pass,1
LF_NC_CSP_SELF_01,CSP,CL_CSP_03,none,none,pass,0
LF_NC_CSP_SELF_01__header_name_casefold,CSP,CL_CSP_03,none,none,pass,0
LF_NC_CSP_SELF_01__header_order_reverse,CSP,CL_CSP_03,none,none,pass,0
LF_NC_CSP_SELF_01__directive_whitespace_expand,CSP,CL_CSP_03,none,none,pass,0
LF_NC_CSP_SELF_02,CSP,CL_CSP_03,none,none,pass,0
LF_NC_CSP_SELF_02__header_name_casefold,CSP,CL_CSP_03,none,none,pass,0
LF_NC_CSP_SELF_02__header_order_reverse,CSP,CL_CSP_03,none,none,pass,0
LF_NC_CSP_SELF_02__directive_whitespace_expand,CSP,CL_CSP_03,none,none,pass,0
LF_NC_CSP_OVERRIDE_01,CSP,CL_CSP_03,none,none,pass,0
LF_NC_CSP_OVERRIDE_01__header_name_casefold,CSP,CL_CSP_03,none,none,pass,0
LF_NC_CSP_OVERRIDE_01__header_order_reverse,CSP,CL_CSP_03,none,none,pass,0
LF_NC_CSP_OVERRIDE_01__directive_whitespace_expand,CSP,CL_CSP_03,none,none,pass,0
LF_NC_CSP_OVERRIDE_02,CSP,CL_CSP_03,none,none,pass,0
LF_NC_CSP_OVERRIDE_02__header_name_casefold,CSP,CL_CSP_03,none,none,pass,0
LF_NC_CSP_OVERRIDE_02__header_order_reverse,CSP,CL_CSP_03,none,none,pass,0
LF_NC_CSP_OVERRIDE_02__directive_whitespace_expand,CSP,CL_CSP_03,none,none,pass,0
LF_NC_CORS_SPECIFIC_01,CORS,CL_CORS_02,none,none,pass,0
LF_NC_CORS_SPECIFIC_01__header_name_casefold,CORS,CL_CORS_02,none,none,pass,0
LF_NC_CORS_SPECIFIC_01__header_order_reverse,CORS,CL_CORS_02,none,none,pass,0
LF_NC_CORS_SPECIFIC_01__directive_whitespace_expand,CORS,CL_CORS_02,none,none,pass,0
LF_NC_CORS_SPECIFIC_02,CORS,CL_CORS_02,none,none,pass,0
LF_NC_CORS_SPECIFIC_02__header_name_casefold,CORS,CL_CORS_02,none,none,pass,0
LF_NC_CORS_SPECIFIC_02__header_order_reverse,CORS,CL_CORS_02,none,none,pass,0
LF_NC_CORS_SPECIFIC_02__directive_whitespace_expand,CORS,CL_CORS_02,none,none,pass,0
LF_NC_CORS_WC_OMIT_01,CORS,CL_CORS_01,none,none,pass,0
LF_NC_CORS_WC_OMIT_01__header_name_casefold,CORS,CL_CORS_01,none,none,pass,0
LF_NC_CORS_WC_OMIT_01__header_order_reverse,CORS,CL_CORS_01,none,none,pass,0
LF_NC_CORS_WC_OMIT_01__directive_whitespace_expand,CORS,CL_CORS_01,none,none,pass,0
LF_NC_CORS_WC_OMIT_02,CORS,CL_CORS_01,none,none,pass,0
LF_NC_CORS_WC_OMIT_02__header_name_casefold,CORS,CL_CORS_01,none,none,pass,0
LF_NC_CORS_WC_OMIT_02__header_order_reverse,CORS,CL_CORS_01,none,none,pass,0
LF_NC_CORS_WC_OMIT_02__directive_whitespace_expand,CORS,CL_CORS_01,none,none,pass,0
LF_NC_HSTS_HTTPS_01,HSTS,CL_HSTS_01,none,none,pass,0
LF_NC_HSTS_HTTPS_01__header_name_casefold,HSTS,CL_HSTS_01,none,none,pass,0
LF_NC_HSTS_HTTPS_01__header_order_reverse,HSTS,CL_HSTS_01,none,none,pass,0
LF_NC_HSTS_HTTPS_01__directive_whitespace_expand,HSTS,CL_HSTS_01,none,none,pass,0
LF_NC_HSTS_HTTPS_02,HSTS,CL_HSTS_01,none,none,pass,0
LF_NC_HSTS_HTTPS_02__header_name_casefold,HSTS,CL_HSTS_01,none,none,pass,0
LF_NC_HSTS_HTTPS_02__header_order_reverse,HSTS,CL_HSTS_01,none,none,pass,0
LF_NC_HSTS_HTTPS_02__directive_whitespace_expand,HSTS,CL_HSTS_01,none,none,pass,0
LF_NC_HSTS_POSITIVE_01,HSTS,CL_HSTS_02,none,none,pass,0
LF_NC_HSTS_POSITIVE_01__header_name_casefold,HSTS,CL_HSTS_02,none,none,pass,0
LF_NC_HSTS_POSITIVE_01__header_order_reverse,HSTS,CL_HSTS_02,none,none,pass,0
LF_NC_HSTS_POSITIVE_01__directive_whitespace_expand,HSTS,CL_HSTS_02,none,none,pass,0
LF_NC_HSTS_POSITIVE_02,HSTS,CL_HSTS_02,none,none,pass,0
LF_NC_HSTS_POSITIVE_02__header_name_casefold,HSTS,CL_HSTS_02,none,none,pass,0
LF_NC_HSTS_POSITIVE_02__header_order_reverse,HSTS,CL_HSTS_02,none,none,pass,0
LF_NC_HSTS_POSITIVE_02__directive_whitespace_expand,HSTS,CL_HSTS_02,none,none,pass,0
LF_NC_COEP_CORP_01,COEP/CORP/CORS,CL_COEP_01,none,none,pass,0
LF_NC_COEP_CORP_01__header_name_casefold,COEP/CORP/CORS,CL_COEP_01,none,none,pass,0
LF_NC_COEP_CORP_01__header_order_reverse,COEP/CORP/CORS,CL_COEP_01,none,none,pass,0
LF_NC_COEP_CORP_01__directive_whitespace_expand,COEP/CORP/CORS,CL_COEP_01,none,none,pass,0
LF_NC_COEP_CORP_02,COEP/CORP/CORS,CL_COEP_01,none,none,pass,0
LF_NC_COEP_CORP_02__header_name_casefold,COEP/CORP/CORS,CL_COEP_01,none,none,pass,0
LF_NC_COEP_CORP_02__header_order_reverse,COEP/CORP/CORS,CL_COEP_01,none,none,pass,0
LF_NC_COEP_CORP_02__directive_whitespace_expand,COEP/CORP/CORS,CL_COEP_01,none,none,pass,0
LF_NC_COEP_CORS_01,COEP/CORP/CORS,CL_COEP_02,none,none,pass,0
LF_NC_COEP_CORS_01__header_name_casefold,COEP/CORP/CORS,CL_COEP_02,none,none,pass,0
LF_NC_COEP_CORS_01__header_order_reverse,COEP/CORP/CORS,CL_COEP_02,none,none,pass,0
LF_NC_COEP_CORS_01__directive_whitespace_expand,COEP/CORP/CORS,CL_COEP_02,none,none,pass,0
LF_NC_COEP_CORS_02,COEP/CORP/CORS,CL_COEP_02,none,none,pass,0
LF_NC_COEP_CORS_02__header_name_casefold,COEP/CORP/CORS,CL_COEP_02,none,none,pass,0
LF_NC_COEP_CORS_02__header_order_reverse,COEP/CORP/CORS,CL_COEP_02,none,none,pass,0
LF_NC_COEP_CORS_02__directive_whitespace_expand,COEP/CORP/CORS,CL_COEP_02,none,none,pass,0
LF_NC_COOP_ISO_01,COOP/COEP/Permissions-Policy,CL_COOP_01,none,none,pass,0
LF_NC_COOP_ISO_01__header_name_casefold,COOP/COEP/Permissions-Policy,CL_COOP_01,none,none,pass,0
LF_NC_COOP_ISO_01__header_order_reverse,COOP/COEP/Permissions-Policy,CL_COOP_01,none,none,pass,0
LF_NC_COOP_ISO_01__directive_whitespace_expand,COOP/COEP/Permissions-Policy,CL_COOP_01,none,none,pass,0
LF_NC_COOP_ISO_02,COOP/COEP/Permissions-Policy,CL_COOP_01,none,none,pass,0
LF_NC_COOP_ISO_02__header_name_casefold,COOP/COEP/Permissions-Policy,CL_COOP_01,none,none,pass,0
LF_NC_COOP_ISO_02__header_order_reverse,COOP/COEP/Permissions-Policy,CL_COOP_01,none,none,pass,0
LF_NC_COOP_ISO_02__directive_whitespace_expand,COOP/COEP/Permissions-Policy,CL_COOP_01,none,none,pass,0
LF_NC_PERM_SELF_01,Permissions-Policy,CL_PERM_01,none,none,pass,0
LF_NC_PERM_SELF_01__header_name_casefold,Permissions-Policy,CL_PERM_01,none,none,pass,0
LF_NC_PERM_SELF_01__header_order_reverse,Permissions-Policy,CL_PERM_01,none,none,pass,0
LF_NC_PERM_SELF_01__directive_whitespace_expand,Permissions-Policy,CL_PERM_01,none,none,pass,0
LF_NC_PERM_SELF_02,Permissions-Policy,CL_PERM_01,none,none,pass,0
LF_NC_PERM_SELF_02__header_name_casefold,Permissions-Policy,CL_PERM_01,none,none,pass,0
LF_NC_PERM_SELF_02__header_order_reverse,Permissions-Policy,CL_PERM_01,none,none,pass,0
LF_NC_PERM_SELF_02__directive_whitespace_expand,Permissions-Policy,CL_PERM_01,none,none,pass,0
LF_CSP_COMPOSE_01,Layered policy composition,CL_CSP_08,csp_conjunctive_policy_composition_blocks_required_script,csp_conjunctive_policy_composition_blocks_required_script,pass,1
LF_CSP_COMPOSE_01__header_name_casefold,Layered policy composition,CL_CSP_08,csp_conjunctive_policy_composition_blocks_required_script,csp_conjunctive_policy_composition_blocks_required_script,pass,1
LF_CSP_COMPOSE_01__header_order_reverse,Layered policy composition,CL_CSP_08,csp_conjunctive_policy_composition_blocks_required_script,csp_conjunctive_policy_composition_blocks_required_script,pass,1
LF_CSP_COMPOSE_01__directive_whitespace_expand,Layered policy composition,CL_CSP_08,csp_conjunctive_policy_composition_blocks_required_script,csp_conjunctive_policy_composition_blocks_required_script,pass,1
LF_CSP_COMPOSE_02,Layered policy composition,CL_CSP_08,csp_conjunctive_policy_composition_blocks_required_script,csp_conjunctive_policy_composition_blocks_required_script,pass,1
LF_CSP_COMPOSE_02__header_name_casefold,Layered policy composition,CL_CSP_08,csp_conjunctive_policy_composition_blocks_required_script,csp_conjunctive_policy_composition_blocks_required_script,pass,1
LF_CSP_COMPOSE_02__header_order_reverse,Layered policy composition,CL_CSP_08,csp_conjunctive_policy_composition_blocks_required_script,csp_conjunctive_policy_composition_blocks_required_script,pass,1
LF_CSP_COMPOSE_02__directive_whitespace_expand,Layered policy composition,CL_CSP_08,csp_conjunctive_policy_composition_blocks_required_script,csp_conjunctive_policy_composition_blocks_required_script,pass,1
LF_CSP_COMPOSE_03,Layered policy composition,CL_CSP_08,csp_conjunctive_policy_composition_blocks_required_script,csp_conjunctive_policy_composition_blocks_required_script,pass,1
LF_CSP_COMPOSE_03__header_name_casefold,Layered policy composition,CL_CSP_08,csp_conjunctive_policy_composition_blocks_required_script,csp_conjunctive_policy_composition_blocks_required_script,pass,1
LF_CSP_COMPOSE_03__header_order_reverse,Layered policy composition,CL_CSP_08,csp_conjunctive_policy_composition_blocks_required_script,csp_conjunctive_policy_composition_blocks_required_script,pass,1
LF_CSP_COMPOSE_03__directive_whitespace_expand,Layered policy composition,CL_CSP_08,csp_conjunctive_policy_composition_blocks_required_script,csp_conjunctive_policy_composition_blocks_required_script,pass,1
LF_CSP_COMPOSE_04,Layered policy composition,CL_CSP_08,csp_conjunctive_policy_composition_blocks_required_script,csp_conjunctive_policy_composition_blocks_required_script,pass,1
LF_CSP_COMPOSE_04__header_name_casefold,Layered policy composition,CL_CSP_08,csp_conjunctive_policy_composition_blocks_required_script,csp_conjunctive_policy_composition_blocks_required_script,pass,1
LF_CSP_COMPOSE_04__header_order_reverse,Layered policy composition,CL_CSP_08,csp_conjunctive_policy_composition_blocks_required_script,csp_conjunctive_policy_composition_blocks_required_script,pass,1
LF_CSP_COMPOSE_04__directive_whitespace_expand,Layered policy composition,CL_CSP_08,csp_conjunctive_policy_composition_blocks_required_script,csp_conjunctive_policy_composition_blocks_required_script,pass,1
LF_CSP_COMPOSE_05,Layered policy composition,CL_CSP_08,csp_conjunctive_policy_composition_blocks_required_script,csp_conjunctive_policy_composition_blocks_required_script,pass,1
LF_CSP_COMPOSE_05__header_name_casefold,Layered policy composition,CL_CSP_08,csp_conjunctive_policy_composition_blocks_required_script,csp_conjunctive_policy_composition_blocks_required_script,pass,1
LF_CSP_COMPOSE_05__header_order_reverse,Layered policy composition,CL_CSP_08,csp_conjunctive_policy_composition_blocks_required_script,csp_conjunctive_policy_composition_blocks_required_script,pass,1
LF_CSP_COMPOSE_05__directive_whitespace_expand,Layered policy composition,CL_CSP_08,csp_conjunctive_policy_composition_blocks_required_script,csp_conjunctive_policy_composition_blocks_required_script,pass,1
LF_CSP_COMPOSE_06,Layered policy composition,CL_CSP_08,csp_conjunctive_policy_composition_blocks_required_script,csp_conjunctive_policy_composition_blocks_required_script,pass,1
LF_CSP_COMPOSE_06__header_name_casefold,Layered policy composition,CL_CSP_08,csp_conjunctive_policy_composition_blocks_required_script,csp_conjunctive_policy_composition_blocks_required_script,pass,1
LF_CSP_COMPOSE_06__header_order_reverse,Layered policy composition,CL_CSP_08,csp_conjunctive_policy_composition_blocks_required_script,csp_conjunctive_policy_composition_blocks_required_script,pass,1
LF_CSP_COMPOSE_06__directive_whitespace_expand,Layered policy composition,CL_CSP_08,csp_conjunctive_policy_composition_blocks_required_script,csp_conjunctive_policy_composition_blocks_required_script,pass,1
LF_CSP_COMPOSE_07,Layered policy composition,CL_CSP_08,csp_conjunctive_policy_composition_blocks_required_script,csp_conjunctive_policy_composition_blocks_required_script,pass,1
LF_CSP_COMPOSE_07__header_name_casefold,Layered policy composition,CL_CSP_08,csp_conjunctive_policy_composition_blocks_required_script,csp_conjunctive_policy_composition_blocks_required_script,pass,1
LF_CSP_COMPOSE_07__header_order_reverse,Layered policy composition,CL_CSP_08,csp_conjunctive_policy_composition_blocks_required_script,csp_conjunctive_policy_composition_blocks_required_script,pass,1
LF_CSP_COMPOSE_07__directive_whitespace_expand,Layered policy composition,CL_CSP_08,csp_conjunctive_policy_composition_blocks_required_script,csp_conjunctive_policy_composition_blocks_required_script,pass,1
LF_CSP_COMPOSE_08,Layered policy composition,CL_CSP_08,csp_conjunctive_policy_composition_blocks_required_script,csp_conjunctive_policy_composition_blocks_required_script,pass,1
LF_CSP_COMPOSE_08__header_name_casefold,Layered policy composition,CL_CSP_08,csp_conjunctive_policy_composition_blocks_required_script,csp_conjunctive_policy_composition_blocks_required_script,pass,1
LF_CSP_COMPOSE_08__header_order_reverse,Layered policy composition,CL_CSP_08,csp_conjunctive_policy_composition_blocks_required_script,csp_conjunctive_policy_composition_blocks_required_script,pass,1
LF_CSP_COMPOSE_08__directive_whitespace_expand,Layered policy composition,CL_CSP_08,csp_conjunctive_policy_composition_blocks_required_script,csp_conjunctive_policy_composition_blocks_required_script,pass,1
LF_LAYER_DROP_01,Layered policy composition,CL_LAYER_01,layered_header_override_drops_enforcement,layered_header_override_drops_enforcement,pass,1
LF_LAYER_DROP_01__header_name_casefold,Layered policy composition,CL_LAYER_01,layered_header_override_drops_enforcement,layered_header_override_drops_enforcement,pass,1
LF_LAYER_DROP_01__header_order_reverse,Layered policy composition,CL_LAYER_01,layered_header_override_drops_enforcement,layered_header_override_drops_enforcement,pass,1
LF_LAYER_DROP_01__directive_whitespace_expand,Layered policy composition,CL_LAYER_01,layered_header_override_drops_enforcement,layered_header_override_drops_enforcement,pass,1
LF_LAYER_DROP_02,Layered policy composition,CL_LAYER_01,layered_header_override_drops_enforcement,layered_header_override_drops_enforcement,pass,1
LF_LAYER_DROP_02__header_name_casefold,Layered policy composition,CL_LAYER_01,layered_header_override_drops_enforcement,layered_header_override_drops_enforcement,pass,1
LF_LAYER_DROP_02__header_order_reverse,Layered policy composition,CL_LAYER_01,layered_header_override_drops_enforcement,layered_header_override_drops_enforcement,pass,1
LF_LAYER_DROP_02__directive_whitespace_expand,Layered policy composition,CL_LAYER_01,layered_header_override_drops_enforcement,layered_header_override_drops_enforcement,pass,1
LF_LAYER_DROP_03,Layered policy composition,CL_LAYER_01,layered_header_override_drops_enforcement,layered_header_override_drops_enforcement,pass,1
LF_LAYER_DROP_03__header_name_casefold,Layered policy composition,CL_LAYER_01,layered_header_override_drops_enforcement,layered_header_override_drops_enforcement,pass,1
LF_LAYER_DROP_03__header_order_reverse,Layered policy composition,CL_LAYER_01,layered_header_override_drops_enforcement,layered_header_override_drops_enforcement,pass,1
LF_LAYER_DROP_03__directive_whitespace_expand,Layered policy composition,CL_LAYER_01,layered_header_override_drops_enforcement,layered_header_override_drops_enforcement,pass,1
LF_LAYER_DROP_04,Layered policy composition,CL_LAYER_01,layered_header_override_drops_enforcement,layered_header_override_drops_enforcement,pass,1
LF_LAYER_DROP_04__header_name_casefold,Layered policy composition,CL_LAYER_01,layered_header_override_drops_enforcement,layered_header_override_drops_enforcement,pass,1
LF_LAYER_DROP_04__header_order_reverse,Layered policy composition,CL_LAYER_01,layered_header_override_drops_enforcement,layered_header_override_drops_enforcement,pass,1
LF_LAYER_DROP_04__directive_whitespace_expand,Layered policy composition,CL_LAYER_01,layered_header_override_drops_enforcement,layered_header_override_drops_enforcement,pass,1
LF_LAYER_DROP_05,Layered policy composition,CL_LAYER_01,layered_header_override_drops_enforcement,layered_header_override_drops_enforcement,pass,1
LF_LAYER_DROP_05__header_name_casefold,Layered policy composition,CL_LAYER_01,layered_header_override_drops_enforcement,layered_header_override_drops_enforcement,pass,1
LF_LAYER_DROP_05__header_order_reverse,Layered policy composition,CL_LAYER_01,layered_header_override_drops_enforcement,layered_header_override_drops_enforcement,pass,1
LF_LAYER_DROP_05__directive_whitespace_expand,Layered policy composition,CL_LAYER_01,layered_header_override_drops_enforcement,layered_header_override_drops_enforcement,pass,1
LF_LAYER_DROP_06,Layered policy composition,CL_LAYER_01,layered_header_override_drops_enforcement,layered_header_override_drops_enforcement,pass,1
LF_LAYER_DROP_06__header_name_casefold,Layered policy composition,CL_LAYER_01,layered_header_override_drops_enforcement,layered_header_override_drops_enforcement,pass,1
LF_LAYER_DROP_06__header_order_reverse,Layered policy composition,CL_LAYER_01,layered_header_override_drops_enforcement,layered_header_override_drops_enforcement,pass,1
LF_LAYER_DROP_06__directive_whitespace_expand,Layered policy composition,CL_LAYER_01,layered_header_override_drops_enforcement,layered_header_override_drops_enforcement,pass,1
LF_CORS_VARY_01,CORS/cache,CL_CORS_05,cors_dynamic_origin_missing_vary,cors_dynamic_origin_missing_vary,pass,1
LF_CORS_VARY_01__header_name_casefold,CORS/cache,CL_CORS_05,cors_dynamic_origin_missing_vary,cors_dynamic_origin_missing_vary,pass,1
LF_CORS_VARY_01__header_order_reverse,CORS/cache,CL_CORS_05,cors_dynamic_origin_missing_vary,cors_dynamic_origin_missing_vary,pass,1
LF_CORS_VARY_01__directive_whitespace_expand,CORS/cache,CL_CORS_05,cors_dynamic_origin_missing_vary,cors_dynamic_origin_missing_vary,pass,1
LF_CORS_VARY_02,CORS/cache,CL_CORS_05,cors_dynamic_origin_missing_vary,cors_dynamic_origin_missing_vary,pass,1
LF_CORS_VARY_02__header_name_casefold,CORS/cache,CL_CORS_05,cors_dynamic_origin_missing_vary,cors_dynamic_origin_missing_vary,pass,1
LF_CORS_VARY_02__header_order_reverse,CORS/cache,CL_CORS_05,cors_dynamic_origin_missing_vary,cors_dynamic_origin_missing_vary,pass,1
LF_CORS_VARY_02__directive_whitespace_expand,CORS/cache,CL_CORS_05,cors_dynamic_origin_missing_vary,cors_dynamic_origin_missing_vary,pass,1
LF_CORS_VARY_03,CORS/cache,CL_CORS_05,cors_dynamic_origin_missing_vary,cors_dynamic_origin_missing_vary,pass,1
LF_CORS_VARY_03__header_name_casefold,CORS/cache,CL_CORS_05,cors_dynamic_origin_missing_vary,cors_dynamic_origin_missing_vary,pass,1
LF_CORS_VARY_03__header_order_reverse,CORS/cache,CL_CORS_05,cors_dynamic_origin_missing_vary,cors_dynamic_origin_missing_vary,pass,1
LF_CORS_VARY_03__directive_whitespace_expand,CORS/cache,CL_CORS_05,cors_dynamic_origin_missing_vary,cors_dynamic_origin_missing_vary,pass,1
LF_CORS_VARY_04,CORS/cache,CL_CORS_05,cors_dynamic_origin_missing_vary,cors_dynamic_origin_missing_vary,pass,1
LF_CORS_VARY_04__header_name_casefold,CORS/cache,CL_CORS_05,cors_dynamic_origin_missing_vary,cors_dynamic_origin_missing_vary,pass,1
LF_CORS_VARY_04__header_order_reverse,CORS/cache,CL_CORS_05,cors_dynamic_origin_missing_vary,cors_dynamic_origin_missing_vary,pass,1
LF_CORS_VARY_04__directive_whitespace_expand,CORS/cache,CL_CORS_05,cors_dynamic_origin_missing_vary,cors_dynamic_origin_missing_vary,pass,1
LF_CORS_VARY_05,CORS/cache,CL_CORS_05,cors_dynamic_origin_missing_vary,cors_dynamic_origin_missing_vary,pass,1
LF_CORS_VARY_05__header_name_casefold,CORS/cache,CL_CORS_05,cors_dynamic_origin_missing_vary,cors_dynamic_origin_missing_vary,pass,1
LF_CORS_VARY_05__header_order_reverse,CORS/cache,CL_CORS_05,cors_dynamic_origin_missing_vary,cors_dynamic_origin_missing_vary,pass,1
LF_CORS_VARY_05__directive_whitespace_expand,CORS/cache,CL_CORS_05,cors_dynamic_origin_missing_vary,cors_dynamic_origin_missing_vary,pass,1
LF_CORS_VARY_06,CORS/cache,CL_CORS_05,cors_dynamic_origin_missing_vary,cors_dynamic_origin_missing_vary,pass,1
LF_CORS_VARY_06__header_name_casefold,CORS/cache,CL_CORS_05,cors_dynamic_origin_missing_vary,cors_dynamic_origin_missing_vary,pass,1
LF_CORS_VARY_06__header_order_reverse,CORS/cache,CL_CORS_05,cors_dynamic_origin_missing_vary,cors_dynamic_origin_missing_vary,pass,1
LF_CORS_VARY_06__directive_whitespace_expand,CORS/cache,CL_CORS_05,cors_dynamic_origin_missing_vary,cors_dynamic_origin_missing_vary,pass,1
LF_HSTS_SUBDOMAIN_01,HSTS/framework,CL_HSTS_04,hsts_subdomain_scope_not_covered,hsts_subdomain_scope_not_covered,pass,1
LF_HSTS_SUBDOMAIN_01__header_name_casefold,HSTS/framework,CL_HSTS_04,hsts_subdomain_scope_not_covered,hsts_subdomain_scope_not_covered,pass,1
LF_HSTS_SUBDOMAIN_01__header_order_reverse,HSTS/framework,CL_HSTS_04,hsts_subdomain_scope_not_covered,hsts_subdomain_scope_not_covered,pass,1
LF_HSTS_SUBDOMAIN_01__directive_whitespace_expand,HSTS/framework,CL_HSTS_04,hsts_subdomain_scope_not_covered,hsts_subdomain_scope_not_covered,pass,1
LF_HSTS_SUBDOMAIN_02,HSTS/framework,CL_HSTS_04,hsts_subdomain_scope_not_covered,hsts_subdomain_scope_not_covered,pass,1
LF_HSTS_SUBDOMAIN_02__header_name_casefold,HSTS/framework,CL_HSTS_04,hsts_subdomain_scope_not_covered,hsts_subdomain_scope_not_covered,pass,1
LF_HSTS_SUBDOMAIN_02__header_order_reverse,HSTS/framework,CL_HSTS_04,hsts_subdomain_scope_not_covered,hsts_subdomain_scope_not_covered,pass,1
LF_HSTS_SUBDOMAIN_02__directive_whitespace_expand,HSTS/framework,CL_HSTS_04,hsts_subdomain_scope_not_covered,hsts_subdomain_scope_not_covered,pass,1
LF_HSTS_SUBDOMAIN_03,HSTS/framework,CL_HSTS_04,hsts_subdomain_scope_not_covered,hsts_subdomain_scope_not_covered,pass,1
LF_HSTS_SUBDOMAIN_03__header_name_casefold,HSTS/framework,CL_HSTS_04,hsts_subdomain_scope_not_covered,hsts_subdomain_scope_not_covered,pass,1
LF_HSTS_SUBDOMAIN_03__header_order_reverse,HSTS/framework,CL_HSTS_04,hsts_subdomain_scope_not_covered,hsts_subdomain_scope_not_covered,pass,1
LF_HSTS_SUBDOMAIN_03__directive_whitespace_expand,HSTS/framework,CL_HSTS_04,hsts_subdomain_scope_not_covered,hsts_subdomain_scope_not_covered,pass,1
LF_HSTS_SUBDOMAIN_04,HSTS/framework,CL_HSTS_04,hsts_subdomain_scope_not_covered,hsts_subdomain_scope_not_covered,pass,1
LF_HSTS_SUBDOMAIN_04__header_name_casefold,HSTS/framework,CL_HSTS_04,hsts_subdomain_scope_not_covered,hsts_subdomain_scope_not_covered,pass,1
LF_HSTS_SUBDOMAIN_04__header_order_reverse,HSTS/framework,CL_HSTS_04,hsts_subdomain_scope_not_covered,hsts_subdomain_scope_not_covered,pass,1
LF_HSTS_SUBDOMAIN_04__directive_whitespace_expand,HSTS/framework,CL_HSTS_04,hsts_subdomain_scope_not_covered,hsts_subdomain_scope_not_covered,pass,1
LF_HSTS_SUBDOMAIN_05,HSTS/framework,CL_HSTS_04,hsts_subdomain_scope_not_covered,hsts_subdomain_scope_not_covered,pass,1
LF_HSTS_SUBDOMAIN_05__header_name_casefold,HSTS/framework,CL_HSTS_04,hsts_subdomain_scope_not_covered,hsts_subdomain_scope_not_covered,pass,1
LF_HSTS_SUBDOMAIN_05__header_order_reverse,HSTS/framework,CL_HSTS_04,hsts_subdomain_scope_not_covered,hsts_subdomain_scope_not_covered,pass,1
LF_HSTS_SUBDOMAIN_05__directive_whitespace_expand,HSTS/framework,CL_HSTS_04,hsts_subdomain_scope_not_covered,hsts_subdomain_scope_not_covered,pass,1
LF_HSTS_SUBDOMAIN_06,HSTS/framework,CL_HSTS_04,hsts_subdomain_scope_not_covered,hsts_subdomain_scope_not_covered,pass,1
LF_HSTS_SUBDOMAIN_06__header_name_casefold,HSTS/framework,CL_HSTS_04,hsts_subdomain_scope_not_covered,hsts_subdomain_scope_not_covered,pass,1
LF_HSTS_SUBDOMAIN_06__header_order_reverse,HSTS/framework,CL_HSTS_04,hsts_subdomain_scope_not_covered,hsts_subdomain_scope_not_covered,pass,1
LF_HSTS_SUBDOMAIN_06__directive_whitespace_expand,HSTS/framework,CL_HSTS_04,hsts_subdomain_scope_not_covered,hsts_subdomain_scope_not_covered,pass,1
LF_NC_CSP_COMPOSE_ALLOW_01,Layered policy composition,CL_CSP_08,none,none,pass,0
LF_NC_CSP_COMPOSE_ALLOW_01__header_name_casefold,Layered policy composition,CL_CSP_08,none,none,pass,0
LF_NC_CSP_COMPOSE_ALLOW_01__header_order_reverse,Layered policy composition,CL_CSP_08,none,none,pass,0
LF_NC_CSP_COMPOSE_ALLOW_01__directive_whitespace_expand,Layered policy composition,CL_CSP_08,none,none,pass,0
LF_NC_CSP_COMPOSE_ALLOW_02,Layered policy composition,CL_CSP_08,none,none,pass,0
LF_NC_CSP_COMPOSE_ALLOW_02__header_name_casefold,Layered policy composition,CL_CSP_08,none,none,pass,0
LF_NC_CSP_COMPOSE_ALLOW_02__header_order_reverse,Layered policy composition,CL_CSP_08,none,none,pass,0
LF_NC_CSP_COMPOSE_ALLOW_02__directive_whitespace_expand,Layered policy composition,CL_CSP_08,none,none,pass,0
LF_NC_LAYER_PRESERVE_01,Layered policy composition,CL_LAYER_01,none,none,pass,0
LF_NC_LAYER_PRESERVE_01__header_name_casefold,Layered policy composition,CL_LAYER_01,none,none,pass,0
LF_NC_LAYER_PRESERVE_01__header_order_reverse,Layered policy composition,CL_LAYER_01,none,none,pass,0
LF_NC_LAYER_PRESERVE_01__directive_whitespace_expand,Layered policy composition,CL_LAYER_01,none,none,pass,0
LF_NC_LAYER_PRESERVE_02,Layered policy composition,CL_LAYER_01,none,none,pass,0
LF_NC_LAYER_PRESERVE_02__header_name_casefold,Layered policy composition,CL_LAYER_01,none,none,pass,0
LF_NC_LAYER_PRESERVE_02__header_order_reverse,Layered policy composition,CL_LAYER_01,none,none,pass,0
LF_NC_LAYER_PRESERVE_02__directive_whitespace_expand,Layered policy composition,CL_LAYER_01,none,none,pass,0
LF_NC_CORS_VARY_01,CORS/cache,CL_CORS_05,none,none,pass,0
LF_NC_CORS_VARY_01__header_name_casefold,CORS/cache,CL_CORS_05,none,none,pass,0
LF_NC_CORS_VARY_01__header_order_reverse,CORS/cache,CL_CORS_05,none,none,pass,0
LF_NC_CORS_VARY_01__directive_whitespace_expand,CORS/cache,CL_CORS_05,none,none,pass,0
LF_NC_CORS_VARY_02,CORS/cache,CL_CORS_05,none,none,pass,0
LF_NC_CORS_VARY_02__header_name_casefold,CORS/cache,CL_CORS_05,none,none,pass,0
LF_NC_CORS_VARY_02__header_order_reverse,CORS/cache,CL_CORS_05,none,none,pass,0
LF_NC_CORS_VARY_02__directive_whitespace_expand,CORS/cache,CL_CORS_05,none,none,pass,0
LF_NC_HSTS_SUBDOMAIN_01,HSTS/framework,CL_HSTS_04,none,none,pass,0
LF_NC_HSTS_SUBDOMAIN_01__header_name_casefold,HSTS/framework,CL_HSTS_04,none,none,pass,0
LF_NC_HSTS_SUBDOMAIN_01__header_order_reverse,HSTS/framework,CL_HSTS_04,none,none,pass,0
LF_NC_HSTS_SUBDOMAIN_01__directive_whitespace_expand,HSTS/framework,CL_HSTS_04,none,none,pass,0
LF_NC_HSTS_SUBDOMAIN_02,HSTS/framework,CL_HSTS_04,none,none,pass,0
LF_NC_HSTS_SUBDOMAIN_02__header_name_casefold,HSTS/framework,CL_HSTS_04,none,none,pass,0
LF_NC_HSTS_SUBDOMAIN_02__header_order_reverse,HSTS/framework,CL_HSTS_04,none,none,pass,0
LF_NC_HSTS_SUBDOMAIN_02__directive_whitespace_expand,HSTS/framework,CL_HSTS_04,none,none,pass,0
AM1_CSP_MULTI_OVERBLOCK_01,CSP/composition,CL_CSP_03,csp_multiple_policy_overblocks_trusted_script,csp_multiple_policy_overblocks_trusted_script,pass,1
AM1_CSP_MULTI_OVERBLOCK_02,CSP/composition,CL_CSP_03,csp_multiple_policy_overblocks_trusted_script,csp_multiple_policy_overblocks_trusted_script,pass,1
AM1_CSP_MULTI_OVERBLOCK_03,CSP/composition,CL_CSP_03,csp_multiple_policy_overblocks_trusted_script,csp_multiple_policy_overblocks_trusted_script,pass,1
AM1_CSP_MULTI_OVERBLOCK_04,CSP/composition,CL_CSP_03,csp_multiple_policy_overblocks_trusted_script,csp_multiple_policy_overblocks_trusted_script,pass,1
AM1_CSP_MULTI_OVERBLOCK_05,CSP/composition,CL_CSP_03,csp_multiple_policy_overblocks_trusted_script,csp_multiple_policy_overblocks_trusted_script,pass,1
AM1_CSP_MULTI_OVERBLOCK_06,CSP/composition,CL_CSP_03,csp_multiple_policy_overblocks_trusted_script,csp_multiple_policy_overblocks_trusted_script,pass,1
AM1_CSP_FRAME_RO_01,CSP/framing,CL_CSP_01,csp_frame_ancestors_report_only_not_enforced,csp_frame_ancestors_report_only_not_enforced,pass,1
AM1_CSP_FRAME_RO_02,CSP/framing,CL_CSP_01,csp_frame_ancestors_report_only_not_enforced,csp_frame_ancestors_report_only_not_enforced,pass,1
AM1_CSP_FRAME_RO_03,CSP/framing,CL_CSP_01,csp_frame_ancestors_report_only_not_enforced,csp_frame_ancestors_report_only_not_enforced,pass,1
AM1_CSP_FRAME_RO_04,CSP/framing,CL_CSP_01,csp_frame_ancestors_report_only_not_enforced,csp_frame_ancestors_report_only_not_enforced,pass,1
AM1_CSP_FRAME_RO_05,CSP/framing,CL_CSP_01,csp_frame_ancestors_report_only_not_enforced,csp_frame_ancestors_report_only_not_enforced,pass,1
AM1_CSP_FRAME_RO_06,CSP/framing,CL_CSP_01,csp_frame_ancestors_report_only_not_enforced,csp_frame_ancestors_report_only_not_enforced,pass,1
AM1_CSP_FRAME_META_01,CSP/framing,CL_CSP_01,csp_frame_ancestors_meta_delivery_unsupported,csp_frame_ancestors_meta_delivery_unsupported,pass,1
AM1_CSP_FRAME_META_02,CSP/framing,CL_CSP_01,csp_frame_ancestors_meta_delivery_unsupported,csp_frame_ancestors_meta_delivery_unsupported,pass,1
AM1_CSP_FRAME_META_03,CSP/framing,CL_CSP_01,csp_frame_ancestors_meta_delivery_unsupported,csp_frame_ancestors_meta_delivery_unsupported,pass,1
AM1_CSP_FRAME_META_04,CSP/framing,CL_CSP_01,csp_frame_ancestors_meta_delivery_unsupported,csp_frame_ancestors_meta_delivery_unsupported,pass,1
AM1_CSP_FRAME_META_05,CSP/framing,CL_CSP_01,csp_frame_ancestors_meta_delivery_unsupported,csp_frame_ancestors_meta_delivery_unsupported,pass,1
AM1_CSP_FRAME_META_06,CSP/framing,CL_CSP_01,csp_frame_ancestors_meta_delivery_unsupported,csp_frame_ancestors_meta_delivery_unsupported,pass,1
AM1_CORS_DUP_ACAO_01,CORS,CL_CORS_02,cors_duplicate_acao_not_shareable,cors_duplicate_acao_not_shareable,pass,1
AM1_CORS_DUP_ACAO_02,CORS,CL_CORS_02,cors_duplicate_acao_not_shareable,cors_duplicate_acao_not_shareable,pass,1
AM1_CORS_DUP_ACAO_03,CORS,CL_CORS_02,cors_duplicate_acao_not_shareable,cors_duplicate_acao_not_shareable,pass,1
AM1_CORS_DUP_ACAO_04,CORS,CL_CORS_02,cors_duplicate_acao_not_shareable,cors_duplicate_acao_not_shareable,pass,1
AM1_CORS_DUP_ACAO_05,CORS,CL_CORS_02,cors_duplicate_acao_not_shareable,cors_duplicate_acao_not_shareable,pass,1
AM1_CORS_DUP_ACAO_06,CORS,CL_CORS_02,cors_duplicate_acao_not_shareable,cors_duplicate_acao_not_shareable,pass,1
AM1_CORS_ACAC_CASE_01,CORS,CL_CORS_02,cors_acac_case_sensitive_not_shareable,cors_acac_case_sensitive_not_shareable,pass,1
AM1_CORS_ACAC_CASE_02,CORS,CL_CORS_02,cors_acac_case_sensitive_not_shareable,cors_acac_case_sensitive_not_shareable,pass,1
AM1_CORS_ACAC_CASE_03,CORS,CL_CORS_02,cors_acac_case_sensitive_not_shareable,cors_acac_case_sensitive_not_shareable,pass,1
AM1_CORS_ACAC_CASE_04,CORS,CL_CORS_02,cors_acac_case_sensitive_not_shareable,cors_acac_case_sensitive_not_shareable,pass,1
AM1_CORS_ACAC_CASE_05,CORS,CL_CORS_02,cors_acac_case_sensitive_not_shareable,cors_acac_case_sensitive_not_shareable,pass,1
AM1_CORS_ACAC_CASE_06,CORS,CL_CORS_02,cors_acac_case_sensitive_not_shareable,cors_acac_case_sensitive_not_shareable,pass,1
AM1_CORS_VARY_01,CORS/cache,CL_CORS_03,cors_dynamic_origin_without_vary,cors_dynamic_origin_without_vary,pass,1
AM1_CORS_VARY_02,CORS/cache,CL_CORS_03,cors_dynamic_origin_without_vary,cors_dynamic_origin_without_vary,pass,1
AM1_CORS_VARY_03,CORS/cache,CL_CORS_03,cors_dynamic_origin_without_vary,cors_dynamic_origin_without_vary,pass,1
AM1_CORS_VARY_04,CORS/cache,CL_CORS_03,cors_dynamic_origin_without_vary,cors_dynamic_origin_without_vary,pass,1
AM1_CORS_VARY_05,CORS/cache,CL_CORS_03,cors_dynamic_origin_without_vary,cors_dynamic_origin_without_vary,pass,1
AM1_CORS_VARY_06,CORS/cache,CL_CORS_03,cors_dynamic_origin_without_vary,cors_dynamic_origin_without_vary,pass,1
AM1_HSTS_INVALID_01,HSTS,CL_HSTS_01,hsts_invalid_max_age_ignored,hsts_invalid_max_age_ignored,pass,1
AM1_HSTS_INVALID_02,HSTS,CL_HSTS_01,hsts_invalid_max_age_ignored,hsts_invalid_max_age_ignored,pass,1
AM1_HSTS_INVALID_03,HSTS,CL_HSTS_01,hsts_invalid_max_age_ignored,hsts_invalid_max_age_ignored,pass,1
AM1_HSTS_INVALID_04,HSTS,CL_HSTS_01,hsts_invalid_max_age_ignored,hsts_invalid_max_age_ignored,pass,1
AM1_HSTS_INVALID_05,HSTS,CL_HSTS_01,hsts_invalid_max_age_ignored,hsts_invalid_max_age_ignored,pass,1
AM1_HSTS_INVALID_06,HSTS,CL_HSTS_01,hsts_invalid_max_age_ignored,hsts_invalid_max_age_ignored,pass,1
AM1_HSTS_SUBDOMAIN_01,HSTS/subdomains,CL_HSTS_03,hsts_missing_include_subdomains,hsts_missing_include_subdomains,pass,1
AM1_HSTS_SUBDOMAIN_02,HSTS/subdomains,CL_HSTS_03,hsts_missing_include_subdomains,hsts_missing_include_subdomains,pass,1
AM1_HSTS_SUBDOMAIN_03,HSTS/subdomains,CL_HSTS_03,hsts_missing_include_subdomains,hsts_missing_include_subdomains,pass,1
AM1_HSTS_SUBDOMAIN_04,HSTS/subdomains,CL_HSTS_03,hsts_missing_include_subdomains,hsts_missing_include_subdomains,pass,1
AM1_HSTS_SUBDOMAIN_05,HSTS/subdomains,CL_HSTS_03,hsts_missing_include_subdomains,hsts_missing_include_subdomains,pass,1
AM1_HSTS_SUBDOMAIN_06,HSTS/subdomains,CL_HSTS_03,hsts_missing_include_subdomains,hsts_missing_include_subdomains,pass,1
AM1_HSTS_PRELOAD_01,HSTS/preload,CL_HSTS_05,hsts_preload_criteria_not_met,hsts_preload_criteria_not_met,pass,1
AM1_HSTS_PRELOAD_02,HSTS/preload,CL_HSTS_05,hsts_preload_criteria_not_met,hsts_preload_criteria_not_met,pass,1
AM1_HSTS_PRELOAD_03,HSTS/preload,CL_HSTS_05,hsts_preload_criteria_not_met,hsts_preload_criteria_not_met,pass,1
AM1_HSTS_PRELOAD_04,HSTS/preload,CL_HSTS_05,hsts_preload_criteria_not_met,hsts_preload_criteria_not_met,pass,1
AM1_HSTS_PRELOAD_05,HSTS/preload,CL_HSTS_05,hsts_preload_criteria_not_met,hsts_preload_criteria_not_met,pass,1
AM1_HSTS_PRELOAD_06,HSTS/preload,CL_HSTS_05,hsts_preload_criteria_not_met,hsts_preload_criteria_not_met,pass,1
AM1_CORP_SAMESITE_01,CORP,CL_COEP_02,corp_same_site_allows_cross_origin_same_site,corp_same_site_allows_cross_origin_same_site,pass,1
AM1_CORP_SAMESITE_02,CORP,CL_COEP_02,corp_same_site_allows_cross_origin_same_site,corp_same_site_allows_cross_origin_same_site,pass,1
AM1_CORP_SAMESITE_03,CORP,CL_COEP_02,corp_same_site_allows_cross_origin_same_site,corp_same_site_allows_cross_origin_same_site,pass,1
AM1_CORP_SAMESITE_04,CORP,CL_COEP_02,corp_same_site_allows_cross_origin_same_site,corp_same_site_allows_cross_origin_same_site,pass,1
AM1_CORP_SAMESITE_05,CORP,CL_COEP_02,corp_same_site_allows_cross_origin_same_site,corp_same_site_allows_cross_origin_same_site,pass,1
AM1_CORP_SAMESITE_06,CORP,CL_COEP_02,corp_same_site_allows_cross_origin_same_site,corp_same_site_allows_cross_origin_same_site,pass,1
AM1_PERM_OVERALLOW_01,Permissions-Policy,CL_PERM_02,permissions_policy_feature_overallowed,permissions_policy_feature_overallowed,pass,1
AM1_PERM_OVERALLOW_02,Permissions-Policy,CL_PERM_02,permissions_policy_feature_overallowed,permissions_policy_feature_overallowed,pass,1
AM1_PERM_OVERALLOW_03,Permissions-Policy,CL_PERM_02,permissions_policy_feature_overallowed,permissions_policy_feature_overallowed,pass,1
AM1_PERM_OVERALLOW_04,Permissions-Policy,CL_PERM_02,permissions_policy_feature_overallowed,permissions_policy_feature_overallowed,pass,1
AM1_PERM_OVERALLOW_05,Permissions-Policy,CL_PERM_02,permissions_policy_feature_overallowed,permissions_policy_feature_overallowed,pass,1
AM1_PERM_OVERALLOW_06,Permissions-Policy,CL_PERM_02,permissions_policy_feature_overallowed,permissions_policy_feature_overallowed,pass,1
AM1_NEG_CSP_ALLOW_01,CSP/composition,CL_CSP_03,none,none,pass,0
AM1_NEG_CSP_ALLOW_02,CSP/composition,CL_CSP_03,none,none,pass,0
AM1_NEG_CSP_ALLOW_03,CSP/composition,CL_CSP_03,none,none,pass,0
AM1_NEG_CSP_ALLOW_04,CSP/composition,CL_CSP_03,none,none,pass,0
AM1_NEG_CORS_OK_01,CORS,CL_CORS_02,none,none,pass,0
AM1_NEG_CORS_OK_02,CORS,CL_CORS_02,none,none,pass,0
AM1_NEG_CORS_OK_03,CORS,CL_CORS_02,none,none,pass,0
AM1_NEG_CORS_OK_04,CORS,CL_CORS_02,none,none,pass,0
AM1_NEG_HSTS_PRELOAD_OK_01,HSTS/preload,CL_HSTS_05,none,none,pass,0
AM1_NEG_HSTS_PRELOAD_OK_02,HSTS/preload,CL_HSTS_05,none,none,pass,0
AM1_NEG_HSTS_PRELOAD_OK_03,HSTS/preload,CL_HSTS_05,none,none,pass,0
AM1_NEG_HSTS_PRELOAD_OK_04,HSTS/preload,CL_HSTS_05,none,none,pass,0
AM1_NEG_CORP_SO_01,CORP,CL_COEP_02,none,none,pass,0
AM1_NEG_CORP_SO_02,CORP,CL_COEP_02,none,none,pass,0
AM1_NEG_CORP_SO_03,CORP,CL_COEP_02,none,none,pass,0
AM1_NEG_CORP_SO_04,CORP,CL_COEP_02,none,none,pass,0
AM1_NEG_PERM_DENY_01,Permissions-Policy,CL_PERM_02,none,none,pass,0
AM1_NEG_PERM_DENY_02,Permissions-Policy,CL_PERM_02,none,none,pass,0
AM1_NEG_PERM_DENY_03,Permissions-Policy,CL_PERM_02,none,none,pass,0
AM1_NEG_PERM_DENY_04,Permissions-Policy,CL_PERM_02,none,none,pass,0
AM1_NEG_FRAME_ENFORCED_01,CSP/framing,CL_CSP_01,none,none,pass,0
AM1_NEG_FRAME_ENFORCED_02,CSP/framing,CL_CSP_01,none,none,pass,0
AM1_NEG_FRAME_ENFORCED_03,CSP/framing,CL_CSP_01,none,none,pass,0
AM1_NEG_FRAME_ENFORCED_04,CSP/framing,CL_CSP_01,none,none,pass,0
