fixture_id,expected_issue,issues_before,repair_action,issues_after,target_issue_removed,all_issues_removed
LF_CSP_RO_01,csp_report_only_not_enforced,csp_report_only_not_enforced,move report-only CSP into enforcing delivery surface,none,True,True
LF_CSP_RO_01__header_name_casefold,csp_report_only_not_enforced,csp_report_only_not_enforced,move report-only CSP into enforcing delivery surface,none,True,True
LF_CSP_RO_01__header_order_reverse,csp_report_only_not_enforced,csp_report_only_not_enforced,move report-only CSP into enforcing delivery surface,none,True,True
LF_CSP_RO_01__directive_whitespace_expand,csp_report_only_not_enforced,csp_report_only_not_enforced,move report-only CSP into enforcing delivery surface,none,True,True
LF_CSP_RO_02,csp_report_only_not_enforced,csp_report_only_not_enforced,move report-only CSP into enforcing delivery surface,none,True,True
LF_CSP_RO_02__header_name_casefold,csp_report_only_not_enforced,csp_report_only_not_enforced,move report-only CSP into enforcing delivery surface,none,True,True
LF_CSP_RO_02__header_order_reverse,csp_report_only_not_enforced,csp_report_only_not_enforced,move report-only CSP into enforcing delivery surface,none,True,True
LF_CSP_RO_02__directive_whitespace_expand,csp_report_only_not_enforced,csp_report_only_not_enforced,move report-only CSP into enforcing delivery surface,none,True,True
LF_CSP_RO_03,csp_report_only_not_enforced,csp_report_only_not_enforced,move report-only CSP into enforcing delivery surface,none,True,True
LF_CSP_RO_03__header_name_casefold,csp_report_only_not_enforced,csp_report_only_not_enforced,move report-only CSP into enforcing delivery surface,none,True,True
LF_CSP_RO_03__header_order_reverse,csp_report_only_not_enforced,csp_report_only_not_enforced,move report-only CSP into enforcing delivery surface,none,True,True
LF_CSP_RO_03__directive_whitespace_expand,csp_report_only_not_enforced,csp_report_only_not_enforced,move report-only CSP into enforcing delivery surface,none,True,True
LF_CSP_RO_04,csp_report_only_not_enforced,csp_report_only_not_enforced,move report-only CSP into enforcing delivery surface,none,True,True
LF_CSP_RO_04__header_name_casefold,csp_report_only_not_enforced,csp_report_only_not_enforced,move report-only CSP into enforcing delivery surface,none,True,True
LF_CSP_RO_04__header_order_reverse,csp_report_only_not_enforced,csp_report_only_not_enforced,move report-only CSP into enforcing delivery surface,none,True,True
LF_CSP_RO_04__directive_whitespace_expand,csp_report_only_not_enforced,csp_report_only_not_enforced,move report-only CSP into enforcing delivery surface,none,True,True
LF_CSP_RO_05,csp_report_only_not_enforced,csp_report_only_not_enforced,move report-only CSP into enforcing delivery surface,none,True,True
LF_CSP_RO_05__header_name_casefold,csp_report_only_not_enforced,csp_report_only_not_enforced,move report-only CSP into enforcing delivery surface,none,True,True
LF_CSP_RO_05__header_order_reverse,csp_report_only_not_enforced,csp_report_only_not_enforced,move report-only CSP into enforcing delivery surface,none,True,True
LF_CSP_RO_05__directive_whitespace_expand,csp_report_only_not_enforced,csp_report_only_not_enforced,move report-only CSP into enforcing delivery surface,none,True,True
LF_CSP_RO_06,csp_report_only_not_enforced,csp_report_only_not_enforced,move report-only CSP into enforcing delivery surface,none,True,True
LF_CSP_RO_06__header_name_casefold,csp_report_only_not_enforced,csp_report_only_not_enforced,move report-only CSP into enforcing delivery surface,none,True,True
LF_CSP_RO_06__header_order_reverse,csp_report_only_not_enforced,csp_report_only_not_enforced,move report-only CSP into enforcing delivery surface,none,True,True
LF_CSP_RO_06__directive_whitespace_expand,csp_report_only_not_enforced,csp_report_only_not_enforced,move report-only CSP into enforcing delivery surface,none,True,True
LF_CSP_FB_01,csp_effective_script_allowance,csp_effective_script_allowance,replace effective script source list with same-origin-only script-src,none,True,True
LF_CSP_FB_01__header_name_casefold,csp_effective_script_allowance,csp_effective_script_allowance,replace effective script source list with same-origin-only script-src,none,True,True
LF_CSP_FB_01__header_order_reverse,csp_effective_script_allowance,csp_effective_script_allowance,replace effective script source list with same-origin-only script-src,none,True,True
LF_CSP_FB_01__directive_whitespace_expand,csp_effective_script_allowance,csp_effective_script_allowance,replace effective script source list with same-origin-only script-src,none,True,True
LF_CSP_FB_02,csp_effective_script_allowance,csp_effective_script_allowance,replace effective script source list with same-origin-only script-src,none,True,True
LF_CSP_FB_02__header_name_casefold,csp_effective_script_allowance,csp_effective_script_allowance,replace effective script source list with same-origin-only script-src,none,True,True
LF_CSP_FB_02__header_order_reverse,csp_effective_script_allowance,csp_effective_script_allowance,replace effective script source list with same-origin-only script-src,none,True,True
LF_CSP_FB_02__directive_whitespace_expand,csp_effective_script_allowance,csp_effective_script_allowance,replace effective script source list with same-origin-only script-src,none,True,True
LF_CSP_FB_03,csp_effective_script_allowance,csp_effective_script_allowance,replace effective script source list with same-origin-only script-src,none,True,True
LF_CSP_FB_03__header_name_casefold,csp_effective_script_allowance,csp_effective_script_allowance,replace effective script source list with same-origin-only script-src,none,True,True
LF_CSP_FB_03__header_order_reverse,csp_effective_script_allowance,csp_effective_script_allowance,replace effective script source list with same-origin-only script-src,none,True,True
LF_CSP_FB_03__directive_whitespace_expand,csp_effective_script_allowance,csp_effective_script_allowance,replace effective script source list with same-origin-only script-src,none,True,True
LF_CSP_FB_04,csp_effective_script_allowance,csp_effective_script_allowance,replace effective script source list with same-origin-only script-src,none,True,True
LF_CSP_FB_04__header_name_casefold,csp_effective_script_allowance,csp_effective_script_allowance,replace effective script source list with same-origin-only script-src,none,True,True
LF_CSP_FB_04__header_order_reverse,csp_effective_script_allowance,csp_effective_script_allowance,replace effective script source list with same-origin-only script-src,none,True,True
LF_CSP_FB_04__directive_whitespace_expand,csp_effective_script_allowance,csp_effective_script_allowance,replace effective script source list with same-origin-only script-src,none,True,True
LF_CSP_FB_05,csp_effective_script_allowance,csp_effective_script_allowance,replace effective script source list with same-origin-only script-src,none,True,True
LF_CSP_FB_05__header_name_casefold,csp_effective_script_allowance,csp_effective_script_allowance,replace effective script source list with same-origin-only script-src,none,True,True
LF_CSP_FB_05__header_order_reverse,csp_effective_script_allowance,csp_effective_script_allowance,replace effective script source list with same-origin-only script-src,none,True,True
LF_CSP_FB_05__directive_whitespace_expand,csp_effective_script_allowance,csp_effective_script_allowance,replace effective script source list with same-origin-only script-src,none,True,True
LF_CSP_FB_06,csp_effective_script_allowance,csp_effective_script_allowance,replace effective script source list with same-origin-only script-src,none,True,True
LF_CSP_FB_06__header_name_casefold,csp_effective_script_allowance,csp_effective_script_allowance,replace effective script source list with same-origin-only script-src,none,True,True
LF_CSP_FB_06__header_order_reverse,csp_effective_script_allowance,csp_effective_script_allowance,replace effective script source list with same-origin-only script-src,none,True,True
LF_CSP_FB_06__directive_whitespace_expand,csp_effective_script_allowance,csp_effective_script_allowance,replace effective script source list with same-origin-only script-src,none,True,True
LF_CSP_FB_07,csp_effective_script_allowance,csp_effective_script_allowance,replace effective script source list with same-origin-only script-src,none,True,True
LF_CSP_FB_07__header_name_casefold,csp_effective_script_allowance,csp_effective_script_allowance,replace effective script source list with same-origin-only script-src,none,True,True
LF_CSP_FB_07__header_order_reverse,csp_effective_script_allowance,csp_effective_script_allowance,replace effective script source list with same-origin-only script-src,none,True,True
LF_CSP_FB_07__directive_whitespace_expand,csp_effective_script_allowance,csp_effective_script_allowance,replace effective script source list with same-origin-only script-src,none,True,True
LF_CSP_FB_08,csp_effective_script_allowance,csp_effective_script_allowance,replace effective script source list with same-origin-only script-src,none,True,True
LF_CSP_FB_08__header_name_casefold,csp_effective_script_allowance,csp_effective_script_allowance,replace effective script source list with same-origin-only script-src,none,True,True
LF_CSP_FB_08__header_order_reverse,csp_effective_script_allowance,csp_effective_script_allowance,replace effective script source list with same-origin-only script-src,none,True,True
LF_CSP_FB_08__directive_whitespace_expand,csp_effective_script_allowance,csp_effective_script_allowance,replace effective script source list with same-origin-only script-src,none,True,True
LF_CSP_NONCE_01,nonce_csp_static_render_incompatibility,nonce_csp_static_render_incompatibility,move nonce-bearing policy to dynamic per-request rendering context,none,True,True
LF_CSP_NONCE_01__header_name_casefold,nonce_csp_static_render_incompatibility,nonce_csp_static_render_incompatibility,move nonce-bearing policy to dynamic per-request rendering context,none,True,True
LF_CSP_NONCE_01__header_order_reverse,nonce_csp_static_render_incompatibility,nonce_csp_static_render_incompatibility,move nonce-bearing policy to dynamic per-request rendering context,none,True,True
LF_CSP_NONCE_01__directive_whitespace_expand,nonce_csp_static_render_incompatibility,nonce_csp_static_render_incompatibility,move nonce-bearing policy to dynamic per-request rendering context,none,True,True
LF_CSP_NONCE_02,nonce_csp_static_render_incompatibility,nonce_csp_static_render_incompatibility,move nonce-bearing policy to dynamic per-request rendering context,none,True,True
LF_CSP_NONCE_02__header_name_casefold,nonce_csp_static_render_incompatibility,nonce_csp_static_render_incompatibility,move nonce-bearing policy to dynamic per-request rendering context,none,True,True
LF_CSP_NONCE_02__header_order_reverse,nonce_csp_static_render_incompatibility,nonce_csp_static_render_incompatibility,move nonce-bearing policy to dynamic per-request rendering context,none,True,True
LF_CSP_NONCE_02__directive_whitespace_expand,nonce_csp_static_render_incompatibility,nonce_csp_static_render_incompatibility,move nonce-bearing policy to dynamic per-request rendering context,none,True,True
LF_CSP_NONCE_03,nonce_csp_static_render_incompatibility,nonce_csp_static_render_incompatibility,move nonce-bearing policy to dynamic per-request rendering context,none,True,True
LF_CSP_NONCE_03__header_name_casefold,nonce_csp_static_render_incompatibility,nonce_csp_static_render_incompatibility,move nonce-bearing policy to dynamic per-request rendering context,none,True,True
LF_CSP_NONCE_03__header_order_reverse,nonce_csp_static_render_incompatibility,nonce_csp_static_render_incompatibility,move nonce-bearing policy to dynamic per-request rendering context,none,True,True
LF_CSP_NONCE_03__directive_whitespace_expand,nonce_csp_static_render_incompatibility,nonce_csp_static_render_incompatibility,move nonce-bearing policy to dynamic per-request rendering context,none,True,True
LF_CSP_NONCE_04,nonce_csp_static_render_incompatibility,nonce_csp_static_render_incompatibility,move nonce-bearing policy to dynamic per-request rendering context,none,True,True
LF_CSP_NONCE_04__header_name_casefold,nonce_csp_static_render_incompatibility,nonce_csp_static_render_incompatibility,move nonce-bearing policy to dynamic per-request rendering context,none,True,True
LF_CSP_NONCE_04__header_order_reverse,nonce_csp_static_render_incompatibility,nonce_csp_static_render_incompatibility,move nonce-bearing policy to dynamic per-request rendering context,none,True,True
LF_CSP_NONCE_04__directive_whitespace_expand,nonce_csp_static_render_incompatibility,nonce_csp_static_render_incompatibility,move nonce-bearing policy to dynamic per-request rendering context,none,True,True
LF_CSP_NONCE_05,nonce_csp_static_render_incompatibility,nonce_csp_static_render_incompatibility,move nonce-bearing policy to dynamic per-request rendering context,none,True,True
LF_CSP_NONCE_05__header_name_casefold,nonce_csp_static_render_incompatibility,nonce_csp_static_render_incompatibility,move nonce-bearing policy to dynamic per-request rendering context,none,True,True
LF_CSP_NONCE_05__header_order_reverse,nonce_csp_static_render_incompatibility,nonce_csp_static_render_incompatibility,move nonce-bearing policy to dynamic per-request rendering context,none,True,True
LF_CSP_NONCE_05__directive_whitespace_expand,nonce_csp_static_render_incompatibility,nonce_csp_static_render_incompatibility,move nonce-bearing policy to dynamic per-request rendering context,none,True,True
LF_CSP_NONCE_06,nonce_csp_static_render_incompatibility,nonce_csp_static_render_incompatibility,move nonce-bearing policy to dynamic per-request rendering context,none,True,True
LF_CSP_NONCE_06__header_name_casefold,nonce_csp_static_render_incompatibility,nonce_csp_static_render_incompatibility,move nonce-bearing policy to dynamic per-request rendering context,none,True,True
LF_CSP_NONCE_06__header_order_reverse,nonce_csp_static_render_incompatibility,nonce_csp_static_render_incompatibility,move nonce-bearing policy to dynamic per-request rendering context,none,True,True
LF_CSP_NONCE_06__directive_whitespace_expand,nonce_csp_static_render_incompatibility,nonce_csp_static_render_incompatibility,move nonce-bearing policy to dynamic per-request rendering context,none,True,True
LF_CORS_WC_01,cors_intended_credentialed_share_blocked,cors_intended_credentialed_share_blocked,emit a single serialized request origin and exact ACAC true for credentialed CORS,none,True,True
LF_CORS_WC_01__header_name_casefold,cors_intended_credentialed_share_blocked,cors_intended_credentialed_share_blocked,emit a single serialized request origin and exact ACAC true for credentialed CORS,none,True,True
LF_CORS_WC_01__header_order_reverse,cors_intended_credentialed_share_blocked,cors_intended_credentialed_share_blocked,emit a single serialized request origin and exact ACAC true for credentialed CORS,none,True,True
LF_CORS_WC_01__directive_whitespace_expand,cors_intended_credentialed_share_blocked,cors_intended_credentialed_share_blocked,emit a single serialized request origin and exact ACAC true for credentialed CORS,none,True,True
LF_CORS_WC_02,cors_intended_credentialed_share_blocked,cors_intended_credentialed_share_blocked,emit a single serialized request origin and exact ACAC true for credentialed CORS,none,True,True
LF_CORS_WC_02__header_name_casefold,cors_intended_credentialed_share_blocked,cors_intended_credentialed_share_blocked,emit a single serialized request origin and exact ACAC true for credentialed CORS,none,True,True
LF_CORS_WC_02__header_order_reverse,cors_intended_credentialed_share_blocked,cors_intended_credentialed_share_blocked,emit a single serialized request origin and exact ACAC true for credentialed CORS,none,True,True
LF_CORS_WC_02__directive_whitespace_expand,cors_intended_credentialed_share_blocked,cors_intended_credentialed_share_blocked,emit a single serialized request origin and exact ACAC true for credentialed CORS,none,True,True
LF_CORS_WC_03,cors_intended_credentialed_share_blocked,cors_intended_credentialed_share_blocked,emit a single serialized request origin and exact ACAC true for credentialed CORS,none,True,True
LF_CORS_WC_03__header_name_casefold,cors_intended_credentialed_share_blocked,cors_intended_credentialed_share_blocked,emit a single serialized request origin and exact ACAC true for credentialed CORS,none,True,True
LF_CORS_WC_03__header_order_reverse,cors_intended_credentialed_share_blocked,cors_intended_credentialed_share_blocked,emit a single serialized request origin and exact ACAC true for credentialed CORS,none,True,True
LF_CORS_WC_03__directive_whitespace_expand,cors_intended_credentialed_share_blocked,cors_intended_credentialed_share_blocked,emit a single serialized request origin and exact ACAC true for credentialed CORS,none,True,True
LF_CORS_WC_04,cors_intended_credentialed_share_blocked,cors_intended_credentialed_share_blocked,emit a single serialized request origin and exact ACAC true for credentialed CORS,none,True,True
LF_CORS_WC_04__header_name_casefold,cors_intended_credentialed_share_blocked,cors_intended_credentialed_share_blocked,emit a single serialized request origin and exact ACAC true for credentialed CORS,none,True,True
LF_CORS_WC_04__header_order_reverse,cors_intended_credentialed_share_blocked,cors_intended_credentialed_share_blocked,emit a single serialized request origin and exact ACAC true for credentialed CORS,none,True,True
LF_CORS_WC_04__directive_whitespace_expand,cors_intended_credentialed_share_blocked,cors_intended_credentialed_share_blocked,emit a single serialized request origin and exact ACAC true for credentialed CORS,none,True,True
LF_CORS_WC_05,cors_intended_credentialed_share_blocked,cors_intended_credentialed_share_blocked,emit a single serialized request origin and exact ACAC true for credentialed CORS,none,True,True
LF_CORS_WC_05__header_name_casefold,cors_intended_credentialed_share_blocked,cors_intended_credentialed_share_blocked,emit a single serialized request origin and exact ACAC true for credentialed CORS,none,True,True
LF_CORS_WC_05__header_order_reverse,cors_intended_credentialed_share_blocked,cors_intended_credentialed_share_blocked,emit a single serialized request origin and exact ACAC true for credentialed CORS,none,True,True
LF_CORS_WC_05__directive_whitespace_expand,cors_intended_credentialed_share_blocked,cors_intended_credentialed_share_blocked,emit a single serialized request origin and exact ACAC true for credentialed CORS,none,True,True
LF_CORS_WC_06,cors_intended_credentialed_share_blocked,cors_intended_credentialed_share_blocked,emit a single serialized request origin and exact ACAC true for credentialed CORS,none,True,True
LF_CORS_WC_06__header_name_casefold,cors_intended_credentialed_share_blocked,cors_intended_credentialed_share_blocked,emit a single serialized request origin and exact ACAC true for credentialed CORS,none,True,True
LF_CORS_WC_06__header_order_reverse,cors_intended_credentialed_share_blocked,cors_intended_credentialed_share_blocked,emit a single serialized request origin and exact ACAC true for credentialed CORS,none,True,True
LF_CORS_WC_06__directive_whitespace_expand,cors_intended_credentialed_share_blocked,cors_intended_credentialed_share_blocked,emit a single serialized request origin and exact ACAC true for credentialed CORS,none,True,True
LF_CORS_REFLECT_01,cors_reflected_origin_with_credentials,cors_reflected_origin_with_credentials,replace arbitrary origin reflection with a fixed trusted origin,none,True,True
LF_CORS_REFLECT_01__header_name_casefold,cors_reflected_origin_with_credentials,cors_reflected_origin_with_credentials,replace arbitrary origin reflection with a fixed trusted origin,none,True,True
LF_CORS_REFLECT_01__header_order_reverse,cors_reflected_origin_with_credentials,cors_reflected_origin_with_credentials,replace arbitrary origin reflection with a fixed trusted origin,none,True,True
LF_CORS_REFLECT_01__directive_whitespace_expand,cors_reflected_origin_with_credentials,cors_reflected_origin_with_credentials,replace arbitrary origin reflection with a fixed trusted origin,none,True,True
LF_CORS_REFLECT_02,cors_reflected_origin_with_credentials,cors_reflected_origin_with_credentials,replace arbitrary origin reflection with a fixed trusted origin,none,True,True
LF_CORS_REFLECT_02__header_name_casefold,cors_reflected_origin_with_credentials,cors_reflected_origin_with_credentials,replace arbitrary origin reflection with a fixed trusted origin,none,True,True
LF_CORS_REFLECT_02__header_order_reverse,cors_reflected_origin_with_credentials,cors_reflected_origin_with_credentials,replace arbitrary origin reflection with a fixed trusted origin,none,True,True
LF_CORS_REFLECT_02__directive_whitespace_expand,cors_reflected_origin_with_credentials,cors_reflected_origin_with_credentials,replace arbitrary origin reflection with a fixed trusted origin,none,True,True
LF_CORS_REFLECT_03,cors_reflected_origin_with_credentials,cors_reflected_origin_with_credentials,replace arbitrary origin reflection with a fixed trusted origin,none,True,True
LF_CORS_REFLECT_03__header_name_casefold,cors_reflected_origin_with_credentials,cors_reflected_origin_with_credentials,replace arbitrary origin reflection with a fixed trusted origin,none,True,True
LF_CORS_REFLECT_03__header_order_reverse,cors_reflected_origin_with_credentials,cors_reflected_origin_with_credentials,replace arbitrary origin reflection with a fixed trusted origin,none,True,True
LF_CORS_REFLECT_03__directive_whitespace_expand,cors_reflected_origin_with_credentials,cors_reflected_origin_with_credentials,replace arbitrary origin reflection with a fixed trusted origin,none,True,True
LF_CORS_REFLECT_04,cors_reflected_origin_with_credentials,cors_reflected_origin_with_credentials,replace arbitrary origin reflection with a fixed trusted origin,none,True,True
LF_CORS_REFLECT_04__header_name_casefold,cors_reflected_origin_with_credentials,cors_reflected_origin_with_credentials,replace arbitrary origin reflection with a fixed trusted origin,none,True,True
LF_CORS_REFLECT_04__header_order_reverse,cors_reflected_origin_with_credentials,cors_reflected_origin_with_credentials,replace arbitrary origin reflection with a fixed trusted origin,none,True,True
LF_CORS_REFLECT_04__directive_whitespace_expand,cors_reflected_origin_with_credentials,cors_reflected_origin_with_credentials,replace arbitrary origin reflection with a fixed trusted origin,none,True,True
LF_CORS_REFLECT_05,cors_reflected_origin_with_credentials,cors_reflected_origin_with_credentials,replace arbitrary origin reflection with a fixed trusted origin,none,True,True
LF_CORS_REFLECT_05__header_name_casefold,cors_reflected_origin_with_credentials,cors_reflected_origin_with_credentials,replace arbitrary origin reflection with a fixed trusted origin,none,True,True
LF_CORS_REFLECT_05__header_order_reverse,cors_reflected_origin_with_credentials,cors_reflected_origin_with_credentials,replace arbitrary origin reflection with a fixed trusted origin,none,True,True
LF_CORS_REFLECT_05__directive_whitespace_expand,cors_reflected_origin_with_credentials,cors_reflected_origin_with_credentials,replace arbitrary origin reflection with a fixed trusted origin,none,True,True
LF_CORS_REFLECT_06,cors_reflected_origin_with_credentials,cors_reflected_origin_with_credentials,replace arbitrary origin reflection with a fixed trusted origin,none,True,True
LF_CORS_REFLECT_06__header_name_casefold,cors_reflected_origin_with_credentials,cors_reflected_origin_with_credentials,replace arbitrary origin reflection with a fixed trusted origin,none,True,True
LF_CORS_REFLECT_06__header_order_reverse,cors_reflected_origin_with_credentials,cors_reflected_origin_with_credentials,replace arbitrary origin reflection with a fixed trusted origin,none,True,True
LF_CORS_REFLECT_06__directive_whitespace_expand,cors_reflected_origin_with_credentials,cors_reflected_origin_with_credentials,replace arbitrary origin reflection with a fixed trusted origin,none,True,True
LF_HSTS_HTTP_01,hsts_header_not_honored_over_http,hsts_header_not_honored_over_http,deliver STS over secure transport,none,True,True
LF_HSTS_HTTP_01__header_name_casefold,hsts_header_not_honored_over_http,hsts_header_not_honored_over_http,deliver STS over secure transport,none,True,True
LF_HSTS_HTTP_01__header_order_reverse,hsts_header_not_honored_over_http,hsts_header_not_honored_over_http,deliver STS over secure transport,none,True,True
LF_HSTS_HTTP_01__directive_whitespace_expand,hsts_header_not_honored_over_http,hsts_header_not_honored_over_http,deliver STS over secure transport,none,True,True
LF_HSTS_HTTP_02,hsts_header_not_honored_over_http,hsts_header_not_honored_over_http,deliver STS over secure transport,none,True,True
LF_HSTS_HTTP_02__header_name_casefold,hsts_header_not_honored_over_http,hsts_header_not_honored_over_http,deliver STS over secure transport,none,True,True
LF_HSTS_HTTP_02__header_order_reverse,hsts_header_not_honored_over_http,hsts_header_not_honored_over_http,deliver STS over secure transport,none,True,True
LF_HSTS_HTTP_02__directive_whitespace_expand,hsts_header_not_honored_over_http,hsts_header_not_honored_over_http,deliver STS over secure transport,none,True,True
LF_HSTS_HTTP_03,hsts_header_not_honored_over_http,hsts_header_not_honored_over_http,deliver STS over secure transport,none,True,True
LF_HSTS_HTTP_03__header_name_casefold,hsts_header_not_honored_over_http,hsts_header_not_honored_over_http,deliver STS over secure transport,none,True,True
LF_HSTS_HTTP_03__header_order_reverse,hsts_header_not_honored_over_http,hsts_header_not_honored_over_http,deliver STS over secure transport,none,True,True
LF_HSTS_HTTP_03__directive_whitespace_expand,hsts_header_not_honored_over_http,hsts_header_not_honored_over_http,deliver STS over secure transport,none,True,True
LF_HSTS_HTTP_04,hsts_header_not_honored_over_http,hsts_header_not_honored_over_http,deliver STS over secure transport,none,True,True
LF_HSTS_HTTP_04__header_name_casefold,hsts_header_not_honored_over_http,hsts_header_not_honored_over_http,deliver STS over secure transport,none,True,True
LF_HSTS_HTTP_04__header_order_reverse,hsts_header_not_honored_over_http,hsts_header_not_honored_over_http,deliver STS over secure transport,none,True,True
LF_HSTS_HTTP_04__directive_whitespace_expand,hsts_header_not_honored_over_http,hsts_header_not_honored_over_http,deliver STS over secure transport,none,True,True
LF_HSTS_HTTP_05,hsts_header_not_honored_over_http,hsts_header_not_honored_over_http,deliver STS over secure transport,none,True,True
LF_HSTS_HTTP_05__header_name_casefold,hsts_header_not_honored_over_http,hsts_header_not_honored_over_http,deliver STS over secure transport,none,True,True
LF_HSTS_HTTP_05__header_order_reverse,hsts_header_not_honored_over_http,hsts_header_not_honored_over_http,deliver STS over secure transport,none,True,True
LF_HSTS_HTTP_05__directive_whitespace_expand,hsts_header_not_honored_over_http,hsts_header_not_honored_over_http,deliver STS over secure transport,none,True,True
LF_HSTS_HTTP_06,hsts_header_not_honored_over_http,hsts_header_not_honored_over_http,deliver STS over secure transport,none,True,True
LF_HSTS_HTTP_06__header_name_casefold,hsts_header_not_honored_over_http,hsts_header_not_honored_over_http,deliver STS over secure transport,none,True,True
LF_HSTS_HTTP_06__header_order_reverse,hsts_header_not_honored_over_http,hsts_header_not_honored_over_http,deliver STS over secure transport,none,True,True
LF_HSTS_HTTP_06__directive_whitespace_expand,hsts_header_not_honored_over_http,hsts_header_not_honored_over_http,deliver STS over secure transport,none,True,True
LF_HSTS_ZERO_01,hsts_policy_cleared_by_zero_max_age,hsts_policy_cleared_by_zero_max_age,replace zero max-age with a positive HSTS lifetime,none,True,True
LF_HSTS_ZERO_01__header_name_casefold,hsts_policy_cleared_by_zero_max_age,hsts_policy_cleared_by_zero_max_age,replace zero max-age with a positive HSTS lifetime,none,True,True
LF_HSTS_ZERO_01__header_order_reverse,hsts_policy_cleared_by_zero_max_age,hsts_policy_cleared_by_zero_max_age,replace zero max-age with a positive HSTS lifetime,none,True,True
LF_HSTS_ZERO_01__directive_whitespace_expand,hsts_policy_cleared_by_zero_max_age,hsts_policy_cleared_by_zero_max_age,replace zero max-age with a positive HSTS lifetime,none,True,True
LF_HSTS_ZERO_02,hsts_policy_cleared_by_zero_max_age,hsts_policy_cleared_by_zero_max_age,replace zero max-age with a positive HSTS lifetime,none,True,True
LF_HSTS_ZERO_02__header_name_casefold,hsts_policy_cleared_by_zero_max_age,hsts_policy_cleared_by_zero_max_age,replace zero max-age with a positive HSTS lifetime,none,True,True
LF_HSTS_ZERO_02__header_order_reverse,hsts_policy_cleared_by_zero_max_age,hsts_policy_cleared_by_zero_max_age,replace zero max-age with a positive HSTS lifetime,none,True,True
LF_HSTS_ZERO_02__directive_whitespace_expand,hsts_policy_cleared_by_zero_max_age,hsts_policy_cleared_by_zero_max_age,replace zero max-age with a positive HSTS lifetime,none,True,True
LF_HSTS_ZERO_03,hsts_policy_cleared_by_zero_max_age,hsts_policy_cleared_by_zero_max_age,replace zero max-age with a positive HSTS lifetime,none,True,True
LF_HSTS_ZERO_03__header_name_casefold,hsts_policy_cleared_by_zero_max_age,hsts_policy_cleared_by_zero_max_age,replace zero max-age with a positive HSTS lifetime,none,True,True
LF_HSTS_ZERO_03__header_order_reverse,hsts_policy_cleared_by_zero_max_age,hsts_policy_cleared_by_zero_max_age,replace zero max-age with a positive HSTS lifetime,none,True,True
LF_HSTS_ZERO_03__directive_whitespace_expand,hsts_policy_cleared_by_zero_max_age,hsts_policy_cleared_by_zero_max_age,replace zero max-age with a positive HSTS lifetime,none,True,True
LF_HSTS_ZERO_04,hsts_policy_cleared_by_zero_max_age,hsts_policy_cleared_by_zero_max_age,replace zero max-age with a positive HSTS lifetime,none,True,True
LF_HSTS_ZERO_04__header_name_casefold,hsts_policy_cleared_by_zero_max_age,hsts_policy_cleared_by_zero_max_age,replace zero max-age with a positive HSTS lifetime,none,True,True
LF_HSTS_ZERO_04__header_order_reverse,hsts_policy_cleared_by_zero_max_age,hsts_policy_cleared_by_zero_max_age,replace zero max-age with a positive HSTS lifetime,none,True,True
LF_HSTS_ZERO_04__directive_whitespace_expand,hsts_policy_cleared_by_zero_max_age,hsts_policy_cleared_by_zero_max_age,replace zero max-age with a positive HSTS lifetime,none,True,True
LF_HSTS_ZERO_05,hsts_policy_cleared_by_zero_max_age,hsts_policy_cleared_by_zero_max_age,replace zero max-age with a positive HSTS lifetime,none,True,True
LF_HSTS_ZERO_05__header_name_casefold,hsts_policy_cleared_by_zero_max_age,hsts_policy_cleared_by_zero_max_age,replace zero max-age with a positive HSTS lifetime,none,True,True
LF_HSTS_ZERO_05__header_order_reverse,hsts_policy_cleared_by_zero_max_age,hsts_policy_cleared_by_zero_max_age,replace zero max-age with a positive HSTS lifetime,none,True,True
LF_HSTS_ZERO_05__directive_whitespace_expand,hsts_policy_cleared_by_zero_max_age,hsts_policy_cleared_by_zero_max_age,replace zero max-age with a positive HSTS lifetime,none,True,True
LF_HSTS_ZERO_06,hsts_policy_cleared_by_zero_max_age,hsts_policy_cleared_by_zero_max_age,replace zero max-age with a positive HSTS lifetime,none,True,True
LF_HSTS_ZERO_06__header_name_casefold,hsts_policy_cleared_by_zero_max_age,hsts_policy_cleared_by_zero_max_age,replace zero max-age with a positive HSTS lifetime,none,True,True
LF_HSTS_ZERO_06__header_order_reverse,hsts_policy_cleared_by_zero_max_age,hsts_policy_cleared_by_zero_max_age,replace zero max-age with a positive HSTS lifetime,none,True,True
LF_HSTS_ZERO_06__directive_whitespace_expand,hsts_policy_cleared_by_zero_max_age,hsts_policy_cleared_by_zero_max_age,replace zero max-age with a positive HSTS lifetime,none,True,True
LF_COEP_01,coep_require_corp_blocks_cross_origin_resource,coep_require_corp_blocks_cross_origin_resource,opt the resource into cross-origin embedding with CORP cross-origin,none,True,True
LF_COEP_01__header_name_casefold,coep_require_corp_blocks_cross_origin_resource,coep_require_corp_blocks_cross_origin_resource,opt the resource into cross-origin embedding with CORP cross-origin,none,True,True
LF_COEP_01__header_order_reverse,coep_require_corp_blocks_cross_origin_resource,coep_require_corp_blocks_cross_origin_resource,opt the resource into cross-origin embedding with CORP cross-origin,none,True,True
LF_COEP_01__directive_whitespace_expand,coep_require_corp_blocks_cross_origin_resource,coep_require_corp_blocks_cross_origin_resource,opt the resource into cross-origin embedding with CORP cross-origin,none,True,True
LF_COEP_02,coep_require_corp_blocks_cross_origin_resource,coep_require_corp_blocks_cross_origin_resource,opt the resource into cross-origin embedding with CORP cross-origin,none,True,True
LF_COEP_02__header_name_casefold,coep_require_corp_blocks_cross_origin_resource,coep_require_corp_blocks_cross_origin_resource,opt the resource into cross-origin embedding with CORP cross-origin,none,True,True
LF_COEP_02__header_order_reverse,coep_require_corp_blocks_cross_origin_resource,coep_require_corp_blocks_cross_origin_resource,opt the resource into cross-origin embedding with CORP cross-origin,none,True,True
LF_COEP_02__directive_whitespace_expand,coep_require_corp_blocks_cross_origin_resource,coep_require_corp_blocks_cross_origin_resource,opt the resource into cross-origin embedding with CORP cross-origin,none,True,True
LF_COEP_03,coep_require_corp_blocks_cross_origin_resource,coep_require_corp_blocks_cross_origin_resource,opt the resource into cross-origin embedding with CORP cross-origin,none,True,True
LF_COEP_03__header_name_casefold,coep_require_corp_blocks_cross_origin_resource,coep_require_corp_blocks_cross_origin_resource,opt the resource into cross-origin embedding with CORP cross-origin,none,True,True
LF_COEP_03__header_order_reverse,coep_require_corp_blocks_cross_origin_resource,coep_require_corp_blocks_cross_origin_resource,opt the resource into cross-origin embedding with CORP cross-origin,none,True,True
LF_COEP_03__directive_whitespace_expand,coep_require_corp_blocks_cross_origin_resource,coep_require_corp_blocks_cross_origin_resource,opt the resource into cross-origin embedding with CORP cross-origin,none,True,True
LF_COEP_04,coep_require_corp_blocks_cross_origin_resource,coep_require_corp_blocks_cross_origin_resource,opt the resource into cross-origin embedding with CORP cross-origin,none,True,True
LF_COEP_04__header_name_casefold,coep_require_corp_blocks_cross_origin_resource,coep_require_corp_blocks_cross_origin_resource,opt the resource into cross-origin embedding with CORP cross-origin,none,True,True
LF_COEP_04__header_order_reverse,coep_require_corp_blocks_cross_origin_resource,coep_require_corp_blocks_cross_origin_resource,opt the resource into cross-origin embedding with CORP cross-origin,none,True,True
LF_COEP_04__directive_whitespace_expand,coep_require_corp_blocks_cross_origin_resource,coep_require_corp_blocks_cross_origin_resource,opt the resource into cross-origin embedding with CORP cross-origin,none,True,True
LF_COEP_05,coep_require_corp_blocks_cross_origin_resource,coep_require_corp_blocks_cross_origin_resource,opt the resource into cross-origin embedding with CORP cross-origin,none,True,True
LF_COEP_05__header_name_casefold,coep_require_corp_blocks_cross_origin_resource,coep_require_corp_blocks_cross_origin_resource,opt the resource into cross-origin embedding with CORP cross-origin,none,True,True
LF_COEP_05__header_order_reverse,coep_require_corp_blocks_cross_origin_resource,coep_require_corp_blocks_cross_origin_resource,opt the resource into cross-origin embedding with CORP cross-origin,none,True,True
LF_COEP_05__directive_whitespace_expand,coep_require_corp_blocks_cross_origin_resource,coep_require_corp_blocks_cross_origin_resource,opt the resource into cross-origin embedding with CORP cross-origin,none,True,True
LF_COEP_06,coep_require_corp_blocks_cross_origin_resource,coep_require_corp_blocks_cross_origin_resource,opt the resource into cross-origin embedding with CORP cross-origin,none,True,True
LF_COEP_06__header_name_casefold,coep_require_corp_blocks_cross_origin_resource,coep_require_corp_blocks_cross_origin_resource,opt the resource into cross-origin embedding with CORP cross-origin,none,True,True
LF_COEP_06__header_order_reverse,coep_require_corp_blocks_cross_origin_resource,coep_require_corp_blocks_cross_origin_resource,opt the resource into cross-origin embedding with CORP cross-origin,none,True,True
LF_COEP_06__directive_whitespace_expand,coep_require_corp_blocks_cross_origin_resource,coep_require_corp_blocks_cross_origin_resource,opt the resource into cross-origin embedding with CORP cross-origin,none,True,True
LF_COOP_ISO_01,cross_origin_isolation_incomplete,cross_origin_isolation_incomplete,jointly set COOP and COEP without disabling cross-origin-isolated,none,True,True
LF_COOP_ISO_01__header_name_casefold,cross_origin_isolation_incomplete,cross_origin_isolation_incomplete,jointly set COOP and COEP without disabling cross-origin-isolated,none,True,True
LF_COOP_ISO_01__header_order_reverse,cross_origin_isolation_incomplete,cross_origin_isolation_incomplete,jointly set COOP and COEP without disabling cross-origin-isolated,none,True,True
LF_COOP_ISO_01__directive_whitespace_expand,cross_origin_isolation_incomplete,cross_origin_isolation_incomplete,jointly set COOP and COEP without disabling cross-origin-isolated,none,True,True
LF_COOP_ISO_02,cross_origin_isolation_incomplete,cross_origin_isolation_incomplete,jointly set COOP and COEP without disabling cross-origin-isolated,none,True,True
LF_COOP_ISO_02__header_name_casefold,cross_origin_isolation_incomplete,cross_origin_isolation_incomplete,jointly set COOP and COEP without disabling cross-origin-isolated,none,True,True
LF_COOP_ISO_02__header_order_reverse,cross_origin_isolation_incomplete,cross_origin_isolation_incomplete,jointly set COOP and COEP without disabling cross-origin-isolated,none,True,True
LF_COOP_ISO_02__directive_whitespace_expand,cross_origin_isolation_incomplete,cross_origin_isolation_incomplete,jointly set COOP and COEP without disabling cross-origin-isolated,none,True,True
LF_COOP_ISO_03,cross_origin_isolation_incomplete,cross_origin_isolation_incomplete,jointly set COOP and COEP without disabling cross-origin-isolated,none,True,True
LF_COOP_ISO_03__header_name_casefold,cross_origin_isolation_incomplete,cross_origin_isolation_incomplete,jointly set COOP and COEP without disabling cross-origin-isolated,none,True,True
LF_COOP_ISO_03__header_order_reverse,cross_origin_isolation_incomplete,cross_origin_isolation_incomplete,jointly set COOP and COEP without disabling cross-origin-isolated,none,True,True
LF_COOP_ISO_03__directive_whitespace_expand,cross_origin_isolation_incomplete,cross_origin_isolation_incomplete,jointly set COOP and COEP without disabling cross-origin-isolated,none,True,True
LF_COOP_ISO_04,cross_origin_isolation_incomplete,cross_origin_isolation_incomplete,jointly set COOP and COEP without disabling cross-origin-isolated,none,True,True
LF_COOP_ISO_04__header_name_casefold,cross_origin_isolation_incomplete,cross_origin_isolation_incomplete,jointly set COOP and COEP without disabling cross-origin-isolated,none,True,True
LF_COOP_ISO_04__header_order_reverse,cross_origin_isolation_incomplete,cross_origin_isolation_incomplete,jointly set COOP and COEP without disabling cross-origin-isolated,none,True,True
LF_COOP_ISO_04__directive_whitespace_expand,cross_origin_isolation_incomplete,cross_origin_isolation_incomplete,jointly set COOP and COEP without disabling cross-origin-isolated,none,True,True
LF_COOP_ISO_05,cross_origin_isolation_incomplete,cross_origin_isolation_incomplete,jointly set COOP and COEP without disabling cross-origin-isolated,none,True,True
LF_COOP_ISO_05__header_name_casefold,cross_origin_isolation_incomplete,cross_origin_isolation_incomplete,jointly set COOP and COEP without disabling cross-origin-isolated,none,True,True
LF_COOP_ISO_05__header_order_reverse,cross_origin_isolation_incomplete,cross_origin_isolation_incomplete,jointly set COOP and COEP without disabling cross-origin-isolated,none,True,True
LF_COOP_ISO_05__directive_whitespace_expand,cross_origin_isolation_incomplete,cross_origin_isolation_incomplete,jointly set COOP and COEP without disabling cross-origin-isolated,none,True,True
LF_COOP_ISO_06,cross_origin_isolation_incomplete,cross_origin_isolation_incomplete,jointly set COOP and COEP without disabling cross-origin-isolated,none,True,True
LF_COOP_ISO_06__header_name_casefold,cross_origin_isolation_incomplete,cross_origin_isolation_incomplete,jointly set COOP and COEP without disabling cross-origin-isolated,none,True,True
LF_COOP_ISO_06__header_order_reverse,cross_origin_isolation_incomplete,cross_origin_isolation_incomplete,jointly set COOP and COEP without disabling cross-origin-isolated,none,True,True
LF_COOP_ISO_06__directive_whitespace_expand,cross_origin_isolation_incomplete,cross_origin_isolation_incomplete,jointly set COOP and COEP without disabling cross-origin-isolated,none,True,True
LF_PERM_DISABLED_01,permissions_policy_feature_disabled,permissions_policy_feature_disabled,remove the empty allowlist that disables the intended feature,none,True,True
LF_PERM_DISABLED_01__header_name_casefold,permissions_policy_feature_disabled,permissions_policy_feature_disabled,remove the empty allowlist that disables the intended feature,none,True,True
LF_PERM_DISABLED_01__header_order_reverse,permissions_policy_feature_disabled,permissions_policy_feature_disabled,remove the empty allowlist that disables the intended feature,none,True,True
LF_PERM_DISABLED_01__directive_whitespace_expand,permissions_policy_feature_disabled,permissions_policy_feature_disabled,remove the empty allowlist that disables the intended feature,none,True,True
LF_PERM_DISABLED_02,permissions_policy_feature_disabled,permissions_policy_feature_disabled,remove the empty allowlist that disables the intended feature,none,True,True
LF_PERM_DISABLED_02__header_name_casefold,permissions_policy_feature_disabled,permissions_policy_feature_disabled,remove the empty allowlist that disables the intended feature,none,True,True
LF_PERM_DISABLED_02__header_order_reverse,permissions_policy_feature_disabled,permissions_policy_feature_disabled,remove the empty allowlist that disables the intended feature,none,True,True
LF_PERM_DISABLED_02__directive_whitespace_expand,permissions_policy_feature_disabled,permissions_policy_feature_disabled,remove the empty allowlist that disables the intended feature,none,True,True
LF_PERM_DISABLED_03,permissions_policy_feature_disabled,permissions_policy_feature_disabled,remove the empty allowlist that disables the intended feature,none,True,True
LF_PERM_DISABLED_03__header_name_casefold,permissions_policy_feature_disabled,permissions_policy_feature_disabled,remove the empty allowlist that disables the intended feature,none,True,True
LF_PERM_DISABLED_03__header_order_reverse,permissions_policy_feature_disabled,permissions_policy_feature_disabled,remove the empty allowlist that disables the intended feature,none,True,True
LF_PERM_DISABLED_03__directive_whitespace_expand,permissions_policy_feature_disabled,permissions_policy_feature_disabled,remove the empty allowlist that disables the intended feature,none,True,True
LF_PERM_DISABLED_04,permissions_policy_feature_disabled,permissions_policy_feature_disabled,remove the empty allowlist that disables the intended feature,none,True,True
LF_PERM_DISABLED_04__header_name_casefold,permissions_policy_feature_disabled,permissions_policy_feature_disabled,remove the empty allowlist that disables the intended feature,none,True,True
LF_PERM_DISABLED_04__header_order_reverse,permissions_policy_feature_disabled,permissions_policy_feature_disabled,remove the empty allowlist that disables the intended feature,none,True,True
LF_PERM_DISABLED_04__directive_whitespace_expand,permissions_policy_feature_disabled,permissions_policy_feature_disabled,remove the empty allowlist that disables the intended feature,none,True,True
LF_PERM_DISABLED_05,permissions_policy_feature_disabled,permissions_policy_feature_disabled,remove the empty allowlist that disables the intended feature,none,True,True
LF_PERM_DISABLED_05__header_name_casefold,permissions_policy_feature_disabled,permissions_policy_feature_disabled,remove the empty allowlist that disables the intended feature,none,True,True
LF_PERM_DISABLED_05__header_order_reverse,permissions_policy_feature_disabled,permissions_policy_feature_disabled,remove the empty allowlist that disables the intended feature,none,True,True
LF_PERM_DISABLED_05__directive_whitespace_expand,permissions_policy_feature_disabled,permissions_policy_feature_disabled,remove the empty allowlist that disables the intended feature,none,True,True
LF_PERM_DISABLED_06,permissions_policy_feature_disabled,permissions_policy_feature_disabled,remove the empty allowlist that disables the intended feature,none,True,True
LF_PERM_DISABLED_06__header_name_casefold,permissions_policy_feature_disabled,permissions_policy_feature_disabled,remove the empty allowlist that disables the intended feature,none,True,True
LF_PERM_DISABLED_06__header_order_reverse,permissions_policy_feature_disabled,permissions_policy_feature_disabled,remove the empty allowlist that disables the intended feature,none,True,True
LF_PERM_DISABLED_06__directive_whitespace_expand,permissions_policy_feature_disabled,permissions_policy_feature_disabled,remove the empty allowlist that disables the intended feature,none,True,True
LF_CSP_COMPOSE_01,csp_conjunctive_policy_composition_blocks_required_script,csp_conjunctive_policy_composition_blocks_required_script,replace conflicting CSP layers with a single combined policy that admits the required script,none,True,True
LF_CSP_COMPOSE_01__header_name_casefold,csp_conjunctive_policy_composition_blocks_required_script,csp_conjunctive_policy_composition_blocks_required_script,replace conflicting CSP layers with a single combined policy that admits the required script,none,True,True
LF_CSP_COMPOSE_01__header_order_reverse,csp_conjunctive_policy_composition_blocks_required_script,csp_conjunctive_policy_composition_blocks_required_script,replace conflicting CSP layers with a single combined policy that admits the required script,none,True,True
LF_CSP_COMPOSE_01__directive_whitespace_expand,csp_conjunctive_policy_composition_blocks_required_script,csp_conjunctive_policy_composition_blocks_required_script,replace conflicting CSP layers with a single combined policy that admits the required script,none,True,True
LF_CSP_COMPOSE_02,csp_conjunctive_policy_composition_blocks_required_script,csp_conjunctive_policy_composition_blocks_required_script,replace conflicting CSP layers with a single combined policy that admits the required script,none,True,True
LF_CSP_COMPOSE_02__header_name_casefold,csp_conjunctive_policy_composition_blocks_required_script,csp_conjunctive_policy_composition_blocks_required_script,replace conflicting CSP layers with a single combined policy that admits the required script,none,True,True
LF_CSP_COMPOSE_02__header_order_reverse,csp_conjunctive_policy_composition_blocks_required_script,csp_conjunctive_policy_composition_blocks_required_script,replace conflicting CSP layers with a single combined policy that admits the required script,none,True,True
LF_CSP_COMPOSE_02__directive_whitespace_expand,csp_conjunctive_policy_composition_blocks_required_script,csp_conjunctive_policy_composition_blocks_required_script,replace conflicting CSP layers with a single combined policy that admits the required script,none,True,True
LF_CSP_COMPOSE_03,csp_conjunctive_policy_composition_blocks_required_script,csp_conjunctive_policy_composition_blocks_required_script,replace conflicting CSP layers with a single combined policy that admits the required script,none,True,True
LF_CSP_COMPOSE_03__header_name_casefold,csp_conjunctive_policy_composition_blocks_required_script,csp_conjunctive_policy_composition_blocks_required_script,replace conflicting CSP layers with a single combined policy that admits the required script,none,True,True
LF_CSP_COMPOSE_03__header_order_reverse,csp_conjunctive_policy_composition_blocks_required_script,csp_conjunctive_policy_composition_blocks_required_script,replace conflicting CSP layers with a single combined policy that admits the required script,none,True,True
LF_CSP_COMPOSE_03__directive_whitespace_expand,csp_conjunctive_policy_composition_blocks_required_script,csp_conjunctive_policy_composition_blocks_required_script,replace conflicting CSP layers with a single combined policy that admits the required script,none,True,True
LF_CSP_COMPOSE_04,csp_conjunctive_policy_composition_blocks_required_script,csp_conjunctive_policy_composition_blocks_required_script,replace conflicting CSP layers with a single combined policy that admits the required script,none,True,True
LF_CSP_COMPOSE_04__header_name_casefold,csp_conjunctive_policy_composition_blocks_required_script,csp_conjunctive_policy_composition_blocks_required_script,replace conflicting CSP layers with a single combined policy that admits the required script,none,True,True
LF_CSP_COMPOSE_04__header_order_reverse,csp_conjunctive_policy_composition_blocks_required_script,csp_conjunctive_policy_composition_blocks_required_script,replace conflicting CSP layers with a single combined policy that admits the required script,none,True,True
LF_CSP_COMPOSE_04__directive_whitespace_expand,csp_conjunctive_policy_composition_blocks_required_script,csp_conjunctive_policy_composition_blocks_required_script,replace conflicting CSP layers with a single combined policy that admits the required script,none,True,True
LF_CSP_COMPOSE_05,csp_conjunctive_policy_composition_blocks_required_script,csp_conjunctive_policy_composition_blocks_required_script,replace conflicting CSP layers with a single combined policy that admits the required script,none,True,True
LF_CSP_COMPOSE_05__header_name_casefold,csp_conjunctive_policy_composition_blocks_required_script,csp_conjunctive_policy_composition_blocks_required_script,replace conflicting CSP layers with a single combined policy that admits the required script,none,True,True
LF_CSP_COMPOSE_05__header_order_reverse,csp_conjunctive_policy_composition_blocks_required_script,csp_conjunctive_policy_composition_blocks_required_script,replace conflicting CSP layers with a single combined policy that admits the required script,none,True,True
LF_CSP_COMPOSE_05__directive_whitespace_expand,csp_conjunctive_policy_composition_blocks_required_script,csp_conjunctive_policy_composition_blocks_required_script,replace conflicting CSP layers with a single combined policy that admits the required script,none,True,True
LF_CSP_COMPOSE_06,csp_conjunctive_policy_composition_blocks_required_script,csp_conjunctive_policy_composition_blocks_required_script,replace conflicting CSP layers with a single combined policy that admits the required script,none,True,True
LF_CSP_COMPOSE_06__header_name_casefold,csp_conjunctive_policy_composition_blocks_required_script,csp_conjunctive_policy_composition_blocks_required_script,replace conflicting CSP layers with a single combined policy that admits the required script,none,True,True
LF_CSP_COMPOSE_06__header_order_reverse,csp_conjunctive_policy_composition_blocks_required_script,csp_conjunctive_policy_composition_blocks_required_script,replace conflicting CSP layers with a single combined policy that admits the required script,none,True,True
LF_CSP_COMPOSE_06__directive_whitespace_expand,csp_conjunctive_policy_composition_blocks_required_script,csp_conjunctive_policy_composition_blocks_required_script,replace conflicting CSP layers with a single combined policy that admits the required script,none,True,True
LF_CSP_COMPOSE_07,csp_conjunctive_policy_composition_blocks_required_script,csp_conjunctive_policy_composition_blocks_required_script,replace conflicting CSP layers with a single combined policy that admits the required script,none,True,True
LF_CSP_COMPOSE_07__header_name_casefold,csp_conjunctive_policy_composition_blocks_required_script,csp_conjunctive_policy_composition_blocks_required_script,replace conflicting CSP layers with a single combined policy that admits the required script,none,True,True
LF_CSP_COMPOSE_07__header_order_reverse,csp_conjunctive_policy_composition_blocks_required_script,csp_conjunctive_policy_composition_blocks_required_script,replace conflicting CSP layers with a single combined policy that admits the required script,none,True,True
LF_CSP_COMPOSE_07__directive_whitespace_expand,csp_conjunctive_policy_composition_blocks_required_script,csp_conjunctive_policy_composition_blocks_required_script,replace conflicting CSP layers with a single combined policy that admits the required script,none,True,True
LF_CSP_COMPOSE_08,csp_conjunctive_policy_composition_blocks_required_script,csp_conjunctive_policy_composition_blocks_required_script,replace conflicting CSP layers with a single combined policy that admits the required script,none,True,True
LF_CSP_COMPOSE_08__header_name_casefold,csp_conjunctive_policy_composition_blocks_required_script,csp_conjunctive_policy_composition_blocks_required_script,replace conflicting CSP layers with a single combined policy that admits the required script,none,True,True
LF_CSP_COMPOSE_08__header_order_reverse,csp_conjunctive_policy_composition_blocks_required_script,csp_conjunctive_policy_composition_blocks_required_script,replace conflicting CSP layers with a single combined policy that admits the required script,none,True,True
LF_CSP_COMPOSE_08__directive_whitespace_expand,csp_conjunctive_policy_composition_blocks_required_script,csp_conjunctive_policy_composition_blocks_required_script,replace conflicting CSP layers with a single combined policy that admits the required script,none,True,True
LF_LAYER_DROP_01,layered_header_override_drops_enforcement,layered_header_override_drops_enforcement,restore an enforced CSP in the release composed layer,none,True,True
LF_LAYER_DROP_01__header_name_casefold,layered_header_override_drops_enforcement,layered_header_override_drops_enforcement,restore an enforced CSP in the release composed layer,none,True,True
LF_LAYER_DROP_01__header_order_reverse,layered_header_override_drops_enforcement,layered_header_override_drops_enforcement,restore an enforced CSP in the release composed layer,none,True,True
LF_LAYER_DROP_01__directive_whitespace_expand,layered_header_override_drops_enforcement,layered_header_override_drops_enforcement,restore an enforced CSP in the release composed layer,none,True,True
LF_LAYER_DROP_02,layered_header_override_drops_enforcement,layered_header_override_drops_enforcement,restore an enforced CSP in the release composed layer,none,True,True
LF_LAYER_DROP_02__header_name_casefold,layered_header_override_drops_enforcement,layered_header_override_drops_enforcement,restore an enforced CSP in the release composed layer,none,True,True
LF_LAYER_DROP_02__header_order_reverse,layered_header_override_drops_enforcement,layered_header_override_drops_enforcement,restore an enforced CSP in the release composed layer,none,True,True
LF_LAYER_DROP_02__directive_whitespace_expand,layered_header_override_drops_enforcement,layered_header_override_drops_enforcement,restore an enforced CSP in the release composed layer,none,True,True
LF_LAYER_DROP_03,layered_header_override_drops_enforcement,layered_header_override_drops_enforcement,restore an enforced CSP in the release composed layer,none,True,True
LF_LAYER_DROP_03__header_name_casefold,layered_header_override_drops_enforcement,layered_header_override_drops_enforcement,restore an enforced CSP in the release composed layer,none,True,True
LF_LAYER_DROP_03__header_order_reverse,layered_header_override_drops_enforcement,layered_header_override_drops_enforcement,restore an enforced CSP in the release composed layer,none,True,True
LF_LAYER_DROP_03__directive_whitespace_expand,layered_header_override_drops_enforcement,layered_header_override_drops_enforcement,restore an enforced CSP in the release composed layer,none,True,True
LF_LAYER_DROP_04,layered_header_override_drops_enforcement,layered_header_override_drops_enforcement,restore an enforced CSP in the release composed layer,none,True,True
LF_LAYER_DROP_04__header_name_casefold,layered_header_override_drops_enforcement,layered_header_override_drops_enforcement,restore an enforced CSP in the release composed layer,none,True,True
LF_LAYER_DROP_04__header_order_reverse,layered_header_override_drops_enforcement,layered_header_override_drops_enforcement,restore an enforced CSP in the release composed layer,none,True,True
LF_LAYER_DROP_04__directive_whitespace_expand,layered_header_override_drops_enforcement,layered_header_override_drops_enforcement,restore an enforced CSP in the release composed layer,none,True,True
LF_LAYER_DROP_05,layered_header_override_drops_enforcement,layered_header_override_drops_enforcement,restore an enforced CSP in the release composed layer,none,True,True
LF_LAYER_DROP_05__header_name_casefold,layered_header_override_drops_enforcement,layered_header_override_drops_enforcement,restore an enforced CSP in the release composed layer,none,True,True
LF_LAYER_DROP_05__header_order_reverse,layered_header_override_drops_enforcement,layered_header_override_drops_enforcement,restore an enforced CSP in the release composed layer,none,True,True
LF_LAYER_DROP_05__directive_whitespace_expand,layered_header_override_drops_enforcement,layered_header_override_drops_enforcement,restore an enforced CSP in the release composed layer,none,True,True
LF_LAYER_DROP_06,layered_header_override_drops_enforcement,layered_header_override_drops_enforcement,restore an enforced CSP in the release composed layer,none,True,True
LF_LAYER_DROP_06__header_name_casefold,layered_header_override_drops_enforcement,layered_header_override_drops_enforcement,restore an enforced CSP in the release composed layer,none,True,True
LF_LAYER_DROP_06__header_order_reverse,layered_header_override_drops_enforcement,layered_header_override_drops_enforcement,restore an enforced CSP in the release composed layer,none,True,True
LF_LAYER_DROP_06__directive_whitespace_expand,layered_header_override_drops_enforcement,layered_header_override_drops_enforcement,restore an enforced CSP in the release composed layer,none,True,True
LF_CORS_VARY_01,cors_dynamic_origin_missing_vary,cors_dynamic_origin_missing_vary,add Vary: Origin to cache-partition dynamic ACAO responses,none,True,True
LF_CORS_VARY_01__header_name_casefold,cors_dynamic_origin_missing_vary,cors_dynamic_origin_missing_vary,add Vary: Origin to cache-partition dynamic ACAO responses,none,True,True
LF_CORS_VARY_01__header_order_reverse,cors_dynamic_origin_missing_vary,cors_dynamic_origin_missing_vary,add Vary: Origin to cache-partition dynamic ACAO responses,none,True,True
LF_CORS_VARY_01__directive_whitespace_expand,cors_dynamic_origin_missing_vary,cors_dynamic_origin_missing_vary,add Vary: Origin to cache-partition dynamic ACAO responses,none,True,True
LF_CORS_VARY_02,cors_dynamic_origin_missing_vary,cors_dynamic_origin_missing_vary,add Vary: Origin to cache-partition dynamic ACAO responses,none,True,True
LF_CORS_VARY_02__header_name_casefold,cors_dynamic_origin_missing_vary,cors_dynamic_origin_missing_vary,add Vary: Origin to cache-partition dynamic ACAO responses,none,True,True
LF_CORS_VARY_02__header_order_reverse,cors_dynamic_origin_missing_vary,cors_dynamic_origin_missing_vary,add Vary: Origin to cache-partition dynamic ACAO responses,none,True,True
LF_CORS_VARY_02__directive_whitespace_expand,cors_dynamic_origin_missing_vary,cors_dynamic_origin_missing_vary,add Vary: Origin to cache-partition dynamic ACAO responses,none,True,True
LF_CORS_VARY_03,cors_dynamic_origin_missing_vary,cors_dynamic_origin_missing_vary,add Vary: Origin to cache-partition dynamic ACAO responses,none,True,True
LF_CORS_VARY_03__header_name_casefold,cors_dynamic_origin_missing_vary,cors_dynamic_origin_missing_vary,add Vary: Origin to cache-partition dynamic ACAO responses,none,True,True
LF_CORS_VARY_03__header_order_reverse,cors_dynamic_origin_missing_vary,cors_dynamic_origin_missing_vary,add Vary: Origin to cache-partition dynamic ACAO responses,none,True,True
LF_CORS_VARY_03__directive_whitespace_expand,cors_dynamic_origin_missing_vary,cors_dynamic_origin_missing_vary,add Vary: Origin to cache-partition dynamic ACAO responses,none,True,True
LF_CORS_VARY_04,cors_dynamic_origin_missing_vary,cors_dynamic_origin_missing_vary,add Vary: Origin to cache-partition dynamic ACAO responses,none,True,True
LF_CORS_VARY_04__header_name_casefold,cors_dynamic_origin_missing_vary,cors_dynamic_origin_missing_vary,add Vary: Origin to cache-partition dynamic ACAO responses,none,True,True
LF_CORS_VARY_04__header_order_reverse,cors_dynamic_origin_missing_vary,cors_dynamic_origin_missing_vary,add Vary: Origin to cache-partition dynamic ACAO responses,none,True,True
LF_CORS_VARY_04__directive_whitespace_expand,cors_dynamic_origin_missing_vary,cors_dynamic_origin_missing_vary,add Vary: Origin to cache-partition dynamic ACAO responses,none,True,True
LF_CORS_VARY_05,cors_dynamic_origin_missing_vary,cors_dynamic_origin_missing_vary,add Vary: Origin to cache-partition dynamic ACAO responses,none,True,True
LF_CORS_VARY_05__header_name_casefold,cors_dynamic_origin_missing_vary,cors_dynamic_origin_missing_vary,add Vary: Origin to cache-partition dynamic ACAO responses,none,True,True
LF_CORS_VARY_05__header_order_reverse,cors_dynamic_origin_missing_vary,cors_dynamic_origin_missing_vary,add Vary: Origin to cache-partition dynamic ACAO responses,none,True,True
LF_CORS_VARY_05__directive_whitespace_expand,cors_dynamic_origin_missing_vary,cors_dynamic_origin_missing_vary,add Vary: Origin to cache-partition dynamic ACAO responses,none,True,True
LF_CORS_VARY_06,cors_dynamic_origin_missing_vary,cors_dynamic_origin_missing_vary,add Vary: Origin to cache-partition dynamic ACAO responses,none,True,True
LF_CORS_VARY_06__header_name_casefold,cors_dynamic_origin_missing_vary,cors_dynamic_origin_missing_vary,add Vary: Origin to cache-partition dynamic ACAO responses,none,True,True
LF_CORS_VARY_06__header_order_reverse,cors_dynamic_origin_missing_vary,cors_dynamic_origin_missing_vary,add Vary: Origin to cache-partition dynamic ACAO responses,none,True,True
LF_CORS_VARY_06__directive_whitespace_expand,cors_dynamic_origin_missing_vary,cors_dynamic_origin_missing_vary,add Vary: Origin to cache-partition dynamic ACAO responses,none,True,True
LF_HSTS_SUBDOMAIN_01,hsts_subdomain_scope_not_covered,hsts_subdomain_scope_not_covered,add includeSubDomains for a subdomain-scoped HSTS intent,none,True,True
LF_HSTS_SUBDOMAIN_01__header_name_casefold,hsts_subdomain_scope_not_covered,hsts_subdomain_scope_not_covered,add includeSubDomains for a subdomain-scoped HSTS intent,none,True,True
LF_HSTS_SUBDOMAIN_01__header_order_reverse,hsts_subdomain_scope_not_covered,hsts_subdomain_scope_not_covered,add includeSubDomains for a subdomain-scoped HSTS intent,none,True,True
LF_HSTS_SUBDOMAIN_01__directive_whitespace_expand,hsts_subdomain_scope_not_covered,hsts_subdomain_scope_not_covered,add includeSubDomains for a subdomain-scoped HSTS intent,none,True,True
LF_HSTS_SUBDOMAIN_02,hsts_subdomain_scope_not_covered,hsts_subdomain_scope_not_covered,add includeSubDomains for a subdomain-scoped HSTS intent,none,True,True
LF_HSTS_SUBDOMAIN_02__header_name_casefold,hsts_subdomain_scope_not_covered,hsts_subdomain_scope_not_covered,add includeSubDomains for a subdomain-scoped HSTS intent,none,True,True
LF_HSTS_SUBDOMAIN_02__header_order_reverse,hsts_subdomain_scope_not_covered,hsts_subdomain_scope_not_covered,add includeSubDomains for a subdomain-scoped HSTS intent,none,True,True
LF_HSTS_SUBDOMAIN_02__directive_whitespace_expand,hsts_subdomain_scope_not_covered,hsts_subdomain_scope_not_covered,add includeSubDomains for a subdomain-scoped HSTS intent,none,True,True
LF_HSTS_SUBDOMAIN_03,hsts_subdomain_scope_not_covered,hsts_subdomain_scope_not_covered,add includeSubDomains for a subdomain-scoped HSTS intent,none,True,True
LF_HSTS_SUBDOMAIN_03__header_name_casefold,hsts_subdomain_scope_not_covered,hsts_subdomain_scope_not_covered,add includeSubDomains for a subdomain-scoped HSTS intent,none,True,True
LF_HSTS_SUBDOMAIN_03__header_order_reverse,hsts_subdomain_scope_not_covered,hsts_subdomain_scope_not_covered,add includeSubDomains for a subdomain-scoped HSTS intent,none,True,True
LF_HSTS_SUBDOMAIN_03__directive_whitespace_expand,hsts_subdomain_scope_not_covered,hsts_subdomain_scope_not_covered,add includeSubDomains for a subdomain-scoped HSTS intent,none,True,True
LF_HSTS_SUBDOMAIN_04,hsts_subdomain_scope_not_covered,hsts_subdomain_scope_not_covered,add includeSubDomains for a subdomain-scoped HSTS intent,none,True,True
LF_HSTS_SUBDOMAIN_04__header_name_casefold,hsts_subdomain_scope_not_covered,hsts_subdomain_scope_not_covered,add includeSubDomains for a subdomain-scoped HSTS intent,none,True,True
LF_HSTS_SUBDOMAIN_04__header_order_reverse,hsts_subdomain_scope_not_covered,hsts_subdomain_scope_not_covered,add includeSubDomains for a subdomain-scoped HSTS intent,none,True,True
LF_HSTS_SUBDOMAIN_04__directive_whitespace_expand,hsts_subdomain_scope_not_covered,hsts_subdomain_scope_not_covered,add includeSubDomains for a subdomain-scoped HSTS intent,none,True,True
LF_HSTS_SUBDOMAIN_05,hsts_subdomain_scope_not_covered,hsts_subdomain_scope_not_covered,add includeSubDomains for a subdomain-scoped HSTS intent,none,True,True
LF_HSTS_SUBDOMAIN_05__header_name_casefold,hsts_subdomain_scope_not_covered,hsts_subdomain_scope_not_covered,add includeSubDomains for a subdomain-scoped HSTS intent,none,True,True
LF_HSTS_SUBDOMAIN_05__header_order_reverse,hsts_subdomain_scope_not_covered,hsts_subdomain_scope_not_covered,add includeSubDomains for a subdomain-scoped HSTS intent,none,True,True
LF_HSTS_SUBDOMAIN_05__directive_whitespace_expand,hsts_subdomain_scope_not_covered,hsts_subdomain_scope_not_covered,add includeSubDomains for a subdomain-scoped HSTS intent,none,True,True
LF_HSTS_SUBDOMAIN_06,hsts_subdomain_scope_not_covered,hsts_subdomain_scope_not_covered,add includeSubDomains for a subdomain-scoped HSTS intent,none,True,True
LF_HSTS_SUBDOMAIN_06__header_name_casefold,hsts_subdomain_scope_not_covered,hsts_subdomain_scope_not_covered,add includeSubDomains for a subdomain-scoped HSTS intent,none,True,True
LF_HSTS_SUBDOMAIN_06__header_order_reverse,hsts_subdomain_scope_not_covered,hsts_subdomain_scope_not_covered,add includeSubDomains for a subdomain-scoped HSTS intent,none,True,True
LF_HSTS_SUBDOMAIN_06__directive_whitespace_expand,hsts_subdomain_scope_not_covered,hsts_subdomain_scope_not_covered,add includeSubDomains for a subdomain-scoped HSTS intent,none,True,True
AM1_CSP_MULTI_OVERBLOCK_01,csp_multiple_policy_overblocks_trusted_script,csp_multiple_policy_overblocks_trusted_script,make all enforced CSP policies allow the declared trusted script edge,none,True,True
AM1_CSP_MULTI_OVERBLOCK_02,csp_multiple_policy_overblocks_trusted_script,csp_multiple_policy_overblocks_trusted_script,make all enforced CSP policies allow the declared trusted script edge,none,True,True
AM1_CSP_MULTI_OVERBLOCK_03,csp_multiple_policy_overblocks_trusted_script,csp_multiple_policy_overblocks_trusted_script,make all enforced CSP policies allow the declared trusted script edge,none,True,True
AM1_CSP_MULTI_OVERBLOCK_04,csp_multiple_policy_overblocks_trusted_script,csp_multiple_policy_overblocks_trusted_script,make all enforced CSP policies allow the declared trusted script edge,none,True,True
AM1_CSP_MULTI_OVERBLOCK_05,csp_multiple_policy_overblocks_trusted_script,csp_multiple_policy_overblocks_trusted_script,make all enforced CSP policies allow the declared trusted script edge,none,True,True
AM1_CSP_MULTI_OVERBLOCK_06,csp_multiple_policy_overblocks_trusted_script,csp_multiple_policy_overblocks_trusted_script,make all enforced CSP policies allow the declared trusted script edge,none,True,True
AM1_CSP_FRAME_RO_01,csp_frame_ancestors_report_only_not_enforced,csp_frame_ancestors_report_only_not_enforced,deliver frame-ancestors through an enforcing CSP header,none,True,True
AM1_CSP_FRAME_RO_02,csp_frame_ancestors_report_only_not_enforced,csp_frame_ancestors_report_only_not_enforced,deliver frame-ancestors through an enforcing CSP header,none,True,True
AM1_CSP_FRAME_RO_03,csp_frame_ancestors_report_only_not_enforced,csp_frame_ancestors_report_only_not_enforced,deliver frame-ancestors through an enforcing CSP header,none,True,True
AM1_CSP_FRAME_RO_04,csp_frame_ancestors_report_only_not_enforced,csp_frame_ancestors_report_only_not_enforced,deliver frame-ancestors through an enforcing CSP header,none,True,True
AM1_CSP_FRAME_RO_05,csp_frame_ancestors_report_only_not_enforced,csp_frame_ancestors_report_only_not_enforced,deliver frame-ancestors through an enforcing CSP header,none,True,True
AM1_CSP_FRAME_RO_06,csp_frame_ancestors_report_only_not_enforced,csp_frame_ancestors_report_only_not_enforced,deliver frame-ancestors through an enforcing CSP header,none,True,True
AM1_CSP_FRAME_META_01,csp_frame_ancestors_meta_delivery_unsupported,csp_frame_ancestors_meta_delivery_unsupported,move frame-ancestors from meta-style delivery to enforcing header delivery,none,True,True
AM1_CSP_FRAME_META_02,csp_frame_ancestors_meta_delivery_unsupported,csp_frame_ancestors_meta_delivery_unsupported,move frame-ancestors from meta-style delivery to enforcing header delivery,none,True,True
AM1_CSP_FRAME_META_03,csp_frame_ancestors_meta_delivery_unsupported,csp_frame_ancestors_meta_delivery_unsupported,move frame-ancestors from meta-style delivery to enforcing header delivery,none,True,True
AM1_CSP_FRAME_META_04,csp_frame_ancestors_meta_delivery_unsupported,csp_frame_ancestors_meta_delivery_unsupported,move frame-ancestors from meta-style delivery to enforcing header delivery,none,True,True
AM1_CSP_FRAME_META_05,csp_frame_ancestors_meta_delivery_unsupported,csp_frame_ancestors_meta_delivery_unsupported,move frame-ancestors from meta-style delivery to enforcing header delivery,none,True,True
AM1_CSP_FRAME_META_06,csp_frame_ancestors_meta_delivery_unsupported,csp_frame_ancestors_meta_delivery_unsupported,move frame-ancestors from meta-style delivery to enforcing header delivery,none,True,True
AM1_CORS_DUP_ACAO_01,cors_duplicate_acao_not_shareable,cors_duplicate_acao_not_shareable,emit a single serialized request origin and exact ACAC true for credentialed CORS,none,True,True
AM1_CORS_DUP_ACAO_02,cors_duplicate_acao_not_shareable,cors_duplicate_acao_not_shareable,emit a single serialized request origin and exact ACAC true for credentialed CORS,none,True,True
AM1_CORS_DUP_ACAO_03,cors_duplicate_acao_not_shareable,cors_duplicate_acao_not_shareable,emit a single serialized request origin and exact ACAC true for credentialed CORS,none,True,True
AM1_CORS_DUP_ACAO_04,cors_duplicate_acao_not_shareable,cors_duplicate_acao_not_shareable,emit a single serialized request origin and exact ACAC true for credentialed CORS,none,True,True
AM1_CORS_DUP_ACAO_05,cors_duplicate_acao_not_shareable,cors_duplicate_acao_not_shareable,emit a single serialized request origin and exact ACAC true for credentialed CORS,none,True,True
AM1_CORS_DUP_ACAO_06,cors_duplicate_acao_not_shareable,cors_duplicate_acao_not_shareable,emit a single serialized request origin and exact ACAC true for credentialed CORS,none,True,True
AM1_CORS_ACAC_CASE_01,cors_acac_case_sensitive_not_shareable,cors_acac_case_sensitive_not_shareable,emit a single serialized request origin and exact ACAC true for credentialed CORS,none,True,True
AM1_CORS_ACAC_CASE_02,cors_acac_case_sensitive_not_shareable,cors_acac_case_sensitive_not_shareable,emit a single serialized request origin and exact ACAC true for credentialed CORS,none,True,True
AM1_CORS_ACAC_CASE_03,cors_acac_case_sensitive_not_shareable,cors_acac_case_sensitive_not_shareable,emit a single serialized request origin and exact ACAC true for credentialed CORS,none,True,True
AM1_CORS_ACAC_CASE_04,cors_acac_case_sensitive_not_shareable,cors_acac_case_sensitive_not_shareable,emit a single serialized request origin and exact ACAC true for credentialed CORS,none,True,True
AM1_CORS_ACAC_CASE_05,cors_acac_case_sensitive_not_shareable,cors_acac_case_sensitive_not_shareable,emit a single serialized request origin and exact ACAC true for credentialed CORS,none,True,True
AM1_CORS_ACAC_CASE_06,cors_acac_case_sensitive_not_shareable,cors_acac_case_sensitive_not_shareable,emit a single serialized request origin and exact ACAC true for credentialed CORS,none,True,True
AM1_CORS_VARY_01,cors_dynamic_origin_without_vary,cors_dynamic_origin_without_vary,add Vary: Origin to cache-partition dynamic ACAO responses,none,True,True
AM1_CORS_VARY_02,cors_dynamic_origin_without_vary,cors_dynamic_origin_without_vary,add Vary: Origin to cache-partition dynamic ACAO responses,none,True,True
AM1_CORS_VARY_03,cors_dynamic_origin_without_vary,cors_dynamic_origin_without_vary,add Vary: Origin to cache-partition dynamic ACAO responses,none,True,True
AM1_CORS_VARY_04,cors_dynamic_origin_without_vary,cors_dynamic_origin_without_vary,add Vary: Origin to cache-partition dynamic ACAO responses,none,True,True
AM1_CORS_VARY_05,cors_dynamic_origin_without_vary,cors_dynamic_origin_without_vary,add Vary: Origin to cache-partition dynamic ACAO responses,none,True,True
AM1_CORS_VARY_06,cors_dynamic_origin_without_vary,cors_dynamic_origin_without_vary,add Vary: Origin to cache-partition dynamic ACAO responses,none,True,True
AM1_HSTS_INVALID_01,hsts_invalid_max_age_ignored,hsts_invalid_max_age_ignored,replace invalid max-age with a numeric lifetime,none,True,True
AM1_HSTS_INVALID_02,hsts_invalid_max_age_ignored,hsts_invalid_max_age_ignored,replace invalid max-age with a numeric lifetime,none,True,True
AM1_HSTS_INVALID_03,hsts_invalid_max_age_ignored,hsts_invalid_max_age_ignored,replace invalid max-age with a numeric lifetime,none,True,True
AM1_HSTS_INVALID_04,hsts_invalid_max_age_ignored,hsts_invalid_max_age_ignored,replace invalid max-age with a numeric lifetime,none,True,True
AM1_HSTS_INVALID_05,hsts_invalid_max_age_ignored,hsts_invalid_max_age_ignored,replace invalid max-age with a numeric lifetime,none,True,True
AM1_HSTS_INVALID_06,hsts_invalid_max_age_ignored,hsts_invalid_max_age_ignored,replace invalid max-age with a numeric lifetime,none,True,True
AM1_HSTS_SUBDOMAIN_01,hsts_missing_include_subdomains,hsts_missing_include_subdomains,add includeSubDomains for a subdomain-scoped HSTS intent,none,True,True
AM1_HSTS_SUBDOMAIN_02,hsts_missing_include_subdomains,hsts_missing_include_subdomains,add includeSubDomains for a subdomain-scoped HSTS intent,none,True,True
AM1_HSTS_SUBDOMAIN_03,hsts_missing_include_subdomains,hsts_missing_include_subdomains,add includeSubDomains for a subdomain-scoped HSTS intent,none,True,True
AM1_HSTS_SUBDOMAIN_04,hsts_missing_include_subdomains,hsts_missing_include_subdomains,add includeSubDomains for a subdomain-scoped HSTS intent,none,True,True
AM1_HSTS_SUBDOMAIN_05,hsts_missing_include_subdomains,hsts_missing_include_subdomains,add includeSubDomains for a subdomain-scoped HSTS intent,none,True,True
AM1_HSTS_SUBDOMAIN_06,hsts_missing_include_subdomains,hsts_missing_include_subdomains,add includeSubDomains for a subdomain-scoped HSTS intent,none,True,True
AM1_HSTS_PRELOAD_01,hsts_preload_criteria_not_met,hsts_preload_criteria_not_met,satisfy the documented preload-oriented header criterion,none,True,True
AM1_HSTS_PRELOAD_02,hsts_preload_criteria_not_met,hsts_preload_criteria_not_met,satisfy the documented preload-oriented header criterion,none,True,True
AM1_HSTS_PRELOAD_03,hsts_preload_criteria_not_met,hsts_preload_criteria_not_met,satisfy the documented preload-oriented header criterion,none,True,True
AM1_HSTS_PRELOAD_04,hsts_preload_criteria_not_met,hsts_preload_criteria_not_met,satisfy the documented preload-oriented header criterion,none,True,True
AM1_HSTS_PRELOAD_05,hsts_preload_criteria_not_met,hsts_preload_criteria_not_met,satisfy the documented preload-oriented header criterion,none,True,True
AM1_HSTS_PRELOAD_06,hsts_preload_criteria_not_met,hsts_preload_criteria_not_met,satisfy the documented preload-oriented header criterion,none,True,True
AM1_CORP_SAMESITE_01,corp_same_site_allows_cross_origin_same_site,corp_same_site_allows_cross_origin_same_site,tighten CORP from same-site to same-origin,none,True,True
AM1_CORP_SAMESITE_02,corp_same_site_allows_cross_origin_same_site,corp_same_site_allows_cross_origin_same_site,tighten CORP from same-site to same-origin,none,True,True
AM1_CORP_SAMESITE_03,corp_same_site_allows_cross_origin_same_site,corp_same_site_allows_cross_origin_same_site,tighten CORP from same-site to same-origin,none,True,True
AM1_CORP_SAMESITE_04,corp_same_site_allows_cross_origin_same_site,corp_same_site_allows_cross_origin_same_site,tighten CORP from same-site to same-origin,none,True,True
AM1_CORP_SAMESITE_05,corp_same_site_allows_cross_origin_same_site,corp_same_site_allows_cross_origin_same_site,tighten CORP from same-site to same-origin,none,True,True
AM1_CORP_SAMESITE_06,corp_same_site_allows_cross_origin_same_site,corp_same_site_allows_cross_origin_same_site,tighten CORP from same-site to same-origin,none,True,True
AM1_PERM_OVERALLOW_01,permissions_policy_feature_overallowed,permissions_policy_feature_overallowed,replace wildcard allowlist with an empty allowlist for the denied feature,none,True,True
AM1_PERM_OVERALLOW_02,permissions_policy_feature_overallowed,permissions_policy_feature_overallowed,replace wildcard allowlist with an empty allowlist for the denied feature,none,True,True
AM1_PERM_OVERALLOW_03,permissions_policy_feature_overallowed,permissions_policy_feature_overallowed,replace wildcard allowlist with an empty allowlist for the denied feature,none,True,True
AM1_PERM_OVERALLOW_04,permissions_policy_feature_overallowed,permissions_policy_feature_overallowed,replace wildcard allowlist with an empty allowlist for the denied feature,none,True,True
AM1_PERM_OVERALLOW_05,permissions_policy_feature_overallowed,permissions_policy_feature_overallowed,replace wildcard allowlist with an empty allowlist for the denied feature,none,True,True
AM1_PERM_OVERALLOW_06,permissions_policy_feature_overallowed,permissions_policy_feature_overallowed,replace wildcard allowlist with an empty allowlist for the denied feature,none,True,True
